branch_id,day,metric,p10,p50,p90,mean,standard_deviation
control,0,life_satisfaction,0.5103545770599628,0.5103545770599628,0.5103545770599628,0.5103545770599628,0.0
control,0,government_trust,0.6682615245131996,0.6682615245131996,0.6682615245131996,0.6682615245131996,0.0
control,0,economic_confidence,0.5759828994374739,0.5764833875307158,0.5769860767897275,0.5764976379827953,0.0003768864047516713
control,0,consumption_index,0.6663902683408442,0.6665554028466697,0.666667855585873,0.6665481133195554,0.00011088078360404563
control,0,employment_rate,0.9331979986894058,0.9331979986894058,0.9331979986894058,0.9331979986894058,0.0
control,0,congestion_index,0.8000000000000002,0.8000000000000002,0.8000000000000002,0.8000000000000002,0.0
control,0,health_system_load,0.65,0.65,0.65,0.65,0.0
control,0,rumor_belief,0.13914500403892519,0.14005870516812735,0.14088480508281875,0.13997046889726802,0.0007061259557470547
control,0,stress,0.38359994443479006,0.38387967780121146,0.3840472733036035,0.3838419745076226,0.00019033547173930105
control,0,commute_minutes,23.75918456418818,23.75918456418818,23.75918456418818,23.75918456418818,0.0
control,0,organization_vitality,0.8188504501514056,0.8199462369390556,0.8213029344590558,0.8201119785202848,0.0010210328193908968
control,0,public_service_reliability,0.8391770682109375,0.8399226591678712,0.8407842180083043,0.8400204890842555,0.0007596799555341082
control,0,policy_cost_100m_cny,0.0,0.0,0.0,0.0,0.0
control,1,life_satisfaction,0.4797487535498147,0.47978607231123105,0.47981511109804326,0.4797842805614305,2.805663819978207e-05
control,1,government_trust,0.6438569606029084,0.6438796242838595,0.6439419922626265,0.6438905242055537,3.7364375127288854e-05
control,1,economic_confidence,0.5576550203683452,0.5581288443356696,0.5586049493408843,0.5581422894023789,0.0003565645123988655
control,1,consumption_index,0.596900139975125,0.5971048195233061,0.5972465697256849,0.5970973770887076,0.00013867959263054233
control,1,employment_rate,0.9331902383785428,0.9332091228067341,0.9332163097436527,0.9332051582114109,1.285761332591532e-05
control,1,congestion_index,0.7555874848545213,0.7563561197752043,0.7579171522131526,0.7566960016119482,0.0015337427382889279
control,1,health_system_load,0.6795412663313612,0.6819241192109022,0.6824052369226914,0.6814427253622091,0.001174971063191352
control,1,rumor_belief,0.1104332306653335,0.11114705748301312,0.1118395028625974,0.11109001894077941,0.0005591579984054334
control,1,stress,0.4030834447413281,0.4033882855342584,0.403477432129716,0.40331149889967743,0.0001748178388256513
control,1,commute_minutes,24.868380577964725,24.87260474841014,24.884331082692157,24.875758870753177,0.011119754845289053
control,1,organization_vitality,0.8187194231423212,0.8197494627227122,0.8210247583915125,0.8199052598090677,0.0009597708502274591
control,1,public_service_reliability,0.8384528754148247,0.8391609658274725,0.8399289161080281,0.8392126850482031,0.0007145074840761271
control,1,policy_cost_100m_cny,0.0,0.0,0.0,0.0,0.0
control,2,life_satisfaction,0.4491646613017371,0.44923199289167903,0.44928901644870256,0.4492300065746069,5.33581847290307e-05
control,2,government_trust,0.6212981857372403,0.6213356510616683,0.6214568165715595,0.6213586088564229,7.01333656587129e-05
control,2,economic_confidence,0.5403342620836535,0.5407819592541185,0.5412332359765731,0.5407949674394035,0.00033718414252238704
control,2,consumption_index,0.5356643124261411,0.5358974596896688,0.5360628160520396,0.5358909601418098,0.00015960282775627404
control,2,employment_rate,0.9331706599659375,0.9332019127690809,0.9332181515623442,0.9331966546179981,2.3694543641028903e-05
control,2,congestion_index,0.7563227371556086,0.7570719207654782,0.7584930627360286,0.7574106255195756,0.001395597804836562
control,2,health_system_load,0.680169217273244,0.682463151132104,0.6829524382282127,0.6820081016726739,0.0011488217230485002
control,2,rumor_belief,0.08764518677837811,0.08820120321413946,0.08876184622570714,0.08816660054763617,0.00044243566765939573
control,2,stress,0.41909176959008326,0.41938765879829665,0.41946012293827317,0.4193047171839793,0.0001648270462693145
control,2,commute_minutes,24.873605401992297,24.877860231704034,24.888864675927824,24.880853611115167,0.010123785128774902
control,2,organization_vitality,0.818596257753782,0.8195644949593495,0.8207632728880216,0.8197109442205237,0.0009021845992137861
control,2,public_service_reliability,0.8377645483086863,0.8384369541149173,0.8391194272509551,0.8384477437357736,0.0006745478067339252
control,2,policy_cost_100m_cny,0.0,0.0,0.0,0.0,0.0
control,3,life_satisfaction,0.41899713819441126,0.4190882144349274,0.4191719081651669,0.41908731306132463,7.597511354069337e-05
control,3,government_trust,0.6003661572325736,0.600412336077596,0.6005885250108214,0.6004479928815922,9.898831799162113e-05
control,3,economic_confidence,0.5239655400640805,0.5243878516716083,0.5248154231954333,0.524400612941512,0.00031864263836439813
control,3,consumption_index,0.4816369644268072,0.4818889417084877,0.4820756971556781,0.4818840064236327,0.00017478938321065866
control,3,employment_rate,0.9331638134833038,0.9331987085736613,0.9332309448078886,0.9331947317136838,2.9622918955455783e-05
control,3,congestion_index,0.7570158870420712,0.7578655500673775,0.7590503078073342,0.7580910714015969,0.0012768301644797526
control,3,health_system_load,0.6807683378411497,0.6829737408809944,0.6834702349155412,0.6825452874532009,0.0011222726710500535
control,3,rumor_belief,0.06956410723830153,0.06999478273086195,0.070444346629261,0.06997581994882388,0.0003499059524643274
control,3,stress,0.43227810433481356,0.43252949050942746,0.43264524024574974,0.43247445865089923,0.00015721893479821882
control,3,commute_minutes,24.8785352762682,24.883508938060146,24.893193298333017,24.885710673584267,0.009261617409330488
control,3,organization_vitality,0.8184804822885551,0.8193906252617885,0.8205174765147404,0.8195282875672922,0.0008480535232609314
control,3,public_service_reliability,0.837094906685264,0.8377247723068264,0.8383533329587418,0.8377234297146621,0.0006391558878955171
control,3,policy_cost_100m_cny,0.0,0.0,0.0,0.0,0.0
control,4,life_satisfaction,0.38943047244137474,0.3895298630554682,0.38964387436485104,0.38953642942751576,9.390157764083479e-05
control,4,government_trust,0.5807940240976224,0.5808409031713995,0.5810696959101603,0.5808911183260417,0.00012387306607207545
control,4,economic_confidence,0.5058847964459594,0.5060256698280572,0.5065157270557111,0.5061302111012024,0.00026962680451571617
control,4,consumption_index,0.43360612653484165,0.4338568430168813,0.4340539969859406,0.43384926578225635,0.00017716663645042855
control,4,employment_rate,0.9315507951259848,0.9316978264555498,0.9317703493036221,0.9316683641117305,9.732523631005694e-05
control,4,congestion_index,0.7565160393220419,0.7573144013041648,0.7584216705874456,0.7575134105547627,0.001162452211464742
control,4,health_system_load,0.6813397906562605,0.6834493086917077,0.6839601362359874,0.6830555929095319,0.0010953569699731097
control,4,rumor_belief,0.05736413063810208,0.05767460309463973,0.05795029297769033,0.05767308701792858,0.0002331889232926608
control,4,stress,0.4432812940822836,0.4434849369352979,0.4436396569027658,0.44346038057878984,0.00014749997547258638
control,4,commute_minutes,24.80299423919385,24.809003104609722,24.82037130301562,24.810800916704544,0.00899585502505227
control,4,organization_vitality,0.8141490221581832,0.8153132075251444,0.8164782359824111,0.8153353459804601,0.0009710557598243164
control,4,public_service_reliability,0.836402086619542,0.8370241455880486,0.8376283400434907,0.8370376214986353,0.00060773479830221
control,4,policy_cost_100m_cny,0.0,0.0,0.0,0.0,0.0
control,5,life_satisfaction,0.3606770983009898,0.36078359373254154,0.36092561109522336,0.36079557633265014,0.0001144631096308866
control,5,government_trust,0.562432439270384,0.5625018621109629,0.5627723228052092,0.5625578282793102,0.0001505092613980752
control,5,economic_confidence,0.4886026473631333,0.4887185032112773,0.4894363144334484,0.48893836058494655,0.00041067434643948716
control,5,consumption_index,0.3908126297481716,0.39106741557544744,0.39130054543587817,0.39105301592077046,0.00018673478435231682
control,5,employment_rate,0.9299662938444725,0.9302356637542653,0.9303527020131227,0.9301983559297577,0.0001546386762831715
control,5,congestion_index,0.7559961694244259,0.7567735017299866,0.757785770186076,0.7569462404912864,0.0010348578001880102
control,5,health_system_load,0.681884706388046,0.6839115011717275,0.684423582296841,0.6835402767775205,0.0010681233195555734
control,5,rumor_belief,0.047409738693970034,0.04787813146166499,0.04813881304549398,0.047822679023384995,0.0002968491510717679
control,5,stress,0.4525712044348324,0.45271710397133913,0.45290400722185076,0.4527264500111493,0.00013654637987372005
control,5,commute_minutes,24.802783687305705,24.806201142440557,24.82049496642595,24.81010689493158,0.007933178090295158
control,5,organization_vitality,0.8105525638050833,0.8116911645943468,0.8124619317418341,0.8115629006748141,0.0008928018676183861
control,5,public_service_reliability,0.8357488632976394,0.8363617848952194,0.8369432143375818,0.8363883059215587,0.0005797381447769052
control,5,policy_cost_100m_cny,0.0,0.0,0.0,0.0,0.0
control,6,life_satisfaction,0.332882181711089,0.3329879493586959,0.3331727594643741,0.333015533545907,0.00013055657816810428
control,6,government_trust,0.545181471520393,0.5452646626982394,0.5455851281301823,0.5453333074413265,0.00017336544243026157
control,6,economic_confidence,0.4722430759454106,0.47263764480029236,0.4729677786361829,0.4726246488982778,0.0003262583908218387
control,6,consumption_index,0.35260070071854277,0.3528545611491609,0.3530809038339218,0.3528385006875018,0.00018179967709932665
control,6,employment_rate,0.9285057059633555,0.9287100021020129,0.9288491705854781,0.9286876942246376,0.00015388960985776516
control,6,congestion_index,0.755485850543027,0.7561070203113052,0.7571960300776367,0.7563082034978703,0.001043154055129825
control,6,health_system_load,0.6824041829968202,0.6843576123764952,0.6848619461569714,0.6840005472776483,0.0010406308888955785
control,6,rumor_belief,0.039770736631118124,0.040052309899107665,0.040255511733653604,0.04002719626609154,0.00021419820352006224
control,6,stress,0.46045546265809684,0.46054599416574027,0.4607406966256599,0.4605790677459337,0.0001235396598134159
control,6,commute_minutes,24.79493111998616,24.800004408042803,24.818070202973246,24.8052648032787,0.014290839563054469
control,6,organization_vitality,0.80699460761667,0.808038826111098,0.809107575623143,0.8079793926610324,0.0009433856855408865
control,6,public_service_reliability,0.8351421789964665,0.8357356205614129,0.8363293444450284,0.8357735727763362,0.0005546717184793177
control,6,policy_cost_100m_cny,0.0,0.0,0.0,0.0,0.0
control,7,life_satisfaction,0.3061495508646276,0.3062502019290666,0.30647684064913455,0.3062951788894208,0.0001426916417862607
control,7,government_trust,0.5289467453293436,0.5290466600869158,0.5294015202937001,0.529117414355888,0.0001921139142883983
control,7,economic_confidence,0.4566897052906222,0.457008456600102,0.4575211155545313,0.4570675711931208,0.00032693959975834037
control,7,consumption_index,0.31840004886665857,0.31862975995102616,0.3188417450642306,0.3186253105674589,0.00017199212184409638
control,7,employment_rate,0.9268702806771678,0.9270769987076635,0.9273093579385044,0.9270883571590616,0.0001917101116176016
control,7,congestion_index,0.7548388731266604,0.7553276636595164,0.7564829984146946,0.7555714202961885,0.0010031461364859288
control,7,health_system_load,0.6828992852273025,0.6847807919935216,0.6852765360172509,0.684437563201228,0.001012945280546674
control,7,rumor_belief,0.033693573054394466,0.03387745534565633,0.03422818789145992,0.03391706750623589,0.00024345866740940934
control,7,stress,0.46715524478679415,0.46723209928385,0.46740806505027455,0.4672743806880977,0.00011032099740895475
control,7,commute_minutes,24.789647749993573,24.795432621291326,24.806652197544697,24.7978897846373,0.010061380203838535
control,7,organization_vitality,0.8034935292156737,0.8043401377031794,0.8056266986133541,0.8044690213953027,0.000927314058378663
control,7,public_service_reliability,0.8345802607747452,0.8351436935220404,0.8357461433679663,0.8351916097072231,0.0005320940459808494
control,7,policy_cost_100m_cny,0.0,0.0,0.0,0.0,0.0
control,8,life_satisfaction,0.28054441690612564,0.2806405886092592,0.2809096834908454,0.28070379074477564,0.00015864665128789026
control,8,government_trust,0.5136489973974635,0.5137554654169558,0.514144956697394,0.513830982416672,0.00021204517871595266
control,8,economic_confidence,0.44185554900349544,0.44248978062369,0.4429557752428008,0.44244067239853124,0.00046050697704177497
control,8,consumption_index,0.2877240641384227,0.28794083483840116,0.28813230787496097,0.2879329751679374,0.00018137494091762608
control,8,employment_rate,0.9252358993680234,0.9255629537188184,0.9258160988346813,0.925532086191019,0.00024552645075206185
control,8,congestion_index,0.7541119940359057,0.7546134547409017,0.755727515277433,0.7548400932933284,0.0009371435778806447
control,8,health_system_load,0.683371044320736,0.6851821676860105,0.6856685974745215,0.6848524351017028,0.0009851354094661156
control,8,rumor_belief,0.028680079691312366,0.02894216011801291,0.02933453746954756,0.028977254531128604,0.0002927884425748755
control,8,stress,0.47289510212753366,0.4729802417012323,0.4731574007971425,0.4730126612094406,0.00010407388270210515
control,8,commute_minutes,24.78743803043215,24.796690297714434,24.80623758050582,24.79610206993024,0.008154446788542347
control,8,organization_vitality,0.8003818023486592,0.8014140583343952,0.8024273010405579,0.8013415055558105,0.0008367697855256512
control,8,public_service_reliability,0.8340492608952433,0.8345841494933715,0.8351921407801493,0.8346406973444085,0.000511615711803085
control,8,policy_cost_100m_cny,0.0,0.0,0.0,0.0,0.0
control,9,life_satisfaction,0.253013232474902,0.25336007902915403,0.25371746795156647,0.25337763998476054,0.0003100580731662582
control,9,government_trust,0.495518735839661,0.49592243024554944,0.4964573007479722,0.49600164020960424,0.00040957490020246596
control,9,economic_confidence,0.42683445086573146,0.42731946122143827,0.4280640037195608,0.4274084456115629,0.0005709259679138717
control,9,consumption_index,0.258409063789122,0.2587322501299174,0.25897779434139506,0.2587180839469213,0.00023492285430630312
control,9,employment_rate,0.9229852627083942,0.9233457038101278,0.9237336578732877,0.9233491976072963,0.00032112860183546515
control,9,congestion_index,0.7781182969915567,0.781942157496617,0.7832935468145048,0.7810652817869767,0.0024771034646832698
control,9,health_system_load,0.8019060744200637,0.8219003384848989,0.8302497165703271,0.8173827345410307,0.011580840995881296
control,9,rumor_belief,0.027847963090563612,0.02827217432257129,0.028885039521182886,0.028348147245609703,0.00043504444141913035
control,9,stress,0.4999117742080661,0.503509097514387,0.5050230646644999,0.5026757368569674,0.0020662991932431734
control,9,commute_minutes,25.469980542702825,25.584807828888433,25.619785877817733,25.55527054154486,0.06640618620691888
control,9,organization_vitality,0.7954416265532677,0.7971135343127695,0.7976541019043331,0.7967244235827993,0.0009701894096889128
control,9,public_service_reliability,0.8325437284806998,0.833126863499013,0.83377887827824,0.8331553123343378,0.0005001536952804691
control,9,policy_cost_100m_cny,0.0,0.0,0.0,0.0,0.0
control,10,life_satisfaction,0.2243583663514697,0.22501494317160148,0.22587259843038665,0.22503696836290688,0.0005792295961183167
control,10,government_trust,0.4754683914356095,0.4762570818209576,0.4773708949476794,0.47633864170991397,0.0007271601454759688
control,10,economic_confidence,0.4127355602989794,0.4133487784734732,0.4142124092808177,0.4134967699822643,0.000677298876568332
control,10,consumption_index,0.2307333205199322,0.23122087525243953,0.23160340066719168,0.231184021678693,0.0003473088716057245
control,10,employment_rate,0.9209697874068784,0.9212441602495429,0.9218573483019952,0.9213259702587981,0.0003852127831294407
control,10,congestion_index,0.7781219018187567,0.7799912463940633,0.7827489636401885,0.7801616922700509,0.0019431637129092016
control,10,health_system_load,0.9041740382703678,0.9309939913196164,0.9441678345820071,0.9284614382112144,0.015508801799768957
control,10,rumor_belief,0.026954961558352513,0.027331402148378113,0.027810239924921043,0.0273990333743103,0.0003996538212430645
control,10,stress,0.5228529856720023,0.5274004859340824,0.5299546217239954,0.5270635589128329,0.0027453456746623383
control,10,commute_minutes,25.459934326184896,25.51018236924882,25.57738002126636,25.51398567275622,0.04913868208028429
control,10,organization_vitality,0.7916455176751221,0.7929057356331911,0.7941293895270787,0.7928965514328623,0.0009768823134613492
control,10,public_service_reliability,0.8311731281511887,0.8318334406933175,0.8324245552019903,0.8318040205855227,0.0004858515503256001
control,10,policy_cost_100m_cny,0.0,0.0,0.0,0.0,0.0
control,11,life_satisfaction,0.19513307472302802,0.19580395834787961,0.1973608059405223,0.1960068073688582,0.0008677019148716961
control,11,government_trust,0.45399195871440756,0.45494221485940944,0.45679495936791886,0.4551282543667687,0.0010769044563602027
control,11,economic_confidence,0.39950088514284454,0.4002596524673345,0.4008209633382022,0.4001816407083211,0.0006185405030088277
control,11,consumption_index,0.20477820736537256,0.2052844201106584,0.20589965099270388,0.20527164950814583,0.00046485083005629783
control,11,employment_rate,0.9187347862151021,0.9193190752396962,0.9195698913674792,0.9192135692908862,0.00036412967554415185
control,11,congestion_index,0.7783419651276002,0.7818960794024931,0.7831612646650511,0.7812738345985691,0.0019338293720025054
control,11,health_system_load,1.0068121965655645,1.0361254430411808,1.0524915743530037,1.0324128393058252,0.017298597361779695
control,11,rumor_belief,0.026304399004533248,0.026706700546140952,0.02724007155585021,0.026772523015337897,0.00043420500154721397
control,11,stress,0.544747240918651,0.5494650371001486,0.5528106760393099,0.5490484863311933,0.0030284402177550174
control,11,commute_minutes,25.473715612789356,25.540206994025404,25.573428402699584,25.529936099115474,0.04058422340938146
control,11,organization_vitality,0.7876379960946067,0.7893822774249575,0.7900792978710256,0.7891350213871302,0.0009553425820655455
control,11,public_service_reliability,0.829830846941678,0.8305222092118856,0.8311025872337153,0.8304943047902219,0.00047963414592476267
control,11,policy_cost_100m_cny,0.0,0.0,0.0,0.0,0.0
control,12,life_satisfaction,0.16536915157570325,0.16627143284538182,0.1685119262975504,0.16659894937335418,0.0012499488036537868
control,12,government_trust,0.4311267187696004,0.4322954868571718,0.43501608568471384,0.4326424112116701,0.0015470492477739732
control,12,economic_confidence,0.3867332913344607,0.38752972969832117,0.3881957675532594,0.3875030062628081,0.0007830627376249019
control,12,consumption_index,0.1802514537172728,0.18090104025821985,0.18180113661215092,0.18093024587372541,0.000614880359002488
control,12,employment_rate,0.9164971502362328,0.9170490423770907,0.9175400085164135,0.9170698881059021,0.00045791704214471845
control,12,congestion_index,0.7795159671554807,0.7811774095123654,0.7865495794018623,0.7822271057495267,0.003130576679157075
control,12,health_system_load,1.097371189311524,1.1290402830474047,1.156562224646842,1.1292812013241038,0.02379787856374926
control,12,rumor_belief,0.02594393677421098,0.02617340821024963,0.026813962388474496,0.026331082126402505,0.0004177389018301449
control,12,stress,0.563475532300646,0.5684650590704555,0.5736599067626956,0.5687933984672665,0.004070072019325845
control,12,commute_minutes,25.467125625835155,25.515543432043877,25.665858276698913,25.543254553337395,0.0799109204405145
control,12,organization_vitality,0.7839763426285448,0.7855365055221954,0.7866989413857042,0.7855440262806085,0.001118883761377042
control,12,public_service_reliability,0.8286020549299193,0.8292783618589978,0.8298143418589641,0.8292300857263843,0.00044034451227586795
control,12,policy_cost_100m_cny,0.0,0.0,0.0,0.0,0.0
control,13,life_satisfaction,0.13528857580265902,0.13646314540560878,0.13927078968172427,0.13687584877782433,0.0015659708119210955
control,13,government_trust,0.40633949140541814,0.40790211539449506,0.4113730795709735,0.40835534092032877,0.0019752168684592803
control,13,economic_confidence,0.37423101030378364,0.375081764010873,0.37587716650213027,0.37511211090035956,0.000849658012183944
control,13,consumption_index,0.15724065678731902,0.15786113055737383,0.15899436907289627,0.15796147608129862,0.0007276913432041659
control,13,employment_rate,0.9140457284751407,0.9147402725670211,0.9152319969623018,0.9147139460863771,0.0005258258652215517
control,13,congestion_index,0.7814467751981125,0.7840628063308335,0.7867470678946404,0.7840685753458821,0.002324096835460885
control,13,health_system_load,1.203004855045282,1.2407654068877414,1.2570896654090298,1.234713338156312,0.021560929914480238
control,13,rumor_belief,0.04051188033362456,0.04131076771775196,0.04256482374473072,0.0415171167311366,0.0007837147403208163
control,13,stress,0.5847111725444323,0.5905553311742504,0.5936944367167006,0.5897733437612566,0.003494066926574366
control,13,commute_minutes,25.5287885862748,25.5770482724991,25.659913473530082,25.583055945946263,0.055669245340261915
control,13,organization_vitality,0.7798145744788924,0.7819826156250272,0.7828603425785415,0.7816663407398737,0.001166304607294897
control,13,public_service_reliability,0.8272766019859258,0.8279885664405975,0.8285142799365883,0.8279129465453963,0.000463242237250571
control,13,policy_cost_100m_cny,0.0,0.0,0.0,0.0,0.0
control,14,life_satisfaction,0.10651739337242962,0.1073336338392187,0.11072709105939911,0.10812631571273051,0.0016941718955765966
control,14,government_trust,0.3804563865172218,0.3817217863474214,0.38625388172704755,0.3827136090260158,0.0023065625812603847
control,14,economic_confidence,0.3623604502059071,0.3634017972768971,0.36434490912506745,0.36335697800023015,0.0009468398853356975
control,14,consumption_index,0.13672095411228655,0.1372480679168391,0.13846841205213065,0.13743879017270838,0.0007332531823886049
control,14,employment_rate,0.911718023271436,0.9125042936225702,0.912864297622611,0.9123484793851446,0.0005872016039746486
control,14,congestion_index,0.7816719242867409,0.7842211696149678,0.7861142501704292,0.783882492368527,0.001964872750730474
control,14,health_system_load,1.3016704253995035,1.3376169626602392,1.350226150980079,1.3293864336649035,0.02115093389370415
control,14,rumor_belief,0.05305886241194564,0.054309422680026094,0.055302747539245314,0.05419004354280086,0.0009134333267648903
control,14,stress,0.6043795028416911,0.6098375448799871,0.6118943790736879,0.6086207931548824,0.003262456579378377
control,14,commute_minutes,25.50484622344181,25.566370306279236,25.646008527286973,25.57166887883756,0.05391916025692594
control,14,organization_vitality,0.7763712298235478,0.7783614801594336,0.7791431713841773,0.7780468609583682,0.0011934302646566335
control,14,public_service_reliability,0.8260840110137332,0.8266839182215281,0.8272594708789187,0.8266680798212148,0.00045876407274818764
control,14,policy_cost_100m_cny,0.0,0.0,0.0,0.0,0.0
control,15,life_satisfaction,0.08181590442920905,0.08239567106355775,0.08580587986774878,0.08327517758823247,0.0016380433696731506
control,15,government_trust,0.3535778280008841,0.3546779454579483,0.36027227933090195,0.3560714525320544,0.002656761261053665
control,15,economic_confidence,0.35105921464044726,0.3522648721954426,0.3532746300910747,0.3522132770239785,0.0008922752270945689
control,15,consumption_index,0.12203255993832243,0.12251245333869282,0.12358834613482678,0.12269328245171071,0.0006525819924952205
control,15,employment_rate,0.909305613285599,0.9100946868126107,0.9105071978771042,0.9099835142072676,0.0005472804758696246
control,15,congestion_index,0.7813486184898508,0.7849579725462057,0.7859158480189443,0.7840339190123005,0.0019611551075226353
control,15,health_system_load,1.3893773046914577,1.4172451654958507,1.4408293901015143,1.415966525795609,0.023390688591482838
control,15,rumor_belief,0.06327090003180065,0.06428659042849419,0.06533491069927874,0.06429476973544844,0.0008167152875991979
control,15,stress,0.6218766976505793,0.625789599323852,0.6294647332269754,0.625741408704181,0.003562258035316683
control,15,commute_minutes,25.498327273893835,25.59001269071396,25.611453288189594,25.57107375152557,0.04613764803516024
control,15,organization_vitality,0.773536535364583,0.7748007886751767,0.7758311325699818,0.7746847932790915,0.0010023158225450771
control,15,public_service_reliability,0.8248822805342527,0.8255454885635432,0.8260305415864212,0.8254818116848002,0.0004562430647682924
control,15,policy_cost_100m_cny,0.0,0.0,0.0,0.0,0.0
control,16,life_satisfaction,0.06304512574991065,0.06355170085467882,0.06663516910938728,0.06438188536480333,0.0015108421560015783
control,16,government_trust,0.32587381531853715,0.3270513502429904,0.3333126489940829,0.3286983290205589,0.003031432834148458
control,16,economic_confidence,0.34046595125018986,0.34170746801247753,0.34256358886353966,0.34166402537193186,0.0009483881014945859
control,16,consumption_index,0.11233311508319738,0.1129106269406797,0.1138576581438501,0.11303220030028546,0.0006405494264987763
control,16,employment_rate,0.9068575997334928,0.9076610233623454,0.908298750712167,0.907621892941995,0.0006259474058319533
control,16,congestion_index,0.7813515214909864,0.7853425643163859,0.7869275342685569,0.7844236714117754,0.002496733638136684
control,16,health_system_load,1.469505099772441,1.5047512587699177,1.5176732748217379,1.4965862589859933,0.02304941635960749
control,16,rumor_belief,0.07085382885636288,0.07225400128678443,0.07352494609030724,0.07223280783222685,0.001146448625656567
control,16,stress,0.6376916976267758,0.6422514098535659,0.6447567612427126,0.6414537521383479,0.0034121267032448136
control,16,commute_minutes,25.495293856535195,25.59400625113807,25.639304251581912,25.578265235830724,0.06194766029988492
control,16,organization_vitality,0.7702664037821839,0.7717169305594984,0.7730117594301723,0.7715880797500679,0.0011184803580260006
control,16,public_service_reliability,0.823756818040365,0.8243920808704474,0.8248420529679967,0.8243432848568398,0.00041555369714981475
control,16,policy_cost_100m_cny,0.0,0.0,0.0,0.0,0.0
control,17,life_satisfaction,0.04817151061996212,0.04873114144154586,0.05184950633844105,0.049516174222505975,0.0015938045243314787
control,17,government_trust,0.2977875061427172,0.29920941446771776,0.30641392602979284,0.3010243394110017,0.003615336060696891
control,17,economic_confidence,0.33026372423704786,0.3316976862775234,0.3326243928203925,0.33160415070860993,0.001022616970628407
control,17,consumption_index,0.1039899269732588,0.10466181193148852,0.10576469317539139,0.10481517408684142,0.0007348914160997037
control,17,employment_rate,0.9042925281946732,0.9052978288417768,0.9059776804154651,0.9052200100026166,0.0006937676905418202
control,17,congestion_index,0.7802462707468423,0.783286487870529,0.7855054111404166,0.782962386599704,0.0026667336877582632
control,17,health_system_load,1.523159443815311,1.5750922759969395,1.5896466509227847,1.5638556211970704,0.03219586121817331
control,17,rumor_belief,0.07736825474880611,0.07847252866716904,0.07900334556091854,0.07827261484262357,0.0007137784813582077
control,17,stress,0.6488419952802966,0.6561585169078159,0.6585313565383637,0.6546077319084485,0.004735090498836876
control,17,commute_minutes,25.471061098312173,25.561030706100055,25.594839050292624,25.54090023663663,0.06379473949016201
control,17,organization_vitality,0.7670821026637977,0.7688629479679421,0.7700650988081867,0.7686336649433148,0.0012333737591908658
control,17,public_service_reliability,0.8227190424179638,0.823278288503112,0.8237781457626211,0.82329858707775,0.00042103072159917036
control,17,policy_cost_100m_cny,0.0,0.0,0.0,0.0,0.0
control,18,life_satisfaction,0.03477827565508746,0.035363789384824096,0.03863469932681997,0.03616506756792629,0.0016945876752487428
control,18,government_trust,0.26961032827920095,0.2712144060109155,0.2794366593312617,0.2732371110811183,0.00418883413404143
control,18,economic_confidence,0.32084757220233334,0.322188289588873,0.32295304686469395,0.32206175621972294,0.0008891410242695618
control,18,consumption_index,0.09623962878377829,0.09695490355983313,0.09819019901193883,0.09712901041661275,0.0008172936288934184
control,18,employment_rate,0.9019805548216249,0.9028764440358883,0.9034817915261795,0.9028318245225784,0.000640362175660166
control,18,congestion_index,0.7795734349133069,0.7829446095569175,0.7847984347788223,0.7826338109229096,0.002101486147337111
control,18,health_system_load,1.5800382311582724,1.6362154893211016,1.6521893081509524,1.6252562008489986,0.0326934097172032
control,18,rumor_belief,0.08266698862744801,0.08329987922970114,0.08498388041434204,0.08361413033906373,0.0011734935136378324
control,18,stress,0.6601935194360724,0.6680827862765903,0.670210068071269,0.6664608499783105,0.00468379839451159
control,18,commute_minutes,25.473934179446655,25.535293672088045,25.5921570774228,25.535557024993032,0.04571415947280004
control,18,organization_vitality,0.7646756960204578,0.766021635767564,0.7669478322638821,0.7658929962702201,0.0009575049798447787
control,18,public_service_reliability,0.8216839796934174,0.8223016716558438,0.8227948685484382,0.8223052849542668,0.00043640292022121456
control,18,policy_cost_100m_cny,0.0,0.0,0.0,0.0,0.0
control,19,life_satisfaction,0.024480427665760036,0.02501526291369937,0.028217075831389007,0.025803986632974833,0.001661642644154102
control,19,government_trust,0.24554185142609036,0.24716655958568745,0.2562551857049393,0.2494005396700088,0.004653848063892146
control,19,economic_confidence,0.3129533422840018,0.3138865552247395,0.3149839064694861,0.31394724099571597,0.0009153701153047769
control,19,consumption_index,0.08988424070505097,0.09065481728911032,0.09193024299834605,0.09080073006034636,0.0008735722160055821
control,19,employment_rate,0.9001865627435073,0.9009205490378793,0.901689031959546,0.9009372411884731,0.0007006118429101955
control,19,congestion_index,0.7563704418052729,0.7568450769410258,0.7582726740526212,0.7570460281441296,0.0008008659667214236
control,19,health_system_load,1.4887848628846176,1.5391121410939417,1.5530909195434452,1.5291329754718312,0.029028992707061316
control,19,rumor_belief,0.08284543104759057,0.08491801965284562,0.08668273934757421,0.08485021568281985,0.0016512812127405393
control,19,stress,0.6487593312763219,0.6558933750193111,0.6577751041577662,0.6543870505440528,0.004203073336420862
control,19,commute_minutes,24.814650798555537,24.82047921807169,24.830654789571536,24.821525197190176,0.007480761401338071
control,19,organization_vitality,0.7633880245988899,0.7646896325528474,0.7658361746409722,0.7647010765725564,0.0010620101092419657
control,19,public_service_reliability,0.8216482837342955,0.8222438555930511,0.8227236414345543,0.8222486349222382,0.0004242268379423254
control,19,policy_cost_100m_cny,0.0,0.0,0.0,0.0,0.0
control,20,life_satisfaction,0.01696581451072745,0.01742745975710352,0.02033379060605408,0.018150614590839054,0.0015177801771630941
control,20,government_trust,0.2249116881896508,0.22655051102500945,0.23635370630622837,0.22896611096153985,0.005046216755380041
control,20,economic_confidence,0.3048350224773704,0.3060629792286605,0.30698081272563493,0.30596435283648526,0.0009606255499686941
control,20,consumption_index,0.08460177834471198,0.08542663581347823,0.08671291964711551,0.08554073719601661,0.0009160510779241697
control,20,employment_rate,0.8980637735249206,0.8989883797254248,0.8996636897269089,0.8988966940876819,0.0007460721201170321
control,20,congestion_index,0.7543058271958304,0.754748534244003,0.7562407294966695,0.7549648177501924,0.0008341794946848442
control,20,health_system_load,1.4087650713162476,1.453629235298143,1.4664140620534334,1.4450113993164293,0.026138679899288544
control,20,rumor_belief,0.0843733582422696,0.08634872731756105,0.0889167428574647,0.08657787922457083,0.0018732458349078169
control,20,stress,0.6388729225777341,0.6453082455033343,0.6470952992995773,0.6439981403477748,0.0038612504068602843
control,20,commute_minutes,24.79209891949642,24.798639746748137,24.811454891955915,24.800576169760937,0.00871822031453859
control,20,organization_vitality,0.7617288234699098,0.7634665057134653,0.7642909848777462,0.7631916833888478,0.0011198659911143278
control,20,public_service_reliability,0.8216180364453153,0.8221970357275096,0.8226535606993296,0.8222000008846271,0.00041143627645598494
control,20,policy_cost_100m_cny,0.0,0.0,0.0,0.0,0.0
control,21,life_satisfaction,0.011882231597789216,0.012256020462214209,0.014754002103658273,0.012877227146491938,0.0013111495990719927
control,21,government_trust,0.20804897471656003,0.20975140422086067,0.2200154054366108,0.21223965967676106,0.005337817301568226
control,21,economic_confidence,0.298125193027949,0.29895352064735203,0.29993379793807656,0.298982222596365,0.0008287515802939424
control,21,consumption_index,0.08034076528613969,0.08113517319644689,0.08246030568604042,0.08127172918888248,0.0009359079038362265
control,21,employment_rate,0.8964520831716082,0.8971804442667765,0.8979179016809398,0.8971728278217653,0.0006987750135734974
control,21,congestion_index,0.7525236844798235,0.7528924690103348,0.7543415766514318,0.7531451692985467,0.0007781219865934956
control,21,health_system_load,1.326598475162318,1.3661546036687726,1.3774389248818155,1.3585495661738611,0.023036316309747885
control,21,rumor_belief,0.06906052067688705,0.07047680677512014,0.07267232580846947,0.07070056782346608,0.0014996932586966594
control,21,stress,0.627704501942186,0.633391651919152,0.6350914480345449,0.6322904793904935,0.0034758962756293757
control,21,commute_minutes,24.788218635197826,24.79234875504644,24.796404243781875,24.792292486434036,0.004134289792455642
control,21,organization_vitality,0.7614301594893726,0.7626730170494171,0.7636407278154718,0.7626521945897207,0.0009258702929050303
control,21,public_service_reliability,0.8216771269096536,0.8222334344850646,0.8226693669406924,0.8222359074358998,0.00039643410568998387
control,21,policy_cost_100m_cny,0.0,0.0,0.0,0.0,0.0
control,22,life_satisfaction,0.008515917832612348,0.008848642203549088,0.010920810957996248,0.009350410784914762,0.0011041506960295364
control,22,government_trust,0.19438338850421075,0.19614310422688055,0.2066976481906202,0.19865374994233648,0.005543523800351687
control,22,economic_confidence,0.29117355611400575,0.29221774430174885,0.2932114870889034,0.2922113988893929,0.0008405599252906238
control,22,consumption_index,0.07687225737934689,0.07764002315224719,0.07898687184995126,0.07780026673851007,0.0009419257506217671
control,22,employment_rate,0.8945534478102043,0.8953469102035134,0.8961631822600037,0.8953811412220908,0.0007146113178654628
control,22,congestion_index,0.7506203279654466,0.7510863893299373,0.7524552787171296,0.7512631753162737,0.0007827452105256999
control,22,health_system_load,1.2543790360258367,1.2892989830822075,1.2992728019167321,1.2825793552661007,0.020325935869983533
control,22,rumor_belief,0.0568405711403579,0.05791482267339933,0.059786193236821016,0.05820598863142613,0.0012002421054105716
control,22,stress,0.617337352374602,0.6223538905690342,0.6239629074748991,0.6214411633820518,0.0031270597075280966
control,22,commute_minutes,24.76842991655106,24.776732561920873,24.782239994599742,24.775887995370653,0.007542729109435123
control,22,organization_vitality,0.7610090169762982,0.7618256276695787,0.7630037297821544,0.7619535445647854,0.0008850220952843339
control,22,public_service_reliability,0.8217413015870684,0.8222768582808808,0.8226917236145742,0.8222775851978351,0.00038190949097892743
control,22,policy_cost_100m_cny,0.0,0.0,0.0,0.0,0.0
control,23,life_satisfaction,0.006313397316341581,0.006600697193302167,0.008316281653010916,0.007010760214695662,0.0009205313390221224
control,23,government_trust,0.1834230275905039,0.1852171752737851,0.19595187421226382,0.18773330346839373,0.00567788947787273
control,23,economic_confidence,0.284928727370087,0.2860087068998801,0.28685379859213717,0.2859037151916544,0.0008420121350300544
control,23,consumption_index,0.07406926102201375,0.07479583212810154,0.07616594059865803,0.07497973736737493,0.0009372462063803444
control,23,employment_rate,0.8928730350695773,0.893550615654765,0.894501583488387,0.8936516602290945,0.0007187271303811896
control,23,congestion_index,0.7487679660311376,0.7492733003746976,0.7505829650829481,0.7494430236060339,0.0007705016350099292
control,23,health_system_load,1.1908696530776148,1.2217369808924818,1.2305652678695507,1.2157919720349235,0.01795627879669032
control,23,rumor_belief,0.04724366405193243,0.047856622181641884,0.04968358135410709,0.04819323742848608,0.0009973296555566534
control,23,stress,0.6077921997174928,0.6122339111858812,0.6137401474833053,0.6114748081432069,0.0028133894660613834
control,23,commute_minutes,24.75802456031747,24.765267876235548,24.778769422620353,24.76665121737381,0.008425838410588929
control,23,organization_vitality,0.7604652882786004,0.7613768476129623,0.7625201476692972,0.7614862570918205,0.0009313190453628051
control,23,public_service_reliability,0.8218097376463187,0.8223308144652925,0.8227197877666037,0.822324212361569,0.0003678390492928759
control,23,policy_cost_100m_cny,0.0,0.0,0.0,0.0,0.0
control,24,life_satisfaction,0.004892104710276406,0.005131756061192901,0.0065595765811251715,0.005469935797467273,0.0007678707598150759
control,24,government_trust,0.17472663019049542,0.17655858743614394,0.18737457135476288,0.17906205194274286,0.005751761630266968
control,24,economic_confidence,0.2785898032924556,0.2796810936964674,0.2808080993740193,0.2797164497437031,0.0008435304388538701
control,24,consumption_index,0.07175931239918616,0.07247382958583978,0.0738480074088963,0.07266432962381016,0.0009253149045542993
control,24,employment_rate,0.8908639386096081,0.8917528289421491,0.8927551946006573,0.891785690924164,0.0007613359396810257
control,24,congestion_index,0.7468000147643187,0.7472916147450093,0.7486193413504493,0.7475153404609793,0.0007796805286955598
control,24,health_system_load,1.1349891105344423,1.1623109432333434,1.1701369993118018,1.1570441608128967,0.01588292040606949
control,24,rumor_belief,0.039610215438339945,0.040374306366454796,0.04139435102913572,0.04043031975674476,0.0007433853398067101
control,24,stress,0.5990749095366998,0.6030807914543408,0.6044332530375282,0.6023933435707876,0.0025330884198661975
control,24,commute_minutes,24.737558221789733,24.750328017183392,24.75563478236413,24.747286400539963,0.008762114355105448
control,24,organization_vitality,0.7595994239192718,0.7606422963972543,0.7617613018703678,0.7607054511942642,0.0009822858258000848
control,24,public_service_reliability,0.8218816926927454,0.8223880992177637,0.8227527940153772,0.8223750449589424,0.00035420310644010297
control,24,policy_cost_100m_cny,0.0,0.0,0.0,0.0,0.0
control,25,life_satisfaction,0.003967384266285481,0.004177571114251756,0.005384078463112389,0.004460529059653618,0.0006515371587534747
control,25,government_trust,0.16800017868544695,0.16990454469039545,0.1807139257653335,0.17238060034436034,0.005773633850028365
control,25,economic_confidence,0.27562634811969927,0.2766575889931435,0.2777310021759571,0.2766940436021009,0.0008015574224462114
control,25,consumption_index,0.07004115461904989,0.07074103323435553,0.07210272646787251,0.07093431273307604,0.0009061754976209781
control,25,employment_rate,0.8905507629374503,0.8914477837409327,0.8924243329196139,0.8914679958344726,0.0007592670324535164
control,25,congestion_index,0.7461511160088422,0.7466315230452412,0.7479830248579613,0.7468733516339716,0.0007787504010712543
control,25,health_system_load,1.085792356797894,1.1100096275856837,1.1169579934465885,1.1053371697508205,0.014067352258324842
control,25,rumor_belief,0.03145221224255861,0.03205856095820321,0.03286825250301426,0.03210306049182961,0.0005900977408212647
control,25,stress,0.5910752116095742,0.5947044996616466,0.5959103620971865,0.5940696034851494,0.002281380669483196
control,25,commute_minutes,24.810219497192545,24.813889774676824,24.822531836530697,24.81515225261465,0.0051580685008406285
control,25,organization_vitality,0.7630234584841153,0.7640037586134191,0.765055623758146,0.7640631241226084,0.0009233486762521659
control,25,public_service_reliability,0.8219564980780741,0.8224481188678634,0.8227900482783379,0.8224294104801296,0.0003409849924881784
control,25,policy_cost_100m_cny,0.0,0.0,0.0,0.0,0.0
control,26,life_satisfaction,0.0033613274795719268,0.0035497705067038766,0.0045959874171424085,0.003791800582558606,0.0005673080191205527
control,26,government_trust,0.1629858287003382,0.1649378420768512,0.17566870595621115,0.16737467550390783,0.005752558610609826
control,26,economic_confidence,0.2728868209521228,0.2738610016896297,0.2748824414967079,0.27389785074398265,0.0007614573036806543
control,26,consumption_index,0.0687929365235826,0.06947613400309724,0.07081247820772352,0.0696694857239768,0.0008817580626106964
control,26,employment_rate,0.8902558587428475,0.8911320694035869,0.8921407318077732,0.8911671424481071,0.0007669016607528689
control,26,congestion_index,0.745545257362154,0.7459805482769144,0.7473676354895104,0.7462497744403298,0.0007759239145696387
control,26,health_system_load,1.0424532614615714,1.063949569768377,1.070128541619976,1.0597983719557673,0.012476185979946184
control,26,rumor_belief,0.024978785433199906,0.025459985503740724,0.02610284116343809,0.025495363250680355,0.0004685009373768842
control,26,stress,0.5837169446741797,0.5870048037340916,0.5880818725521233,0.5864190723245502,0.0020549295557711796
control,26,commute_minutes,24.805930521203802,24.8092672365528,24.818200134020966,24.810745112628084,0.005139292963717631
control,26,organization_vitality,0.7662420509750686,0.767163533096614,0.7681522863326572,0.767219336675252,0.0008679477556770002
control,26,public_service_reliability,0.8220335527234697,0.8225103390027668,0.8228309219712883,0.8224867019769222,0.000328170451463848
control,26,policy_cost_100m_cny,0.0,0.0,0.0,0.0,0.0
control,27,life_satisfaction,0.0029671063939987127,0.003140241007693812,0.004066769207553118,0.003349952834323473,0.0005042989870997687
control,27,government_trust,0.15940943107215239,0.16138829134755941,0.17198238234637409,0.1637765963296248,0.005696329051960761
control,27,economic_confidence,0.27034296918711226,0.2712700301736093,0.2722462660865294,0.2713060394306471,0.0007277317999972133
control,27,consumption_index,0.06791417231640444,0.06857971441956531,0.06988209501547442,0.06877121100631213,0.0008538938128785739
control,27,employment_rate,0.8899543856689038,0.8908404172425475,0.8918783129578586,0.8908813771540677,0.0007743084267495303
control,27,congestion_index,0.7449568804752982,0.745364466143587,0.7467455817684611,0.7456438534178376,0.0007710613008210305
control,27,health_system_load,1.0042495468009272,1.023358813681982,1.0288626182809912,1.0196652159052932,0.011080463928688894
control,27,rumor_belief,0.01984147206416139,0.020223391053971723,0.020733901644124395,0.02025153460933002,0.0003720322425503048
control,27,stress,0.5769881718485884,0.5799701988376886,0.580933014463626,0.5794291627530779,0.0018524539294544305
control,27,commute_minutes,24.801752632626354,24.804857438423408,24.813815776093936,24.806457207020735,0.005107873140464435
control,27,organization_vitality,0.7692675279165644,0.7701337211108171,0.7710631491526977,0.7701861764747368,0.0008158708903363589
control,27,public_service_reliability,0.8221123174183365,0.8225742794935578,0.8228748466472825,0.8225463726163711,0.0003157471495859933
control,27,policy_cost_100m_cny,0.0,0.0,0.0,0.0,0.0
control,28,life_satisfaction,0.002712449251239093,0.0028753390400827485,0.0037134382724619956,0.003061474363468199,0.00045725409703146715
control,28,government_trust,0.1570373342987763,0.1590256754174403,0.16943620320223607,0.16135820484450059,0.0056115724632185065
control,28,economic_confidence,0.2679744061273182,0.2688564760917036,0.2697943651913376,0.2688933456822247,0.0006967393407017595
control,28,consumption_index,0.06732280972909967,0.06797056844506502,0.06923349053011149,0.06815851843087872,0.0008242596379370512
control,28,employment_rate,0.889695324245014,0.8905607582008704,0.8916229402626227,0.8906122216252231,0.0007743008403002796
control,28,congestion_index,0.744380309858276,0.7447737165956363,0.7461603841752598,0.7450648932769384,0.0007679851353459165
control,28,health_system_load,0.9705496251138687,0.9875627102721141,0.9924733850755247,0.9842712158324053,0.009855062728499751
control,28,rumor_belief,0.015763898118700975,0.0160670584739771,0.016472563432119055,0.016089459611880984,0.0002954878282082407
control,28,stress,0.5708682868536684,0.5735742755423552,0.574436028617477,0.5730745746451216,0.001671019189825548
control,28,commute_minutes,24.797670085129,24.800601684663892,24.809686960722495,24.802359525061547,0.005087820663620513
control,28,organization_vitality,0.7721114762415706,0.7729256978441681,0.7737993602035358,0.7729750058862527,0.0007669186369161625
control,28,public_service_reliability,0.822192309560015,0.8226395099050438,0.8229213090430607,0.8226079306519691,0.00030370426796919763
control,28,policy_cost_100m_cny,0.0,0.0,0.0,0.0,0.0
control,29,life_satisfaction,0.0025569930752845603,0.0027123396450738943,0.0034856099982288717,0.0028812462985184297,0.0004225125223612758
control,29,government_trust,0.15567035705863105,0.1576537644124512,0.16784363880012199,0.1599250007944138,0.005503946167463716
control,29,economic_confidence,0.26576042898897584,0.26660166214133046,0.26750623889497116,0.26664015116020795,0.0006690233643101891
control,29,consumption_index,0.06695221426356938,0.06758230810672315,0.06880169610308798,0.06776510252290038,0.0007936203775045719
control,29,employment_rate,0.8894320357191472,0.8903059634761691,0.891372966303456,0.8903576223988863,0.0007819669923679331
control,29,congestion_index,0.7438328236269482,0.7442051773645135,0.7455943448564766,0.744501387037322,0.0007633720295236586
control,29,health_system_load,0.9408011047042536,0.9559715266753761,0.960360545039158,0.9530337267952227,0.008778177398985223
control,29,rumor_belief,0.012526907311692821,0.012767587097837015,0.013089760278787069,0.012785426335912196,0.00023474229594723845
control,29,stress,0.56532512246918,0.5677835330613747,0.5685570573654589,0.5673216906995733,0.001509529917149061
control,29,commute_minutes,24.79378539087071,24.79653700176561,24.805702140953287,24.79837321381407,0.005064431946787352
control,29,organization_vitality,0.7747847876670764,0.7755501559735181,0.7763713985913236,0.7755965055330775,0.0007209035187012041
control,29,public_service_reliability,0.822273098301986,0.8227056452609747,0.8229698465034152,0.8226709347818766,0.0002920321673661241
control,29,policy_cost_100m_cny,0.0,0.0,0.0,0.0,0.0
control,30,life_satisfaction,0.002474281730197134,0.0026258042586748956,0.003350625025411463,0.002781499578955557,0.0003974260006724075
control,30,government_trust,0.1551387368984125,0.1571053341445512,0.167045611566731,0.15931118263171962,0.005378245149274685
control,30,economic_confidence,0.2636881452714143,0.2644912356567897,0.26536354273174256,0.2645312759891536,0.0006430647173156456
control,30,consumption_index,0.06674863448872799,0.06736109096932974,0.06853390840122742,0.06753750556614121,0.0007625883962949861
control,30,employment_rate,0.8891955580227023,0.8900530204225887,0.8911471733442882,0.8901173869428027,0.0007891605590258834
control,30,congestion_index,0.7433090254121156,0.7436516114648539,0.7450421957394899,0.7439574460453162,0.0007584534423068959
control,30,health_system_load,0.9145207555341885,0.9280696375052102,0.9319993135678734,0.9254432797000447,0.007830875334314171
control,30,rumor_belief,0.009956733125884491,0.010147842086573614,0.010403868763632543,0.010162054710475226,0.0001865256058120115
control,30,stress,0.5603228940013494,0.5625602968041008,0.563256173520268,0.5621326498163779,0.001365952293163247
control,30,commute_minutes,24.790071802129283,24.792555697588398,24.80180458161909,24.794523183007094,0.005030219990976768
control,30,organization_vitality,0.7772977004070518,0.7780171466151069,0.7787891146758442,0.7780607152010928,0.000677649307579147
control,30,public_service_reliability,0.8223543000805043,0.8227723421385358,0.8230200427559723,0.822734989865848,0.0002807221140507342
control,30,policy_cost_100m_cny,0.0,0.0,0.0,0.0,0.0
mobility_support,0,life_satisfaction,0.5103545770599628,0.5103545770599628,0.5103545770599628,0.5103545770599628,0.0
mobility_support,0,government_trust,0.6682615245131996,0.6682615245131996,0.6682615245131996,0.6682615245131996,0.0
mobility_support,0,economic_confidence,0.5759828994374739,0.5764833875307158,0.5769860767897275,0.5764976379827953,0.0003768864047516713
mobility_support,0,consumption_index,0.6663902683408442,0.6665554028466697,0.666667855585873,0.6665481133195554,0.00011088078360404563
mobility_support,0,employment_rate,0.9331979986894058,0.9331979986894058,0.9331979986894058,0.9331979986894058,0.0
mobility_support,0,congestion_index,0.8000000000000002,0.8000000000000002,0.8000000000000002,0.8000000000000002,0.0
mobility_support,0,health_system_load,0.65,0.65,0.65,0.65,0.0
mobility_support,0,rumor_belief,0.13914500403892519,0.14005870516812735,0.14088480508281875,0.13997046889726802,0.0007061259557470547
mobility_support,0,stress,0.38359994443479006,0.38387967780121146,0.3840472733036035,0.3838419745076226,0.00019033547173930105
mobility_support,0,commute_minutes,23.75918456418818,23.75918456418818,23.75918456418818,23.75918456418818,0.0
mobility_support,0,organization_vitality,0.8188504501514056,0.8199462369390556,0.8213029344590558,0.8201119785202848,0.0010210328193908968
mobility_support,0,public_service_reliability,0.8391770682109375,0.8399226591678712,0.8407842180083043,0.8400204890842555,0.0007596799555341082
mobility_support,0,policy_cost_100m_cny,0.0,0.0,0.0,0.0,0.0
mobility_support,1,life_satisfaction,0.4797487535498147,0.47978607231123105,0.47981511109804326,0.4797842805614305,2.805663819978207e-05
mobility_support,1,government_trust,0.6438569606029084,0.6438796242838595,0.6439419922626265,0.6438905242055537,3.7364375127288854e-05
mobility_support,1,economic_confidence,0.5576550203683452,0.5581288443356696,0.5586049493408843,0.5581422894023789,0.0003565645123988655
mobility_support,1,consumption_index,0.596900139975125,0.5971048195233061,0.5972465697256849,0.5970973770887076,0.00013867959263054233
mobility_support,1,employment_rate,0.9331902383785428,0.9332091228067341,0.9332163097436527,0.9332051582114109,1.285761332591532e-05
mobility_support,1,congestion_index,0.7555874848545213,0.7563561197752043,0.7579171522131526,0.7566960016119482,0.0015337427382889279
mobility_support,1,health_system_load,0.6795412663313612,0.6819241192109022,0.6824052369226914,0.6814427253622091,0.001174971063191352
mobility_support,1,rumor_belief,0.1104332306653335,0.11114705748301312,0.1118395028625974,0.11109001894077941,0.0005591579984054334
mobility_support,1,stress,0.4030834447413281,0.4033882855342584,0.403477432129716,0.40331149889967743,0.0001748178388256513
mobility_support,1,commute_minutes,24.868380577964725,24.87260474841014,24.884331082692157,24.875758870753177,0.011119754845289053
mobility_support,1,organization_vitality,0.8187194231423212,0.8197494627227122,0.8210247583915125,0.8199052598090677,0.0009597708502274591
mobility_support,1,public_service_reliability,0.8384528754148247,0.8391609658274725,0.8399289161080281,0.8392126850482031,0.0007145074840761271
mobility_support,1,policy_cost_100m_cny,0.0,0.0,0.0,0.0,0.0
mobility_support,2,life_satisfaction,0.4491646613017371,0.44923199289167903,0.44928901644870256,0.4492300065746069,5.33581847290307e-05
mobility_support,2,government_trust,0.6212981857372403,0.6213356510616683,0.6214568165715595,0.6213586088564229,7.01333656587129e-05
mobility_support,2,economic_confidence,0.5403342620836535,0.5407819592541185,0.5412332359765731,0.5407949674394035,0.00033718414252238704
mobility_support,2,consumption_index,0.5356643124261411,0.5358974596896688,0.5360628160520396,0.5358909601418098,0.00015960282775627404
mobility_support,2,employment_rate,0.9331706599659375,0.9332019127690809,0.9332181515623442,0.9331966546179981,2.3694543641028903e-05
mobility_support,2,congestion_index,0.7563227371556086,0.7570719207654782,0.7584930627360286,0.7574106255195756,0.001395597804836562
mobility_support,2,health_system_load,0.680169217273244,0.682463151132104,0.6829524382282127,0.6820081016726739,0.0011488217230485002
mobility_support,2,rumor_belief,0.08764518677837811,0.08820120321413946,0.08876184622570714,0.08816660054763617,0.00044243566765939573
mobility_support,2,stress,0.41909176959008326,0.41938765879829665,0.41946012293827317,0.4193047171839793,0.0001648270462693145
mobility_support,2,commute_minutes,24.873605401992297,24.877860231704034,24.888864675927824,24.880853611115167,0.010123785128774902
mobility_support,2,organization_vitality,0.818596257753782,0.8195644949593495,0.8207632728880216,0.8197109442205237,0.0009021845992137861
mobility_support,2,public_service_reliability,0.8377645483086863,0.8384369541149173,0.8391194272509551,0.8384477437357736,0.0006745478067339252
mobility_support,2,policy_cost_100m_cny,0.0,0.0,0.0,0.0,0.0
mobility_support,3,life_satisfaction,0.41899713819441126,0.4190882144349274,0.4191719081651669,0.41908731306132463,7.597511354069337e-05
mobility_support,3,government_trust,0.6003661572325736,0.600412336077596,0.6005885250108214,0.6004479928815922,9.898831799162113e-05
mobility_support,3,economic_confidence,0.5239655400640805,0.5243878516716083,0.5248154231954333,0.524400612941512,0.00031864263836439813
mobility_support,3,consumption_index,0.4816369644268072,0.4818889417084877,0.4820756971556781,0.4818840064236327,0.00017478938321065866
mobility_support,3,employment_rate,0.9331638134833038,0.9331987085736613,0.9332309448078886,0.9331947317136838,2.9622918955455783e-05
mobility_support,3,congestion_index,0.7570158870420712,0.7578655500673775,0.7590503078073342,0.7580910714015969,0.0012768301644797526
mobility_support,3,health_system_load,0.6807683378411497,0.6829737408809944,0.6834702349155412,0.6825452874532009,0.0011222726710500535
mobility_support,3,rumor_belief,0.06956410723830153,0.06999478273086195,0.070444346629261,0.06997581994882388,0.0003499059524643274
mobility_support,3,stress,0.43227810433481356,0.43252949050942746,0.43264524024574974,0.43247445865089923,0.00015721893479821882
mobility_support,3,commute_minutes,24.8785352762682,24.883508938060146,24.893193298333017,24.885710673584267,0.009261617409330488
mobility_support,3,organization_vitality,0.8184804822885551,0.8193906252617885,0.8205174765147404,0.8195282875672922,0.0008480535232609314
mobility_support,3,public_service_reliability,0.837094906685264,0.8377247723068264,0.8383533329587418,0.8377234297146621,0.0006391558878955171
mobility_support,3,policy_cost_100m_cny,0.0,0.0,0.0,0.0,0.0
mobility_support,4,life_satisfaction,0.38943047244137474,0.3895298630554682,0.38964387436485104,0.38953642942751576,9.390157764083479e-05
mobility_support,4,government_trust,0.5807940240976224,0.5808409031713995,0.5810696959101603,0.5808911183260417,0.00012387306607207545
mobility_support,4,economic_confidence,0.5058847964459594,0.5060256698280572,0.5065157270557111,0.5061302111012024,0.00026962680451571617
mobility_support,4,consumption_index,0.43360612653484165,0.4338568430168813,0.4340539969859406,0.43384926578225635,0.00017716663645042855
mobility_support,4,employment_rate,0.9315507951259848,0.9316978264555498,0.9317703493036221,0.9316683641117305,9.732523631005694e-05
mobility_support,4,congestion_index,0.7565160393220419,0.7573144013041648,0.7584216705874456,0.7575134105547627,0.001162452211464742
mobility_support,4,health_system_load,0.6813397906562605,0.6834493086917077,0.6839601362359874,0.6830555929095319,0.0010953569699731097
mobility_support,4,rumor_belief,0.05736413063810208,0.05767460309463973,0.05795029297769033,0.05767308701792858,0.0002331889232926608
mobility_support,4,stress,0.4432812940822836,0.4434849369352979,0.4436396569027658,0.44346038057878984,0.00014749997547258638
mobility_support,4,commute_minutes,24.80299423919385,24.809003104609722,24.82037130301562,24.810800916704544,0.00899585502505227
mobility_support,4,organization_vitality,0.8141490221581832,0.8153132075251444,0.8164782359824111,0.8153353459804601,0.0009710557598243164
mobility_support,4,public_service_reliability,0.836402086619542,0.8370241455880486,0.8376283400434907,0.8370376214986353,0.00060773479830221
mobility_support,4,policy_cost_100m_cny,0.0,0.0,0.0,0.0,0.0
mobility_support,5,life_satisfaction,0.3610059398289205,0.3611124384366274,0.3612544520274048,0.36112442083864915,0.00011446128174898897
mobility_support,5,government_trust,0.562432439270384,0.5625018621109629,0.5627723228052092,0.5625578282793102,0.0001505092613980752
mobility_support,5,economic_confidence,0.4886026473631333,0.4887185032112773,0.4894363144334484,0.48893836058494655,0.00041067434643948716
mobility_support,5,consumption_index,0.3912369413971143,0.3914917298381224,0.3917248587893543,0.3914773314123821,0.00018673351914465092
mobility_support,5,employment_rate,0.9299662938444725,0.9302356637542653,0.9303527020131227,0.9301983559297577,0.0001546386762831715
mobility_support,5,congestion_index,0.7466783584513471,0.7474441581996297,0.7484437737110642,0.7476161841903584,0.0010226353344839787
mobility_support,5,health_system_load,0.681884706388046,0.6839115011717275,0.684423582296841,0.6835402767775205,0.0010681233195555734
mobility_support,5,rumor_belief,0.047409738693970034,0.04787813146166499,0.04813881304549398,0.047822679023384995,0.0002968491510717679
mobility_support,5,stress,0.44549931173005103,0.445645247490183,0.44583200215534646,0.4456545251509552,0.00013647485620713024
mobility_support,5,commute_minutes,24.7364281667806,24.739764984655494,24.754014301916374,24.743664813017784,0.007866348680172783
mobility_support,5,organization_vitality,0.8105525638050833,0.8116911645943468,0.8124619317418341,0.8115629006748141,0.0008928018676183861
mobility_support,5,public_service_reliability,0.8357488632976394,0.8363617848952194,0.8369432143375818,0.8363883059215587,0.0005797381447769052
mobility_support,5,policy_cost_100m_cny,0.2153846153846154,0.2153846153846154,0.2153846153846154,0.2153846153846154,0.0
mobility_support,6,life_satisfaction,0.3337986915511517,0.33390446828440146,0.33408926870464806,0.3339320521816865,0.00013055207112389159
mobility_support,6,government_trust,0.545181471520393,0.5452646626982394,0.5455851281301823,0.5453333074413265,0.00017336544243026157
mobility_support,6,economic_confidence,0.4722430759454106,0.47263764480029236,0.4729677786361829,0.4726246488982778,0.0003262583908218387
mobility_support,6,consumption_index,0.3537548317166629,0.3540086925807856,0.3542350336383277,0.35399263517810253,0.000181797292397783
mobility_support,6,employment_rate,0.9285057059633555,0.9287100021020129,0.9288491705854781,0.9286876942246376,0.00015388960985776516
mobility_support,6,congestion_index,0.74617493491315,0.7467859846505652,0.7478658605100122,0.7469864639972481,0.0010308085306708838
mobility_support,6,health_system_load,0.6824041829968202,0.6843576123764952,0.6848619461569714,0.6840005472776483,0.0010406308888955785
mobility_support,6,rumor_belief,0.039770736631118124,0.040052309899107665,0.040255511733653604,0.04002719626609154,0.00021419820352006224
mobility_support,6,stress,0.4471603567679411,0.4472509761444958,0.44744538816019674,0.44728390978514987,0.00012339521039576106
mobility_support,6,commute_minutes,24.728548425927354,24.733643452917647,24.75165787259953,24.738877420107716,0.01421203297640028
mobility_support,6,organization_vitality,0.80699460761667,0.808038826111098,0.809107575623143,0.8079793926610324,0.0009433856855408865
mobility_support,6,public_service_reliability,0.8351421789964665,0.8357356205614129,0.8363293444450284,0.8357735727763362,0.0005546717184793177
mobility_support,6,policy_cost_100m_cny,0.4307692307692308,0.4307692307692308,0.4307692307692308,0.4307692307692308,0.0
mobility_support,7,life_satisfaction,0.30785318350393753,0.30795385161551214,0.3081804737052094,0.30799882848727533,0.00014268456981241063
mobility_support,7,government_trust,0.5289467453293436,0.5290466600869158,0.5294015202937001,0.529117414355888,0.0001921139142883983
mobility_support,7,economic_confidence,0.4566897052906222,0.457008456600102,0.4575211155545313,0.4570675711931208,0.00032693959975834037
mobility_support,7,consumption_index,0.3204958070250739,0.32072551968720936,0.3209375024679548,0.3207210756351325,0.00017199080088222448
mobility_support,7,employment_rate,0.9268702806771678,0.9270769987076635,0.9273093579385044,0.9270883571590616,0.0001917101116176016
mobility_support,7,congestion_index,0.7455359705370328,0.7460167130094484,0.7471610796706581,0.7462589439332852,0.0009911618731707134
mobility_support,7,health_system_load,0.6828992852273025,0.6847807919935216,0.6852765360172509,0.684437563201228,0.001012945280546674
mobility_support,7,rumor_belief,0.033693573054394466,0.03387745534565633,0.03422818789145992,0.03391706750623589,0.00024345866740940934
mobility_support,7,stress,0.4483838775470392,0.44846077101091053,0.4486362733889205,0.44850284576194765,0.00011012128613925424
mobility_support,7,commute_minutes,24.723385781068675,24.729132766006224,24.74028720391929,24.73156374830389,0.009982946621662759
mobility_support,7,organization_vitality,0.8034935292156737,0.8043401377031794,0.8056266986133541,0.8044690213953027,0.000927314058378663
mobility_support,7,public_service_reliability,0.8345802607747452,0.8351436935220404,0.8357461433679663,0.8351916097072231,0.0005320940459808494
mobility_support,7,policy_cost_100m_cny,0.6461538461538462,0.6461538461538462,0.6461538461538462,0.6461538461538462,0.0
mobility_support,8,life_satisfaction,0.28318457884103443,0.28328077754512404,0.2835498485773718,0.28334397996194455,0.00015863770689093494
mobility_support,8,government_trust,0.5136489973974635,0.5137554654169558,0.514144956697394,0.513830982416672,0.00021204517871595266
mobility_support,8,economic_confidence,0.44185554900349544,0.44248978062369,0.4429557752428008,0.44244067239853124,0.00046050697704177497
mobility_support,8,consumption_index,0.29089993623312277,0.2911167535494719,0.2913081810503525,0.29110885847592627,0.0001813762898758486
mobility_support,8,employment_rate,0.9252358993680234,0.9255629537188184,0.9258160988346813,0.925532086191019,0.00024552645075206185
mobility_support,8,congestion_index,0.7448181482296792,0.7453117495487113,0.7464153625617239,0.7455369988934899,0.0009259528833863518
mobility_support,8,health_system_load,0.683371044320736,0.6851821676860105,0.6856685974745215,0.6848524351017028,0.0009851354094661156
mobility_support,8,rumor_belief,0.028680079691312366,0.02894216011801291,0.02933453746954756,0.028977254531128604,0.0002927884425748755
mobility_support,8,stress,0.44930461481191275,0.4493897674510544,0.44956616449529946,0.44942198369039105,0.00010384561702944327
mobility_support,8,commute_minutes,24.72123925027533,24.730436806389918,24.73994063675149,24.729838256557315,0.008095677371395998
mobility_support,8,organization_vitality,0.8003818023486592,0.8014140583343952,0.8024273010405579,0.8013415055558105,0.0008367697855256512
mobility_support,8,public_service_reliability,0.8340492608952433,0.8345841494933715,0.8351921407801493,0.8346406973444085,0.000511615711803085
mobility_support,8,policy_cost_100m_cny,0.8615384615384616,0.8615384615384616,0.8615384615384616,0.8615384615384616,0.0
mobility_support,9,life_satisfaction,0.25669759629507716,0.25704442273085926,0.2574017882811154,0.2570619854418397,0.0003100565918051028
mobility_support,9,government_trust,0.495518735839661,0.49592243024554944,0.4964573007479722,0.49600164020960424,0.00040957490020246596
mobility_support,9,economic_confidence,0.42683445086573146,0.42731946122143827,0.4280640037195608,0.4274084456115629,0.0005709259679138717
mobility_support,9,consumption_index,0.2627468586026403,0.2630700356525287,0.2633155301569721,0.26305587159853877,0.00023493101163164128
mobility_support,9,employment_rate,0.9229852627083942,0.9233457038101278,0.9237336578732877,0.9233491976072963,0.00032112860183546515
mobility_support,9,congestion_index,0.7685289195501914,0.7723080848087275,0.7736398705260409,0.7714402491294902,0.002446347467464395
mobility_support,9,health_system_load,0.8019060744200637,0.8219003384848989,0.8302497165703271,0.8173827345410307,0.011580840995881296
mobility_support,9,rumor_belief,0.027847963090563612,0.02827217432257129,0.028885039521182886,0.028348147245609703,0.00043504444141913035
mobility_support,9,stress,0.47207751894967676,0.4756751120853099,0.47718868391614044,0.47484164230852044,0.0020661596865723234
mobility_support,9,commute_minutes,25.401622565319094,25.516166841120793,25.551000061248423,25.48669233529063,0.0661928200129189
mobility_support,9,organization_vitality,0.7954416265532677,0.7971135343127695,0.7976541019043331,0.7967244235827993,0.0009701894096889128
mobility_support,9,public_service_reliability,0.8325437284806998,0.833126863499013,0.83377887827824,0.8331553123343378,0.0005001536952804691
mobility_support,9,policy_cost_100m_cny,1.076923076923077,1.076923076923077,1.076923076923077,1.076923076923077,0.0
mobility_support,10,life_satisfaction,0.22915961952202019,0.22981618590083755,0.23067388384597756,0.22983820779611602,0.0005792249739771325
mobility_support,10,government_trust,0.4754683914356095,0.4762570818209576,0.4773708949476794,0.47633864170991397,0.0007271601454759688
mobility_support,10,economic_confidence,0.4127355602989794,0.4133487784734732,0.4142124092808177,0.4134967699822643,0.000677298876568332
mobility_support,10,consumption_index,0.23627111761537958,0.23675871026026757,0.23714119418331278,0.23672185636460547,0.0003473139309512056
mobility_support,10,employment_rate,0.9209697874068784,0.9212441602495429,0.9218573483019952,0.9213259702587981,0.0003852127831294407
mobility_support,10,congestion_index,0.7685346360010599,0.7703803824369899,0.7731023913489061,0.7705479200832611,0.001918267450409078
mobility_support,10,health_system_load,0.9041740382703678,0.9309939913196164,0.9441678345820071,0.9284614382112144,0.015508801799768957
mobility_support,10,rumor_belief,0.026954961558352513,0.027331402148378113,0.027810239924921043,0.0273990333743103,0.0003996538212430645
mobility_support,10,stress,0.4912852775128107,0.4958324513096688,0.49838600874105027,0.4954953412702694,0.00274513186331207
mobility_support,10,commute_minutes,25.39163295128631,25.441736636750775,25.50864848080525,25.445482969079976,0.04896997043641863
mobility_support,10,organization_vitality,0.7916455176751221,0.7929057356331911,0.7941293895270787,0.7928965514328623,0.0009768823134613492
mobility_support,10,public_service_reliability,0.8311731281511887,0.8318334406933175,0.8324245552019903,0.8318040205855227,0.0004858515503256001
mobility_support,10,policy_cost_100m_cny,1.2923076923076926,1.2923076923076926,1.2923076923076926,1.2923076923076926,0.0
mobility_support,11,life_satisfaction,0.20109451376154436,0.201765302264808,0.20332218864425453,0.20196836334413418,0.0008676595601634162
mobility_support,11,government_trust,0.45399195871440756,0.45494221485940944,0.45679495936791886,0.4551282543667687,0.0010769044563602027
mobility_support,11,economic_confidence,0.39950088514284454,0.4002596524673345,0.4008209633382022,0.4001816407083211,0.0006185405030088277
mobility_support,11,consumption_index,0.21152120039889588,0.21202747464596478,0.21264262847187326,0.21201469228098682,0.0004648442749915956
mobility_support,11,employment_rate,0.9187347862151021,0.9193190752396962,0.9195698913674792,0.9192135692908862,0.00036412967554415185
mobility_support,11,congestion_index,0.7687502484527909,0.7722615844966414,0.7735094532740238,0.7716465265803336,0.0019100514030638064
mobility_support,11,health_system_load,1.0068121965655645,1.0361254430411808,1.0524915743530037,1.0324128393058252,0.017298597361779695
mobility_support,11,rumor_belief,0.026304399004533248,0.026706700546140952,0.02724007155585021,0.026772523015337897,0.00043420500154721397
mobility_support,11,stress,0.5098933921581901,0.5146106620362781,0.517955813731323,0.5141941257199516,0.003028145638006428
mobility_support,11,commute_minutes,25.405365508647343,25.471586996451304,25.504641549468634,25.461330214168896,0.040419486974505515
mobility_support,11,organization_vitality,0.7876379960946067,0.7893822774249575,0.7900792978710256,0.7891350213871302,0.0009553425820655455
mobility_support,11,public_service_reliability,0.829830846941678,0.8305222092118856,0.8311025872337153,0.8304943047902219,0.00047963414592476267
mobility_support,11,policy_cost_100m_cny,1.507692307692308,1.507692307692308,1.507692307692308,1.507692307692308,0.0
mobility_support,12,life_satisfaction,0.17250051215742557,0.17340596573114642,0.1756483002398517,0.17373333552589837,0.001251558046579389
mobility_support,12,government_trust,0.4311267187696004,0.4322954868571718,0.43501608568471384,0.4326424112116701,0.0015470492477739732
mobility_support,12,economic_confidence,0.3867332913344607,0.38752972969832117,0.3881957675532594,0.3875030062628081,0.0007830627376249019
mobility_support,12,consumption_index,0.18817764088168729,0.18882820943899734,0.18972846182638622,0.18885693075153498,0.0006154062854226763
mobility_support,12,employment_rate,0.9164971502362328,0.9170490423770907,0.9175400085164135,0.9170698881059021,0.00045791704214471845
mobility_support,12,congestion_index,0.7699106346718348,0.7715524484000158,0.7768578016239338,0.7725887004776409,0.003091705557513582
mobility_support,12,health_system_load,1.097371189311524,1.1290402830474047,1.156562224646842,1.1292812013241038,0.02379787856374926
mobility_support,12,rumor_belief,0.02594393677421098,0.02617340821024963,0.026813962388474496,0.026331082126402505,0.0004177389018301449
mobility_support,12,stress,0.5257295086406472,0.5307191990796586,0.5359130144770988,0.5310472218977049,0.004069651261375626
mobility_support,12,commute_minutes,25.39868604051555,25.446946302725173,25.596785906542145,25.474562867779476,0.07963823727406955
mobility_support,12,organization_vitality,0.7839763426285448,0.7855365055221954,0.7866989413857042,0.7855440262806085,0.001118883761377042
mobility_support,12,public_service_reliability,0.8286020549299193,0.8292783618589978,0.8298143418589641,0.8292300857263843,0.00044034451227586795
mobility_support,12,policy_cost_100m_cny,1.7230769230769236,1.7230769230769236,1.7230769230769236,1.7230769230769236,0.0
mobility_support,13,life_satisfaction,0.14351611168698095,0.1446924451484491,0.14751556053514203,0.14510927113597902,0.0015725961787428453
mobility_support,13,government_trust,0.40633949140541814,0.40790211539449506,0.4113730795709735,0.40835534092032877,0.0019752168684592803
mobility_support,13,economic_confidence,0.37423101030378364,0.375081764010873,0.37587716650213027,0.37511211090035956,0.000849658012183944
mobility_support,13,consumption_index,0.16626565725646947,0.1668846707308952,0.16802149338987843,0.16698703186641953,0.0007292519616058703
mobility_support,13,employment_rate,0.9140457284751407,0.9147402725670211,0.9152319969623018,0.9147139460863771,0.0005258258652215517
mobility_support,13,congestion_index,0.7718184499118877,0.7744036578289816,0.7770517187309903,0.7744079942511896,0.0022951776132165884
mobility_support,13,health_system_load,1.203004855045282,1.2407654068877414,1.2570896654090298,1.234713338156312,0.021560929914480238
mobility_support,13,rumor_belief,0.04051188033362456,0.04131076771775196,0.04256482374473072,0.0415171167311366,0.0007837147403208163
mobility_support,13,stress,0.5444214534646159,0.5502661396158441,0.5534039833723389,0.549483574348548,0.0034937792997372682
mobility_support,13,commute_minutes,25.460095138099366,25.508185196242238,25.59081181082726,25.514200102010836,0.055469383270199124
mobility_support,13,organization_vitality,0.7798145744788924,0.7819826156250272,0.7828603425785415,0.7816663407398737,0.001166304607294897
mobility_support,13,public_service_reliability,0.8272766019859258,0.8279885664405975,0.8285142799365883,0.8279129465453963,0.000463242237250571
mobility_support,13,policy_cost_100m_cny,1.9384615384615391,1.9384615384615391,1.9384615384615391,1.9384615384615391,0.0
mobility_support,14,life_satisfaction,0.11546119595724716,0.11629862409196634,0.11976266926964349,0.11710652098954145,0.0017313473186833502
mobility_support,14,government_trust,0.3804563865172218,0.3817217863474214,0.38625388172704755,0.3827136090260158,0.0023065625812603847
mobility_support,14,economic_confidence,0.3623604502059071,0.3634017972768971,0.36434490912506745,0.36335697800023015,0.0009468398853356975
mobility_support,14,consumption_index,0.14627738841354546,0.14686353218846585,0.14812545021080198,0.14705158194215717,0.0007685447600472716
mobility_support,14,employment_rate,0.911718023271436,0.9125042936225702,0.912864297622611,0.9123484793851446,0.0005872016039746486
mobility_support,14,congestion_index,0.7720424945047769,0.7745593958043668,0.7764293865962542,0.7742247245285583,0.001940994058948297
mobility_support,14,health_system_load,1.3016704253995035,1.3376169626602392,1.350226150980079,1.3293864336649035,0.02115093389370415
mobility_support,14,rumor_belief,0.05305886241194564,0.054309422680026094,0.055302747539245314,0.05419004354280086,0.0009134333267648903
mobility_support,14,stress,0.561852557521173,0.5673111819856673,0.5693664047044764,0.5660938172470219,0.0032622899406532075
mobility_support,14,commute_minutes,25.43620753957861,25.497502930033015,25.57696602106359,25.50282686273369,0.05375434332334574
mobility_support,14,organization_vitality,0.7763712298235478,0.7783614801594336,0.7791431713841773,0.7780468609583682,0.0011934302646566335
mobility_support,14,public_service_reliability,0.8260840110137332,0.8266839182215281,0.8272594708789187,0.8266680798212148,0.00045876407274818764
mobility_support,14,policy_cost_100m_cny,2.1538461538461546,2.1538461538461546,2.1538461538461546,2.1538461538461546,0.0
mobility_support,15,life_satisfaction,0.0906541290378502,0.09127181061441918,0.09484663471553582,0.09218781690552887,0.0017195559911213668
mobility_support,15,government_trust,0.3535778280008841,0.3546779454579483,0.36027227933090195,0.3560714525320544,0.002656761261053665
mobility_support,15,economic_confidence,0.35105921464044726,0.3522648721954426,0.3532746300910747,0.3522132770239785,0.0008922752270945689
mobility_support,15,consumption_index,0.13089728483170898,0.1314011379135122,0.1325635384343623,0.1316015374663977,0.000701161865938129
mobility_support,15,employment_rate,0.909305613285599,0.9100946868126107,0.9105071978771042,0.9099835142072676,0.0005472804758696246
mobility_support,15,congestion_index,0.771723820554838,0.7752859076306615,0.7762336314075828,0.7743747724120529,0.0019371750243169267
mobility_support,15,health_system_load,1.3893773046914577,1.4172451654958507,1.4408293901015143,1.415966525795609,0.023390688591482838
mobility_support,15,rumor_belief,0.06327090003180065,0.06428659042849419,0.06533491069927874,0.06429476973544844,0.0008167152875991979
mobility_support,15,stress,0.5773838234397637,0.5812967315815638,0.5849723353749277,0.5812486185337145,0.0035625607251144726
mobility_support,15,commute_minutes,25.429714602861452,25.521059504547377,25.542430636606213,25.502215740511552,0.0459720412125979
mobility_support,15,organization_vitality,0.773536535364583,0.7748007886751767,0.7758311325699818,0.7746847932790915,0.0010023158225450771
mobility_support,15,public_service_reliability,0.8248822805342527,0.8255454885635432,0.8260305415864212,0.8254818116848002,0.0004562430647682924
mobility_support,15,policy_cost_100m_cny,2.36923076923077,2.36923076923077,2.36923076923077,2.36923076923077,0.0
mobility_support,16,life_satisfaction,0.07122659667997733,0.0717722693367346,0.0750311351462322,0.07264644567829323,0.0016009041733336536
mobility_support,16,government_trust,0.32587381531853715,0.3270513502429904,0.3333126489940829,0.3286983290205589,0.003031432834148458
mobility_support,16,economic_confidence,0.34046595125018986,0.34170746801247753,0.34256358886353966,0.34166402537193186,0.0009483881014945859
mobility_support,16,consumption_index,0.12072685761123164,0.12128832104909648,0.1222962429492278,0.12143115008318878,0.0006620186046724891
mobility_support,16,employment_rate,0.9068575997334928,0.9076610233623454,0.908298750712167,0.907621892941995,0.0006259474058319533
mobility_support,16,congestion_index,0.7717282213575317,0.7756687115730181,0.7772316116435641,0.774760432519942,0.00246517763594786
mobility_support,16,health_system_load,1.469505099772441,1.5047512587699177,1.5176732748217379,1.4965862589859933,0.02304941635960749
mobility_support,16,rumor_belief,0.07085382885636288,0.07225400128678443,0.07352494609030724,0.07223280783222685,0.001146448625656567
mobility_support,16,stress,0.5914710137874443,0.5960310671433199,0.5985366339445436,0.5952333487480813,0.0034128177138984172
mobility_support,16,commute_minutes,25.42668426989695,25.525044968222247,25.570212470396786,25.50937203523684,0.06172825429167401
mobility_support,16,organization_vitality,0.7702664037821839,0.7717169305594984,0.7730117594301723,0.7715880797500679,0.0011184803580260006
mobility_support,16,public_service_reliability,0.823756818040365,0.8243920808704474,0.8248420529679967,0.8243432848568398,0.00041555369714981475
mobility_support,16,policy_cost_100m_cny,2.5846153846153856,2.5846153846153856,2.5846153846153856,2.5846153846153856,0.0
mobility_support,17,life_satisfaction,0.05627044091863885,0.056848303057700056,0.06007781707204942,0.057667134883985574,0.00164645477694308
mobility_support,17,government_trust,0.2977875061427172,0.29920941446771776,0.30641392602979284,0.3010243394110017,0.003615336060696891
mobility_support,17,economic_confidence,0.33026372423704786,0.3316976862775234,0.3326243928203925,0.33160415070860993,0.001022616970628407
mobility_support,17,consumption_index,0.11277273609144273,0.11344858117581569,0.11455486856419565,0.1136013394340576,0.0007378121369533167
mobility_support,17,employment_rate,0.9042925281946732,0.9052978288417768,0.9059776804154651,0.9052200100026166,0.0006937676905418202
mobility_support,17,congestion_index,0.7706359529809692,0.7736362254611421,0.7758305785225611,0.7733175594152137,0.0026333061376107216
mobility_support,17,health_system_load,1.523159443815311,1.5750922759969395,1.5896466509227847,1.5638556211970704,0.03219586121817331
mobility_support,17,rumor_belief,0.07736825474880611,0.07847252866716904,0.07900334556091854,0.07827261484262357,0.0007137784813582077
mobility_support,17,stress,0.6011018533554029,0.6084200216122705,0.6107951447470268,0.6068692542705498,0.004737120881248037
mobility_support,17,commute_minutes,25.402543588885013,25.49214996459795,25.52587634645228,25.472131382335164,0.06356179461792762
mobility_support,17,organization_vitality,0.7670821026637977,0.7688629479679421,0.7700650988081867,0.7686336649433148,0.0012333737591908658
mobility_support,17,public_service_reliability,0.8227190424179638,0.823278288503112,0.8237781457626211,0.82329858707775,0.00042103072159917036
mobility_support,17,policy_cost_100m_cny,2.800000000000001,2.800000000000001,2.800000000000001,2.800000000000001,0.0
mobility_support,18,life_satisfaction,0.042980997390172505,0.04358985265222956,0.047023160594577944,0.044433190984734354,0.0017754961103849014
mobility_support,18,government_trust,0.26961032827920095,0.2712144060109155,0.2794366593312617,0.2732371110811183,0.00418883413404143
mobility_support,18,economic_confidence,0.32084757220233334,0.322188289588873,0.32295304686469395,0.32206175621972294,0.0008891410242695618
mobility_support,18,consumption_index,0.10557967445464078,0.10629657642543794,0.10753129809474196,0.10646996165647189,0.0008179084551828859
mobility_support,18,employment_rate,0.9019805548216249,0.9028764440358883,0.9034817915261795,0.9028318245225784,0.000640362175660166
mobility_support,18,congestion_index,0.7699713619296582,0.7733015545973633,0.7751315608799452,0.7729936223493428,0.0020745897992800375
mobility_support,18,health_system_load,1.5800382311582724,1.6362154893211016,1.6521893081509524,1.6252562008489986,0.0326934097172032
mobility_support,18,rumor_belief,0.08266698862744801,0.08329987922970114,0.08498388041434204,0.08361413033906373,0.0011734935136378324
mobility_support,18,stress,0.6111183280676166,0.6190124741551266,0.6211416129691,0.6173898914296705,0.004687350611457667
mobility_support,18,commute_minutes,25.405471430549273,25.466533086104484,25.52320378378032,25.466814966201873,0.045526185974243134
mobility_support,18,organization_vitality,0.7646756960204578,0.766021635767564,0.7669478322638821,0.7658929962702201,0.0009575049798447787
mobility_support,18,public_service_reliability,0.8216839796934174,0.8223016716558438,0.8227948685484382,0.8223052849542668,0.00043640292022121456
mobility_support,18,policy_cost_100m_cny,3.0153846153846167,3.0153846153846167,3.0153846153846167,3.0153846153846167,0.0
mobility_support,19,life_satisfaction,0.03248061628636827,0.03306871901438557,0.036553350536314005,0.03392451577901673,0.0018099952869644448
mobility_support,19,government_trust,0.24554185142609036,0.24716655958568745,0.2562551857049393,0.2494005396700088,0.004653848063892146
mobility_support,19,economic_confidence,0.3129533422840018,0.3138865552247395,0.3149839064694861,0.31394724099571597,0.0009153701153047769
mobility_support,19,consumption_index,0.09974129082429252,0.10051368835398702,0.10179021655513952,0.10065938004281436,0.0008747414335985353
mobility_support,19,employment_rate,0.9001865627435073,0.9009205490378793,0.901689031959546,0.9009372411884731,0.0007006118429101955
mobility_support,19,congestion_index,0.7470536149725582,0.747519734685612,0.7489326211174165,0.7477202914867067,0.0007911028865668234
mobility_support,19,health_system_load,1.4887848628846176,1.5391121410939417,1.5530909195434452,1.5291329754718312,0.029028992707061316
mobility_support,19,rumor_belief,0.08284543104759057,0.08491801965284562,0.08668273934757421,0.08485021568281985,0.0016512812127405393
mobility_support,19,stress,0.5985014055488189,0.6056396681750402,0.6075229762697469,0.6041327749296035,0.004206140616636134
mobility_support,19,commute_minutes,24.748137134739878,24.753965251195694,24.764142931862153,24.755033556546845,0.007462137004665157
mobility_support,19,organization_vitality,0.7633880245988899,0.7646896325528474,0.7658361746409722,0.7647010765725564,0.0010620101092419657
mobility_support,19,public_service_reliability,0.8216482837342955,0.8222438555930511,0.8227236414345543,0.8222486349222382,0.0004242268379423254
mobility_support,19,policy_cost_100m_cny,3.230769230769232,3.230769230769232,3.230769230769232,3.230769230769232,0.0
mobility_support,20,life_satisfaction,0.02440139061421231,0.024956263264547016,0.02831890916520053,0.02578452958894449,0.0017571684226692892
mobility_support,20,government_trust,0.2249116881896508,0.22655051102500945,0.23635370630622837,0.22896611096153985,0.005046216755380041
mobility_support,20,economic_confidence,0.3048350224773704,0.3060629792286605,0.30698081272563493,0.30596435283648526,0.0009606255499686941
mobility_support,20,consumption_index,0.09493057336249441,0.0957561873735252,0.09704646470618752,0.09587142408947108,0.0009182015280059264
mobility_support,20,employment_rate,0.8980637735249206,0.8989883797254248,0.8996636897269089,0.8988966940876819,0.0007460721201170321
mobility_support,20,congestion_index,0.7450162885603299,0.7454497947978722,0.7469265765899726,0.7456651947729765,0.0008241324412372888
mobility_support,20,health_system_load,1.4087650713162476,1.453629235298143,1.4664140620534334,1.4450113993164293,0.026138679899288544
mobility_support,20,rumor_belief,0.0843733582422696,0.08634872731756105,0.0889167428574647,0.08657787922457083,0.0018732458349078169
mobility_support,20,stress,0.5875743758546375,0.594013346853212,0.5958017545658673,0.5927027480622444,0.003863904678959463
mobility_support,20,commute_minutes,24.725826156125837,24.732370275931014,24.745049230347664,24.734265594640238,0.008656320860405792
mobility_support,20,organization_vitality,0.7617288234699098,0.7634665057134653,0.7642909848777462,0.7631916833888478,0.0011198659911143278
mobility_support,20,public_service_reliability,0.8216180364453153,0.8221970357275096,0.8226535606993296,0.8222000008846271,0.00041143627645598494
mobility_support,20,policy_cost_100m_cny,3.4461538461538477,3.4461538461538477,3.4461538461538477,3.4461538461538477,0.0
mobility_support,21,life_satisfaction,0.018531140057597373,0.019022750784209577,0.022137559834369554,0.019793636051471792,0.0016380690702238446
mobility_support,21,government_trust,0.20804897471656003,0.20975140422086067,0.2200154054366108,0.21223965967676106,0.005337817301568226
mobility_support,21,economic_confidence,0.298125193027949,0.29895352064735203,0.29993379793807656,0.298982222596365,0.0008287515802939424
mobility_support,21,consumption_index,0.09109981099073218,0.09189610143584807,0.093224957680049,0.09203296751159148,0.00093869831103623
mobility_support,21,employment_rate,0.8964520831716082,0.8971804442667765,0.8979179016809398,0.8971728278217653,0.0006987750135734974
mobility_support,21,congestion_index,0.7432561318538041,0.7436182906328125,0.745051155214715,0.7438681415692145,0.0007688614980696362
mobility_support,21,health_system_load,1.326598475162318,1.3661546036687726,1.3774389248818155,1.3585495661738611,0.023036316309747885
mobility_support,21,rumor_belief,0.06906052067688705,0.07047680677512014,0.07267232580846947,0.07070056782346608,0.0014996932586966594
mobility_support,21,stress,0.5754902387229062,0.5811811966995672,0.5828815197009775,0.5800789397600549,0.0034781871416962647
mobility_support,21,commute_minutes,24.722088158782373,24.726247236546307,24.730208736533292,24.726138000212803,0.004097421409291602
mobility_support,21,organization_vitality,0.7614301594893726,0.7626730170494171,0.7636407278154718,0.7626521945897207,0.0009258702929050303
mobility_support,21,public_service_reliability,0.8216771269096536,0.8222334344850646,0.8226693669406924,0.8222359074358998,0.00039643410568998387
mobility_support,21,policy_cost_100m_cny,3.661538461538463,3.661538461538463,3.661538461538463,3.661538461538463,0.0
mobility_support,22,life_satisfaction,0.014365788082536244,0.014821474268960362,0.017597544813975914,0.015491530893538375,0.0014809896296459728
mobility_support,22,government_trust,0.19438338850421075,0.19614310422688055,0.2066976481906202,0.19865374994233648,0.005543523800351687
mobility_support,22,economic_confidence,0.29117355611400575,0.29221774430174885,0.2932114870889034,0.2922113988893929,0.0008405599252906238
mobility_support,22,consumption_index,0.08802124762189885,0.08879236619185124,0.09014291867068995,0.08895215373046922,0.0009453023867539797
mobility_support,22,employment_rate,0.8945534478102043,0.8953469102035134,0.8961631822600037,0.8953811412220908,0.0007146113178654628
mobility_support,22,congestion_index,0.7413767032085039,0.741833161082526,0.7431882985589581,0.7420096747779481,0.000773306007299894
mobility_support,22,health_system_load,1.2543790360258367,1.2892989830822075,1.2992728019167321,1.2825793552661007,0.020325935869983533
mobility_support,22,rumor_belief,0.0568405711403579,0.05791482267339933,0.059786193236821016,0.05820598863142613,0.0012002421054105716
mobility_support,22,stress,0.5643174274109057,0.5693372818739025,0.5709467338761651,0.5684235910006004,0.0031290387107850426
mobility_support,22,commute_minutes,24.702486334865704,24.710758040865016,24.71621623028901,24.70989614262495,0.007486156901108641
mobility_support,22,organization_vitality,0.7610090169762982,0.7618256276695787,0.7630037297821544,0.7619535445647854,0.0008850220952843339
mobility_support,22,public_service_reliability,0.8217413015870684,0.8222768582808808,0.8226917236145742,0.8222775851978351,0.00038190949097892743
mobility_support,22,policy_cost_100m_cny,3.8769230769230787,3.8769230769230787,3.8769230769230787,3.8769230769230787,0.0
mobility_support,23,life_satisfaction,0.011479082341950926,0.011897309149542405,0.014337718856573346,0.0124761220236516,0.0013146800147727192
mobility_support,23,government_trust,0.1834230275905039,0.1852171752737851,0.19595187421226382,0.18773330346839373,0.00567788947787273
mobility_support,23,economic_confidence,0.284928727370087,0.2860087068998801,0.28685379859213717,0.2859037151916544,0.0008420121350300544
mobility_support,23,consumption_index,0.0855699117841039,0.08630106145980554,0.0876766698635809,0.08648435308726629,0.0009416761242331294
mobility_support,23,employment_rate,0.8928730350695773,0.893550615654765,0.894501583488387,0.8936516602290945,0.0007187271303811896
mobility_support,23,congestion_index,0.7395462732877826,0.7400420049131153,0.7413397056443906,0.7402125650455246,0.000761167476989969
mobility_support,23,health_system_load,1.1908696530776148,1.2217369808924818,1.2305652678695507,1.2157919720349235,0.01795627879669032
mobility_support,23,rumor_belief,0.04724366405193243,0.047856622181641884,0.04968358135410709,0.04819323742848608,0.0009973296555566534
mobility_support,23,stress,0.5540634481235325,0.5585080656348627,0.5600146527240304,0.5577481015258575,0.002815101914859887
mobility_support,23,commute_minutes,24.692242200888472,24.699423768886597,24.712907058195974,24.70081882288064,0.00838413817500867
mobility_support,23,organization_vitality,0.7604652882786004,0.7613768476129623,0.7625201476692972,0.7614862570918205,0.0009313190453628051
mobility_support,23,public_service_reliability,0.8218097376463187,0.8223308144652925,0.8227197877666037,0.822324212361569,0.0003678390492928759
mobility_support,23,policy_cost_100m_cny,4.092307692307694,4.092307692307694,4.092307692307694,4.092307692307694,0.0
mobility_support,24,life_satisfaction,0.009495045144381686,0.009891567936875862,0.012036321462149216,0.010389565781811579,0.0011647340006984007
mobility_support,24,government_trust,0.17472663019049542,0.17655858743614394,0.18737457135476288,0.17906205194274286,0.005751761630266968
mobility_support,24,economic_confidence,0.2785898032924556,0.2796810936964674,0.2808080993740193,0.2797164497437031,0.0008435304388538701
mobility_support,24,consumption_index,0.083575972920901,0.08429499363662607,0.08567866424805713,0.08448606086410056,0.0009314092300250387
mobility_support,24,employment_rate,0.8908639386096081,0.8917528289421491,0.8927551946006573,0.891785690924164,0.0007613359396810257
mobility_support,24,congestion_index,0.7376048915798312,0.7380852006811933,0.7394006046501784,0.7383091364560909,0.0007700506979028521
mobility_support,24,health_system_load,1.1349891105344423,1.1623109432333434,1.1701369993118018,1.1570441608128967,0.01588292040606949
mobility_support,24,rumor_belief,0.039610215438339945,0.040374306366454796,0.04139435102913572,0.04043031975674476,0.0007433853398067101
mobility_support,24,stress,0.5447225593342626,0.5487313884683862,0.5500837461361846,0.5480427827887162,0.0025345750650399034
mobility_support,24,commute_minutes,24.671922147300737,24.684614187811967,24.68998029406496,24.681621655037162,0.008713294608691385
mobility_support,24,organization_vitality,0.7595994239192718,0.7606422963972543,0.7617613018703678,0.7607054511942642,0.0009822858258000848
mobility_support,24,public_service_reliability,0.8218816926927454,0.8223880992177637,0.8227527940153772,0.8223750449589424,0.00035420310644010297
mobility_support,24,policy_cost_100m_cny,4.307692307692309,4.307692307692309,4.307692307692309,4.307692307692309,0.0
mobility_support,25,life_satisfaction,0.008149928655686773,0.00853051958187735,0.010435286185832107,0.008961854404560638,0.0010428570803144926
mobility_support,25,government_trust,0.16800017868544695,0.16990454469039545,0.1807139257653335,0.17238060034436034,0.005773633850028365
mobility_support,25,economic_confidence,0.27562634811969927,0.2766575889931435,0.2777310021759571,0.2766940436021009,0.0008015574224462114
mobility_support,25,consumption_index,0.08214286425693228,0.08284707138802089,0.08422084480685263,0.08304172720805282,0.0009135031732432514
mobility_support,25,employment_rate,0.8905507629374503,0.8914477837409327,0.8924243329196139,0.8914679958344726,0.0007592670324535164
mobility_support,25,congestion_index,0.7369638466928435,0.7374342052170415,0.7387720010684915,0.7376749470128885,0.0007689992106817226
mobility_support,25,health_system_load,1.085792356797894,1.1100096275856837,1.1169579934465885,1.1053371697508205,0.014067352258324842
mobility_support,25,rumor_belief,0.03145221224255861,0.03205856095820321,0.03286825250301426,0.03210306049182961,0.0005900977408212647
mobility_support,25,stress,0.5361741490865439,0.5398061074707732,0.5410117884387664,0.5391701113513546,0.002282672180030254
mobility_support,25,commute_minutes,24.744686745745884,24.748292826079066,24.756839558209602,24.749542551835816,0.005093529339573798
mobility_support,25,organization_vitality,0.7630234584841153,0.7640037586134191,0.765055623758146,0.7640631241226084,0.0009233486762521659
mobility_support,25,public_service_reliability,0.8219564980780741,0.8224481188678634,0.8227900482783379,0.8224294104801296,0.0003409849924881784
mobility_support,25,policy_cost_100m_cny,4.523076923076925,4.523076923076925,4.523076923076925,4.523076923076925,0.0
mobility_support,26,life_satisfaction,0.00724883260473547,0.007609100838550426,0.009334910317370833,0.00799152953841056,0.0009495258650251628
mobility_support,26,government_trust,0.1629858287003382,0.1649378420768512,0.17566870595621115,0.16737467550390783,0.005752558610609826
mobility_support,26,economic_confidence,0.2728868209521228,0.2738610016896297,0.2748824414967079,0.27389785074398265,0.0007614573036806543
mobility_support,26,consumption_index,0.08115193923876825,0.08183989401209639,0.08318979532169511,0.08203486317964293,0.0008900291325979755
mobility_support,26,employment_rate,0.8902558587428475,0.8911320694035869,0.8921407318077732,0.8911671424481071,0.0007669016607528689
mobility_support,26,congestion_index,0.7363652454774066,0.7367917253154537,0.7381646355983309,0.737059055096226,0.0007663952526619097
mobility_support,26,health_system_load,1.0424532614615714,1.063949569768377,1.070128541619976,1.0597983719557673,0.012476185979946184
mobility_support,26,rumor_belief,0.024978785433199906,0.025459985503740724,0.02610284116343809,0.025495363250680355,0.0004685009373768842
mobility_support,26,stress,0.5283336339044075,0.5316233623258964,0.5327006681042659,0.5310369217963115,0.0020559029502219064
mobility_support,26,commute_minutes,24.740448969414484,24.743727548755935,24.752564458411705,24.745189700965234,0.005076323027373264
mobility_support,26,organization_vitality,0.7662420509750686,0.767163533096614,0.7681522863326572,0.767219336675252,0.0008679477556770002
mobility_support,26,public_service_reliability,0.8220335527234697,0.8225103390027668,0.8228309219712883,0.8224867019769222,0.000328170451463848
mobility_support,26,policy_cost_100m_cny,4.73846153846154,4.73846153846154,4.73846153846154,4.73846153846154,0.0
mobility_support,27,life_satisfaction,0.00665959633785355,0.007002326442048167,0.008588380442792757,0.007346062475412072,0.0008765598831156798
mobility_support,27,government_trust,0.15940943107215239,0.16138829134755941,0.17198238234637409,0.1637765963296248,0.005696329051960761
mobility_support,27,economic_confidence,0.27034296918711226,0.2712700301736093,0.2722462660865294,0.2713060394306471,0.0007277317999972133
mobility_support,27,consumption_index,0.08050552031757809,0.08117614995655004,0.082493258492306,0.08136938134468433,0.0008628760854745047
mobility_support,27,employment_rate,0.8899543856689038,0.8908404172425475,0.8918783129578586,0.8908813771540677,0.0007743084267495303
mobility_support,27,congestion_index,0.73578402344111,0.7361829424362498,0.7375503939929698,0.7364604540176443,0.0007615580214618593
mobility_support,27,health_system_load,1.0042495468009272,1.023358813681982,1.0288626182809912,1.0196652159052932,0.011080463928688894
mobility_support,27,rumor_belief,0.01984147206416139,0.020223391053971723,0.020733901644124395,0.02025153460933002,0.0003720322425503048
mobility_support,27,stress,0.5211812933826618,0.5241642178119656,0.5251279060920678,0.5236229887154981,0.001853160567559099
mobility_support,27,commute_minutes,24.73632164167388,24.739370782268203,24.748235198206896,24.740953468822596,0.005045149855518664
mobility_support,27,organization_vitality,0.7692675279165644,0.7701337211108171,0.7710631491526977,0.7701861764747368,0.0008158708903363589
mobility_support,27,public_service_reliability,0.8221123174183365,0.8225742794935578,0.8228748466472825,0.8225463726163711,0.0003157471495859933
mobility_support,27,policy_cost_100m_cny,4.953846153846156,4.953846153846156,4.953846153846156,4.953846153846156,0.0
mobility_support,28,life_satisfaction,0.006293073993903807,0.006621344741914864,0.008100015424640212,0.0069363633771337505,0.0008197841227093364
mobility_support,28,government_trust,0.1570373342987763,0.1590256754174403,0.16943620320223607,0.16135820484450059,0.0056115724632185065
mobility_support,28,economic_confidence,0.2679744061273182,0.2688564760917036,0.2697943651913376,0.2688933456822247,0.0006967393407017595
mobility_support,28,consumption_index,0.08012398972974125,0.08077710433155272,0.08205491878739621,0.0809666863447063,0.0008334146647231002
mobility_support,28,employment_rate,0.889695324245014,0.8905607582008704,0.8916229402626227,0.8906122216252231,0.0007743008403002796
mobility_support,28,congestion_index,0.7352144331189031,0.7355992327693763,0.7369724218258553,0.7358884877308316,0.0007585853269882004
mobility_support,28,health_system_load,0.9705496251138687,0.9875627102721141,0.9924733850755247,0.9842712158324053,0.009855062728499751
mobility_support,28,rumor_belief,0.015763898118700975,0.0160670584739771,0.016472563432119055,0.016089459611880984,0.0002954878282082407
mobility_support,28,stress,0.5146887310924758,0.5173954246184722,0.5182580577430066,0.516895612905961,0.0016716149036960517
mobility_support,28,commute_minutes,24.732288513305015,24.73516591988879,24.744157360737475,24.736905294059554,0.005025817979914156
mobility_support,28,organization_vitality,0.7721114762415706,0.7729256978441681,0.7737993602035358,0.7729750058862527,0.0007669186369161625
mobility_support,28,public_service_reliability,0.822192309560015,0.8226395099050438,0.8229213090430607,0.8226079306519691,0.00030370426796919763
mobility_support,28,policy_cost_100m_cny,5.169230769230771,5.169230769230771,5.169230769230771,5.169230769230771,0.0
mobility_support,29,life_satisfaction,0.006090431858905114,0.00640948008050546,0.007806793910013746,0.006702190239227603,0.0007765404768683069
mobility_support,29,government_trust,0.15567035705863105,0.1576537644124512,0.16784363880012199,0.1599250007944138,0.005503946167463716
mobility_support,29,economic_confidence,0.26576042898897584,0.26660166214133046,0.26750623889497116,0.26664015116020795,0.0006690233643101891
mobility_support,29,consumption_index,0.07994248740150586,0.0805780235142379,0.08181222558006523,0.08076253391914834,0.0008027651756069737
mobility_support,29,employment_rate,0.8894320357191472,0.8903059634761691,0.891372966303456,0.8903576223988863,0.0007819669923679331
mobility_support,29,congestion_index,0.7346733676906664,0.7350378720383453,0.7364136544991142,0.7353321193016631,0.000754177640870794
mobility_support,29,health_system_load,0.9408011047042536,0.9559715266753761,0.960360545039158,0.9530337267952227,0.008778177398985223
mobility_support,29,rumor_belief,0.012526907311692821,0.012767587097837015,0.013089760278787069,0.012785426335912196,0.00023474229594723845
mobility_support,29,stress,0.5088177861783483,0.5112767355014727,0.5120510506758564,0.5108148171232343,0.0015099579907655518
mobility_support,29,commute_minutes,24.728449066184236,24.731155273332476,24.740223820874956,24.732969474712462,0.005003984656395417
mobility_support,29,organization_vitality,0.7747847876670764,0.7755501559735181,0.7763713985913236,0.7755965055330775,0.0007209035187012041
mobility_support,29,public_service_reliability,0.822273098301986,0.8227056452609747,0.8229698465034152,0.8226709347818766,0.0002920321673661241
mobility_support,29,policy_cost_100m_cny,5.384615384615387,5.384615384615387,5.384615384615387,5.384615384615387,0.0
mobility_support,30,life_satisfaction,0.0060153672917340915,0.006330039064179761,0.00766445780429492,0.006604403665855145,0.0007439207285553843
mobility_support,30,government_trust,0.1551387368984125,0.1571053341445512,0.167045611566731,0.15931118263171962,0.005378245149274685
mobility_support,30,economic_confidence,0.2636881452714143,0.2644912356567897,0.26536354273174256,0.2645312759891536,0.0006430647173156456
mobility_support,30,consumption_index,0.07990908087631884,0.08052713273393786,0.08171465657117238,0.08070539568803778,0.0007716549534974751
mobility_support,30,employment_rate,0.8891955580227023,0.8900530204225887,0.8911471733442882,0.8901173869428027,0.0007891605590258834
mobility_support,30,congestion_index,0.7341550332367719,0.7344915859463456,0.7358681221363959,0.7347947128139305,0.0007494731233907965
mobility_support,30,health_system_load,0.9145207555341885,0.9280696375052102,0.9319993135678734,0.9254432797000447,0.007830875334314171
mobility_support,30,rumor_belief,0.009956733125884491,0.010147842086573614,0.010403868763632543,0.010162054710475226,0.0001865256058120115
mobility_support,30,stress,0.5035273964821416,0.5057653822078986,0.5064615627861259,0.5053374695488926,0.0013662092615573122
mobility_support,30,commute_minutes,24.724774036771155,24.72722544580091,24.73637292496805,24.7291656518666,0.004971402647776231
mobility_support,30,organization_vitality,0.7772977004070518,0.7780171466151069,0.7787891146758442,0.7780607152010928,0.000677649307579147
mobility_support,30,public_service_reliability,0.8223543000805043,0.8227723421385358,0.8230200427559723,0.822734989865848,0.0002807221140507342
mobility_support,30,policy_cost_100m_cny,5.600000000000002,5.600000000000002,5.600000000000002,5.600000000000002,0.0
integrated_response,0,life_satisfaction,0.5103545770599628,0.5103545770599628,0.5103545770599628,0.5103545770599628,0.0
integrated_response,0,government_trust,0.6682615245131996,0.6682615245131996,0.6682615245131996,0.6682615245131996,0.0
integrated_response,0,economic_confidence,0.5759828994374739,0.5764833875307158,0.5769860767897275,0.5764976379827953,0.0003768864047516713
integrated_response,0,consumption_index,0.6663902683408442,0.6665554028466697,0.666667855585873,0.6665481133195554,0.00011088078360404563
integrated_response,0,employment_rate,0.9331979986894058,0.9331979986894058,0.9331979986894058,0.9331979986894058,0.0
integrated_response,0,congestion_index,0.8000000000000002,0.8000000000000002,0.8000000000000002,0.8000000000000002,0.0
integrated_response,0,health_system_load,0.65,0.65,0.65,0.65,0.0
integrated_response,0,rumor_belief,0.13914500403892519,0.14005870516812735,0.14088480508281875,0.13997046889726802,0.0007061259557470547
integrated_response,0,stress,0.38359994443479006,0.38387967780121146,0.3840472733036035,0.3838419745076226,0.00019033547173930105
integrated_response,0,commute_minutes,23.75918456418818,23.75918456418818,23.75918456418818,23.75918456418818,0.0
integrated_response,0,organization_vitality,0.8188504501514056,0.8199462369390556,0.8213029344590558,0.8201119785202848,0.0010210328193908968
integrated_response,0,public_service_reliability,0.8391770682109375,0.8399226591678712,0.8407842180083043,0.8400204890842555,0.0007596799555341082
integrated_response,0,policy_cost_100m_cny,0.0,0.0,0.0,0.0,0.0
integrated_response,1,life_satisfaction,0.4797487535498147,0.47978607231123105,0.47981511109804326,0.4797842805614305,2.805663819978207e-05
integrated_response,1,government_trust,0.6438569606029084,0.6438796242838595,0.6439419922626265,0.6438905242055537,3.7364375127288854e-05
integrated_response,1,economic_confidence,0.5576550203683452,0.5581288443356696,0.5586049493408843,0.5581422894023789,0.0003565645123988655
integrated_response,1,consumption_index,0.596900139975125,0.5971048195233061,0.5972465697256849,0.5970973770887076,0.00013867959263054233
integrated_response,1,employment_rate,0.9331902383785428,0.9332091228067341,0.9332163097436527,0.9332051582114109,1.285761332591532e-05
integrated_response,1,congestion_index,0.7555874848545213,0.7563561197752043,0.7579171522131526,0.7566960016119482,0.0015337427382889279
integrated_response,1,health_system_load,0.6795412663313612,0.6819241192109022,0.6824052369226914,0.6814427253622091,0.001174971063191352
integrated_response,1,rumor_belief,0.1104332306653335,0.11114705748301312,0.1118395028625974,0.11109001894077941,0.0005591579984054334
integrated_response,1,stress,0.4030834447413281,0.4033882855342584,0.403477432129716,0.40331149889967743,0.0001748178388256513
integrated_response,1,commute_minutes,24.868380577964725,24.87260474841014,24.884331082692157,24.875758870753177,0.011119754845289053
integrated_response,1,organization_vitality,0.8187194231423212,0.8197494627227122,0.8210247583915125,0.8199052598090677,0.0009597708502274591
integrated_response,1,public_service_reliability,0.8384528754148247,0.8391609658274725,0.8399289161080281,0.8392126850482031,0.0007145074840761271
integrated_response,1,policy_cost_100m_cny,0.0,0.0,0.0,0.0,0.0
integrated_response,2,life_satisfaction,0.4491646613017371,0.44923199289167903,0.44928901644870256,0.4492300065746069,5.33581847290307e-05
integrated_response,2,government_trust,0.6212981857372403,0.6213356510616683,0.6214568165715595,0.6213586088564229,7.01333656587129e-05
integrated_response,2,economic_confidence,0.5403342620836535,0.5407819592541185,0.5412332359765731,0.5407949674394035,0.00033718414252238704
integrated_response,2,consumption_index,0.5356643124261411,0.5358974596896688,0.5360628160520396,0.5358909601418098,0.00015960282775627404
integrated_response,2,employment_rate,0.9331706599659375,0.9332019127690809,0.9332181515623442,0.9331966546179981,2.3694543641028903e-05
integrated_response,2,congestion_index,0.7563227371556086,0.7570719207654782,0.7584930627360286,0.7574106255195756,0.001395597804836562
integrated_response,2,health_system_load,0.680169217273244,0.682463151132104,0.6829524382282127,0.6820081016726739,0.0011488217230485002
integrated_response,2,rumor_belief,0.08764518677837811,0.08820120321413946,0.08876184622570714,0.08816660054763617,0.00044243566765939573
integrated_response,2,stress,0.41909176959008326,0.41938765879829665,0.41946012293827317,0.4193047171839793,0.0001648270462693145
integrated_response,2,commute_minutes,24.873605401992297,24.877860231704034,24.888864675927824,24.880853611115167,0.010123785128774902
integrated_response,2,organization_vitality,0.818596257753782,0.8195644949593495,0.8207632728880216,0.8197109442205237,0.0009021845992137861
integrated_response,2,public_service_reliability,0.8377645483086863,0.8384369541149173,0.8391194272509551,0.8384477437357736,0.0006745478067339252
integrated_response,2,policy_cost_100m_cny,0.0,0.0,0.0,0.0,0.0
integrated_response,3,life_satisfaction,0.41899713819441126,0.4190882144349274,0.4191719081651669,0.41908731306132463,7.597511354069337e-05
integrated_response,3,government_trust,0.6003661572325736,0.600412336077596,0.6005885250108214,0.6004479928815922,9.898831799162113e-05
integrated_response,3,economic_confidence,0.5239655400640805,0.5243878516716083,0.5248154231954333,0.524400612941512,0.00031864263836439813
integrated_response,3,consumption_index,0.4816369644268072,0.4818889417084877,0.4820756971556781,0.4818840064236327,0.00017478938321065866
integrated_response,3,employment_rate,0.9331638134833038,0.9331987085736613,0.9332309448078886,0.9331947317136838,2.9622918955455783e-05
integrated_response,3,congestion_index,0.7570158870420712,0.7578655500673775,0.7590503078073342,0.7580910714015969,0.0012768301644797526
integrated_response,3,health_system_load,0.6807683378411497,0.6829737408809944,0.6834702349155412,0.6825452874532009,0.0011222726710500535
integrated_response,3,rumor_belief,0.06956410723830153,0.06999478273086195,0.070444346629261,0.06997581994882388,0.0003499059524643274
integrated_response,3,stress,0.43227810433481356,0.43252949050942746,0.43264524024574974,0.43247445865089923,0.00015721893479821882
integrated_response,3,commute_minutes,24.8785352762682,24.883508938060146,24.893193298333017,24.885710673584267,0.009261617409330488
integrated_response,3,organization_vitality,0.8184804822885551,0.8193906252617885,0.8205174765147404,0.8195282875672922,0.0008480535232609314
integrated_response,3,public_service_reliability,0.837094906685264,0.8377247723068264,0.8383533329587418,0.8377234297146621,0.0006391558878955171
integrated_response,3,policy_cost_100m_cny,0.0,0.0,0.0,0.0,0.0
integrated_response,4,life_satisfaction,0.3895346080405656,0.3896339978995741,0.3897480094304676,0.3896405639013754,9.390140835306575e-05
integrated_response,4,government_trust,0.5808255488533517,0.5808724279271289,0.5811012206658897,0.5809226430817711,0.00012387306607209946
integrated_response,4,economic_confidence,0.5085042175648723,0.5086450909469701,0.509135148174624,0.5087496322201154,0.0002696268045156882
integrated_response,4,consumption_index,0.43389961537775945,0.4341503333238964,0.43434748426521014,0.43414275431200794,0.00017716609745747967
integrated_response,4,employment_rate,0.93358360303343,0.933730634362995,0.9338031572110673,0.9337011720191757,9.732523631003146e-05
integrated_response,4,congestion_index,0.7581739232283734,0.7589751191076763,0.7600857194987022,0.7591752992965362,0.0011646591626155009
integrated_response,4,health_system_load,0.6813397906562605,0.6834493086917077,0.6839601362359874,0.6830555929095319,0.0010953569699731097
integrated_response,4,rumor_belief,0.05736413063810208,0.05767460309463973,0.05795029297769033,0.05767308701792858,0.0002331889232926608
integrated_response,4,stress,0.4431921043488576,0.4433957263219531,0.44355048172259187,0.44337117713426943,0.0001475023084267551
integrated_response,4,commute_minutes,24.814341708369522,24.82033247749668,24.831727553226045,24.822141627901154,0.009005157962118539
integrated_response,4,organization_vitality,0.8244615221581832,0.8256257075251443,0.8267907359824112,0.82564784598046,0.0009710557598243067
integrated_response,4,public_service_reliability,0.836402086619542,0.8370241455880486,0.8376283400434907,0.8370376214986353,0.00060773479830221
integrated_response,4,policy_cost_100m_cny,1.1851851851851851,1.1851851851851851,1.1851851851851851,1.1851851851851851,0.0
integrated_response,5,life_satisfaction,0.36135977541445785,0.3614662701892579,0.3616082843224588,0.3614782516870101,0.00011446037859861829
integrated_response,5,government_trust,0.5625241043193794,0.5625935271599581,0.5628639878542044,0.5626494933283055,0.00015050926139808962
integrated_response,5,economic_confidence,0.49374261751053744,0.4938584733586815,0.49457628458085257,0.49407833073235075,0.0004106743464394866
integrated_response,5,consumption_index,0.3921247288191339,0.39237951673215116,0.3926126353837261,0.39236511281934305,0.00018673138790517116
integrated_response,5,employment_rate,0.9340868290766442,0.934356198986437,0.9344732372452943,0.9343188911619293,0.0001546386762831484
integrated_response,5,congestion_index,0.7496600832605359,0.7504355956735815,0.7514292077138387,0.750604144780366,0.0010259895245000705
integrated_response,5,health_system_load,0.681884706388046,0.6839115011717275,0.684423582296841,0.6835402767775205,0.0010681233195555734
integrated_response,5,rumor_belief,0.047409738693970034,0.04787813146166499,0.04813881304549398,0.047822679023384995,0.0002968491510717679
integrated_response,5,stress,0.44423511341926347,0.4443809862001693,0.44456779549116043,0.4443902863883695,0.00013647863818231102
integrated_response,5,commute_minutes,24.756634578996575,24.760046965113492,24.774330061693995,24.76393412859931,0.007884415449049675
integrated_response,5,organization_vitality,0.8305588138050832,0.8316974145943468,0.832468181741834,0.831569150674814,0.000892801867618403
integrated_response,5,public_service_reliability,0.8357488632976394,0.8363617848952194,0.8369432143375818,0.8363883059215587,0.0005797381447769052
integrated_response,5,policy_cost_100m_cny,2.581908831908832,2.581908831908832,2.581908831908832,2.581908831908832,0.0
integrated_response,6,life_satisfaction,0.33514411142500383,0.3352498785114768,0.3354346801116955,0.3352774606389269,0.00013054952567174893
integrated_response,6,government_trust,0.5453593009691641,0.5454424921158209,0.5457629575789533,0.5455111368774991,0.0001733654461422702
integrated_response,6,economic_confidence,0.4798113303397313,0.48020589755569765,0.48053603399071804,0.48019290320294117,0.0003262590099289298
integrated_response,6,consumption_index,0.36746655033640646,0.36772041755096707,0.3679467378233723,0.36770434851171846,0.00018179130451637056
integrated_response,6,employment_rate,0.9347655085744547,0.934969814408882,0.9351090573946205,0.9349475321585475,0.00015391844466484256
integrated_response,6,congestion_index,0.750885702350998,0.7515054915074862,0.7525934983796733,0.7517063160243072,0.001036147455223601
integrated_response,6,health_system_load,0.6824041829968202,0.6843576123764952,0.6848619461569714,0.6840005472776483,0.0010406308888955785
integrated_response,6,rumor_belief,0.039770736631118124,0.040052309899107665,0.040255511733653604,0.04002719626609154,0.00021419820352006224
integrated_response,6,stress,0.4378241871382123,0.4379146724742238,0.43810918155353146,0.43794765319819035,0.00012340232915146885
integrated_response,6,commute_minutes,24.760559462845507,24.76577602208115,24.78373509376994,24.770965674573397,0.01424191995514406
integrated_response,6,organization_vitality,0.8361129826166699,0.837157201111098,0.8382259506231428,0.8370977676610323,0.0009433856855408658
integrated_response,6,public_service_reliability,0.8351421789964665,0.8357356205614129,0.8363293444450284,0.8357735727763362,0.0005546717184793177
integrated_response,6,policy_cost_100m_cny,4.878632478632479,4.878632478632479,4.878632478632479,4.878632478632479,0.0
integrated_response,7,life_satisfaction,0.3107675319027672,0.3108681873493727,0.31109480648439397,0.31091315757553906,0.00014268010657058884
integrated_response,7,government_trust,0.5292344528603047,0.5293343675342183,0.5296892275465522,0.5294051217069977,0.00019211390726543942
integrated_response,7,economic_confidence,0.466600075700444,0.46691881613145614,0.46743148071229834,0.4669779377956963,0.0003269353247325602
integrated_response,7,consumption_index,0.3456692182746175,0.3458989486916741,0.346110899302521,0.34589448452504523,0.00017198077462010126
integrated_response,7,employment_rate,0.935315462118665,0.9355208607733239,0.9357527141498524,0.9355323143149454,0.00019074336992459386
integrated_response,7,congestion_index,0.7520145992479904,0.752505151626034,0.7536640234795178,0.7527495839431808,0.000998413283037653
integrated_response,7,health_system_load,0.6828992852273025,0.6847807919935216,0.6852765360172509,0.684437563201228,0.001012945280546674
integrated_response,7,rumor_belief,0.033693573054394466,0.03387745534565633,0.03422818789145992,0.03391706750623589,0.00024345866740940934
integrated_response,7,stress,0.4318482122042534,0.4319250971744253,0.4321005927893532,0.43196724942271736,0.00011015820345305544
integrated_response,7,commute_minutes,24.76756751529293,24.77331545711909,24.78452855006078,24.77573658893124,0.010026256381216573
integrated_response,7,organization_vitality,0.8411773017156737,0.8420239102031791,0.8433104711133541,0.8421527938953027,0.0009273140583786474
integrated_response,7,public_service_reliability,0.8345802607747452,0.8351436935220404,0.8357461433679663,0.8351916097072231,0.0005320940459808494
integrated_response,7,policy_cost_100m_cny,7.175356125356126,7.175356125356126,7.175356125356126,7.175356125356126,0.0
integrated_response,8,life_satisfaction,0.28970031353990705,0.2897972963987949,0.2900610470403849,0.28985865052503995,0.0001566503808776489
integrated_response,8,government_trust,0.517159676047094,0.5172637040977692,0.5176449474565258,0.5173376549104334,0.00020771610463200254
integrated_response,8,economic_confidence,0.45402677044207973,0.4546606502295183,0.4551262426948278,0.4546114970042985,0.0004602352580147735
integrated_response,8,consumption_index,0.32633562202379973,0.32655240118343654,0.32674386860595345,0.3265445792806174,0.00018132840616526973
integrated_response,8,employment_rate,0.9358696635762213,0.9361813438832962,0.9364121694345052,0.9361484304262256,0.00022982953451610705
integrated_response,8,congestion_index,0.7530579063588835,0.7535647210101772,0.754690105496758,0.7537913261840217,0.0009309944689748423
integrated_response,8,health_system_load,0.5601402002628985,0.5616247276114839,0.5620234405528864,0.5613544550013958,0.000807488040545953
integrated_response,8,rumor_belief,0.028680079691312366,0.02894216011801291,0.02933453746954756,0.028977254531128604,0.0002927884425748755
integrated_response,8,stress,0.4263385023662907,0.42642320503510045,0.42660005554428215,0.4264557662321935,0.000103805516516471
integrated_response,8,commute_minutes,24.777343149098677,24.786792918260787,24.796140084092553,24.786046930421417,0.008122608770634965
integrated_response,8,organization_vitality,0.8461170484986591,0.8471493044843951,0.8481625471905578,0.8470767517058103,0.0008367697855256411
integrated_response,8,public_service_reliability,0.8340492608952433,0.8345841494933715,0.8351921407801493,0.8346406973444085,0.000511615711803085
integrated_response,8,policy_cost_100m_cny,10.043508343508345,10.043508343508345,10.043508343508345,10.043508343508345,0.0
integrated_response,9,life_satisfaction,0.2673951124260802,0.2677039612393095,0.2680538019867728,0.26772453406177543,0.0002854124378674828
integrated_response,9,government_trust,0.5027367584747539,0.5030755448495867,0.5035950550638335,0.5031592457874061,0.00036157482891260867
integrated_response,9,economic_confidence,0.44118740521943517,0.4416714504192603,0.4424136690241314,0.44175999325964044,0.0005694180457936892
integrated_response,9,consumption_index,0.3073881246644803,0.30771059159618963,0.3079559108233043,0.3076965586927677,0.0002345471208079308
integrated_response,9,employment_rate,0.9357230503275933,0.936029291007066,0.9363357075366637,0.9360188452420038,0.0002612107075594228
integrated_response,9,congestion_index,0.7787072472331156,0.7826029780682439,0.7839769425612696,0.7816887811324731,0.0024998892321589786
integrated_response,9,health_system_load,0.6573000610000523,0.6736888020368024,0.6805325545658418,0.6699858479844515,0.009492492619574761
integrated_response,9,rumor_belief,0.027847963090563612,0.02827217432257129,0.028885039521182886,0.028348147245609703,0.00043504444141913035
integrated_response,9,stress,0.44336759709110024,0.4469613486724376,0.4484723952038253,0.44612967907582535,0.0020643239958195434
integrated_response,9,commute_minutes,25.470910139193506,25.586291885890343,25.621421697176817,25.55650534871338,0.06657951556037459
integrated_response,9,organization_vitality,0.8487452579342675,0.8504171656937694,0.850957733285333,0.8500280549637991,0.0009701894096889344
integrated_response,9,public_service_reliability,0.8325437284806998,0.833126863499013,0.83377887827824,0.8331553123343378,0.0005001536952804691
integrated_response,9,policy_cost_100m_cny,12.911660561660563,12.911660561660563,12.911660561660563,12.911660561660563,0.0
integrated_response,10,life_satisfaction,0.2444321085503265,0.24503703794630377,0.24578422618767015,0.24504088493740994,0.0005204060971229002
integrated_response,10,government_trust,0.48671334745767697,0.4873867040156429,0.48830987876713144,0.48745592869501947,0.0006141342155143551
integrated_response,10,economic_confidence,0.42919041706346117,0.4298029936356242,0.43065734570903924,0.429947558507786,0.0006731306095709878
integrated_response,10,consumption_index,0.28918426287089005,0.2896701338679224,0.29005256714295186,0.28963362095551837,0.0003462553683981249
integrated_response,10,employment_rate,0.9355312780107679,0.9357240936979294,0.9361155154269489,0.9357676560049772,0.00024885389581512835
integrated_response,10,congestion_index,0.7802056966068854,0.7822123460256585,0.7847387589075611,0.782293028307384,0.0018938282010440212
integrated_response,10,health_system_load,0.7411262608773509,0.7631098289505052,0.7739080611327929,0.7610339657468971,0.012712132622761399
integrated_response,10,rumor_belief,0.026954961558352513,0.027331402148378113,0.027810239924921043,0.0273990333743103,0.0003996538212430645
integrated_response,10,stress,0.45744176222687827,0.46198844545300355,0.46454862860319124,0.4616502227550183,0.002743721288242342
integrated_response,10,commute_minutes,25.47131077772301,25.522256972693484,25.587939844161987,25.525508999950887,0.04886006201451483
integrated_response,10,organization_vitality,0.8520634311732619,0.853323649131331,0.8545473030252186,0.853314464931002,0.0009768823134614
integrated_response,10,public_service_reliability,0.8311731281511887,0.8318334406933175,0.8324245552019903,0.8318040205855227,0.0004858515503256001
integrated_response,10,policy_cost_100m_cny,15.779812779812781,15.779812779812781,15.779812779812781,15.779812779812781,0.0
integrated_response,11,life_satisfaction,0.22121820818076857,0.2218042328416588,0.22320399654652365,0.2220001534415005,0.0007744738912061604
integrated_response,11,government_trust,0.4695011537143391,0.47029417489180986,0.47183911903951065,0.4704627338664939,0.0008973920432855218
integrated_response,11,economic_confidence,0.4179762025799459,0.41872344436913134,0.4192870542168008,0.418649768548611,0.0006116131234206776
integrated_response,11,consumption_index,0.27188047706378776,0.27238308274194867,0.2729981886090311,0.2723711426121951,0.00046291458170824286
integrated_response,11,employment_rate,0.9349474549584699,0.9352412280091952,0.9353989628870006,0.9352033778388773,0.00019595917331042897
integrated_response,11,congestion_index,0.7819340638740102,0.7852511870806886,0.7867854454364727,0.7847334231366605,0.0018975062790446686
integrated_response,11,health_system_load,0.8252558988242331,0.8492831500337545,0.8626980117647571,0.8462400322178895,0.01417917816539325
integrated_response,11,rumor_belief,0.026304399004533248,0.026706700546140952,0.02724007155585021,0.026772523015337897,0.00043420500154721397
integrated_response,11,stress,0.4714683265777107,0.47617206414157165,0.47953746878222453,0.4757644518970959,0.003026368178313295
integrated_response,11,commute_minutes,25.494940989732164,25.560017137779994,25.594510854991345,25.550513943466203,0.040374048084854064
integrated_response,11,organization_vitality,0.8547433347828581,0.8564876161132089,0.857184636559277,0.8562403600753816,0.0009553425820655521
integrated_response,11,public_service_reliability,0.829830846941678,0.8305222092118856,0.8311025872337153,0.8304943047902219,0.00047963414592476267
integrated_response,11,policy_cost_100m_cny,18.647964997964998,18.647964997964998,18.647964997964998,18.647964997964998,0.0
integrated_response,12,life_satisfaction,0.1981399842386049,0.19890747270018277,0.20091471980538586,0.1992138256287661,0.0011134339400460198
integrated_response,12,government_trust,0.4619752173655399,0.4628500067224821,0.46510455898754444,0.4631458608372654,0.001276884599925048
integrated_response,12,economic_confidence,0.40715361050773696,0.40793060180250934,0.4085964728293227,0.4079082891114084,0.0007712064541464561
integrated_response,12,consumption_index,0.2553248499626241,0.25596431453905644,0.25686662643320907,0.2559991406186424,0.0006111105098522114
integrated_response,12,employment_rate,0.9342089789587261,0.9344575505143222,0.9347131121914528,0.9344778046442188,0.0002092369437739117
integrated_response,12,congestion_index,0.7840895760034099,0.785961033545173,0.7911835589940375,0.7869144608738494,0.00306510066968894
integrated_response,12,health_system_load,0.8994845814028886,0.9254428549568892,0.9480018234810181,0.9256403289541835,0.019506457839138753
integrated_response,12,rumor_belief,0.001206245543132057,0.0013280886103977892,0.0014920323068302991,0.0013432488082185535,0.00011725173254416392
integrated_response,12,stress,0.48197790464585594,0.48693627343400353,0.4921067184397125,0.487272076042114,0.004059793095834156
integrated_response,12,commute_minutes,25.496051441088678,25.545149912740385,25.69442946415366,25.572201187438736,0.07954463429743375
integrated_response,12,organization_vitality,0.857367860995501,0.8589280238891517,0.8600904597526604,0.8589355446475648,0.0011188837613770866
integrated_response,12,public_service_reliability,0.8286020549299193,0.8292783618589978,0.8298143418589641,0.8292300857263843,0.00044034451227586795
integrated_response,12,policy_cost_100m_cny,21.582783882783882,21.582783882783882,21.582783882783882,21.582783882783882,0.0
integrated_response,13,life_satisfaction,0.17503252992326282,0.17605438252653013,0.178589479686136,0.17643938672129314,0.001408022101744872
integrated_response,13,government_trust,0.45137159235793883,0.4526432134607322,0.4554787515118231,0.4530021909534794,0.001631817310599039
integrated_response,13,economic_confidence,0.3965201332808448,0.3973415372010832,0.3981365769627854,0.3973792743227281,0.0008320115163709576
integrated_response,13,consumption_index,0.2396096254164304,0.24020752699766962,0.24135765131879205,0.24032266949348516,0.0007274077367711673
integrated_response,13,employment_rate,0.9332491262724836,0.9336134708252308,0.9337886026882539,0.9335631473670605,0.00023031880083155285
integrated_response,13,congestion_index,0.7874135487876308,0.7901335556716735,0.7928717113644942,0.7900237215501464,0.0023456443507380523
integrated_response,13,health_system_load,0.986069553315805,1.017020825317821,1.0304013650893689,1.0120601132428786,0.017672893372524843
integrated_response,13,rumor_belief,0.001455377072731402,0.0016284140330869252,0.0019349414475065847,0.0016853153222608846,0.00019136944967615012
integrated_response,13,stress,0.49514994496334525,0.5010219444110596,0.5040574179354653,0.500199626838099,0.0034857226906251483
integrated_response,13,commute_minutes,25.5641269388016,25.6154748177956,25.69865672081511,25.62064358737552,0.056016749824151425
integrated_response,13,organization_vitality,0.8591151017438313,0.8612831428899661,0.8621608698434805,0.8609668680048127,0.0011663046072948864
integrated_response,13,public_service_reliability,0.8272766019859258,0.8279885664405975,0.8285142799365883,0.8279129465453963,0.000463242237250571
integrated_response,13,policy_cost_100m_cny,24.517602767602767,24.517602767602767,24.517602767602767,24.517602767602767,0.0
integrated_response,14,life_satisfaction,0.15240386989362067,0.15317936971951646,0.15641063026620436,0.15393425477776598,0.001618598493332242
integrated_response,14,government_trust,0.43948586945674334,0.4406546361855492,0.4443884976873167,0.4414038468827346,0.0019460522126260997
integrated_response,14,economic_confidence,0.38643869453033053,0.3874509956053902,0.38839060779037154,0.3874150228919174,0.0009239204188688453
integrated_response,14,consumption_index,0.22471505417660614,0.22531632673249824,0.2266278278493319,0.22551488626903043,0.0007988884330569757
integrated_response,14,employment_rate,0.9323513695501223,0.9327103921433073,0.9328889418716305,0.9326444892416957,0.0002546985829660354
integrated_response,14,congestion_index,0.7889923082874001,0.7911591795239472,0.7934267044081392,0.7911043698394384,0.0018610251362925622
integrated_response,14,health_system_load,1.0669429716389374,1.096407346442819,1.1067427467049828,1.0896610112007405,0.01733683106041321
integrated_response,14,rumor_belief,0.0019440192835311007,0.002244078079989508,0.002529057726185472,0.0022363029295325823,0.00023563948905452542
integrated_response,14,stress,0.5070894745378964,0.5124257583164287,0.5146445723074919,0.5112932707218636,0.0032685840326377356
integrated_response,14,commute_minutes,25.551744410637877,25.610324580248616,25.69285246074404,25.617896878518774,0.05355948654646563
integrated_response,14,organization_vitality,0.8612262254525903,0.8632164757884762,0.86399816701322,0.8629018565874107,0.0011934302646566459
integrated_response,14,public_service_reliability,0.8260840110137332,0.8266839182215281,0.8272594708789187,0.8266680798212148,0.00045876407274818764
integrated_response,14,policy_cost_100m_cny,27.452421652421652,27.452421652421652,27.452421652421652,27.452421652421652,0.0
integrated_response,15,life_satisfaction,0.13057000397335053,0.13122195734357106,0.13494738300081563,0.13218368411396714,0.0017964715336267337
integrated_response,15,government_trust,0.4265086786505326,0.4274067587428021,0.43215556814311684,0.428610709344143,0.0022357265367267784
integrated_response,15,economic_confidence,0.37687292983067683,0.3780519815310047,0.37903885411661326,0.37799512769560084,0.0008680497580432435
integrated_response,15,consumption_index,0.21141368590278706,0.2120475902967766,0.21344889153007102,0.21229335558075765,0.0008536619532789085
integrated_response,15,employment_rate,0.9314300374229094,0.931784243629328,0.9319826407557572,0.9317263978834883,0.00023420952490145786
integrated_response,15,congestion_index,0.7897653903479336,0.7932130923361864,0.7944106767444143,0.7925285361178556,0.0019359099069390384
integrated_response,15,health_system_load,1.1388338563044738,1.1616763651605333,1.1810076968045198,1.1606282998324664,0.019172695566789074
integrated_response,15,rumor_belief,0.0025031919849763974,0.0027165381472259867,0.002963397288355797,0.0027241945216418635,0.00019229630304154575
integrated_response,15,stress,0.5172480312293518,0.5210434846640128,0.5247301540937346,0.5210499485763611,0.00355547987697591
integrated_response,15,commute_minutes,25.552717998547855,25.644054639518927,25.666362029353316,25.62598301267481,0.04624966833674629
integrated_response,15,organization_vitality,0.863612731255883,0.8648769845664765,0.8659073284612817,0.8647609891703913,0.0010023158225449971
integrated_response,15,public_service_reliability,0.8248822805342527,0.8255454885635432,0.8260305415864212,0.8254818116848002,0.0004562430647682924
integrated_response,15,policy_cost_100m_cny,30.387240537240537,30.387240537240537,30.387240537240537,30.387240537240537,0.0
integrated_response,16,life_satisfaction,0.11051210241720354,0.11117292223803457,0.115066552658543,0.11221698873060587,0.0019129527797875285
integrated_response,16,government_trust,0.41247130717505515,0.41339860704981146,0.418735732693985,0.4148045336575753,0.0025373478154593894
integrated_response,16,economic_confidence,0.36795625282552835,0.3691546754274392,0.36998425503729643,0.3691065414284954,0.0009165487876040442
integrated_response,16,consumption_index,0.20067158058812717,0.20136716418737916,0.2027682014789737,0.20161348768387613,0.0008797062726647934
integrated_response,16,employment_rate,0.9304758878779079,0.9308663957163923,0.9311487415013381,0.9308221009016144,0.0002728837015432822
integrated_response,16,congestion_index,0.7909788887514179,0.7950325735986121,0.796623754261452,0.7942124499806507,0.0025172184633341695
integrated_response,16,health_system_load,1.2045123768626567,1.2334026711228834,1.2439944875588016,1.2267100483491746,0.018892964229186487
integrated_response,16,rumor_belief,0.0028275980691022154,0.003163287285416121,0.0035250618846356593,0.0031735946977801423,0.00029827155003208733
integrated_response,16,stress,0.5261153586321693,0.5306936103734604,0.5332243819218105,0.5298476015804805,0.003399694209691215
integrated_response,16,commute_minutes,25.55794491692183,25.65705825511972,25.70510124070888,25.6420011883298,0.062345982088080835
integrated_response,16,organization_vitality,0.8652505279200059,0.8667010546973204,0.8679958835679944,0.8665722038878899,0.001118480358026032
integrated_response,16,public_service_reliability,0.823756818040365,0.8243920808704474,0.8248420529679967,0.8243432848568398,0.00041555369714981475
integrated_response,16,policy_cost_100m_cny,33.322059422059425,33.322059422059425,33.322059422059425,33.322059422059425,0.0
integrated_response,17,life_satisfaction,0.09330393530354324,0.09400974735168263,0.09803660584985063,0.09504476543914767,0.0020404583534794174
integrated_response,17,government_trust,0.3975290747207081,0.3986962055266773,0.404887815868194,0.4002770454598731,0.0030436255115165807
integrated_response,17,economic_confidence,0.3593651116988753,0.3607471904137749,0.36162739176713293,0.36064853193061264,0.0009853266613053914
integrated_response,17,consumption_index,0.19158512502797692,0.19238804791295136,0.19397079202808074,0.19267551187604265,0.000990109985105695
integrated_response,17,employment_rate,0.9294955792312486,0.9299715610377592,0.9302923805966474,0.9299156958386235,0.00030957208312987997
integrated_response,17,congestion_index,0.791067513618404,0.79475394990527,0.7963397926603129,0.7940570537694539,0.0027670964516864974
integrated_response,17,health_system_load,1.248491347389599,1.2910592426204421,1.3029890581334302,1.2818488698336643,0.02639005017883068
integrated_response,17,rumor_belief,0.003221377688998722,0.0036185380572714655,0.003832779855878252,0.0035642711921357578,0.0002647985831509564
integrated_response,17,stress,0.5308704994021394,0.5380957226025352,0.540337959664668,0.5365732846147399,0.0046925284492414935
integrated_response,17,commute_minutes,25.54185753795463,25.633439278133118,25.668616251007084,25.613548589201066,0.06479026935168393
integrated_response,17,organization_vitality,0.8666796793533503,0.8684605246574948,0.8696626754977392,0.8682312416328674,0.0012333737591908463
integrated_response,17,public_service_reliability,0.8227190424179638,0.823278288503112,0.8237781457626211,0.82329858707775,0.00042103072159917036
integrated_response,17,policy_cost_100m_cny,36.25687830687831,36.25687830687831,36.25687830687831,36.25687830687831,0.0
integrated_response,18,life_satisfaction,0.07904038146982542,0.07976186295063581,0.08382202201827124,0.08077509527053939,0.0020937782358883207
integrated_response,18,government_trust,0.3820647156405701,0.3834431037916656,0.3904618478250066,0.38516203509789393,0.003546478930055264
integrated_response,18,economic_confidence,0.3515034078833107,0.3527868241117659,0.35349606092848673,0.3526524399108917,0.0008467124926978634
integrated_response,18,consumption_index,0.18330721826571125,0.18415103725650295,0.18590990568574056,0.1844696650973387,0.001093779764147215
integrated_response,18,employment_rate,0.9286312998758033,0.9290642149424726,0.9293658483057857,0.9290231202652448,0.00028819013141331265
integrated_response,18,congestion_index,0.7920098918345142,0.795127535871303,0.797435059492282,0.7950567604451604,0.0021866473377480143
integrated_response,18,health_system_load,1.295113304228092,1.341160237148444,1.3542535312712725,1.3321772138106545,0.026797876817379756
integrated_response,18,rumor_belief,0.0038889261000248205,0.004031328287249048,0.004603129888894749,0.004178011899395558,0.0004181373644558647
integrated_response,18,stress,0.5362541085044914,0.5440002177000078,0.5461494508160614,0.5424738078141497,0.004627700544339289
integrated_response,18,commute_minutes,25.556711757260018,25.615374011234284,25.675730905849534,25.617267335995628,0.046632831143878214
integrated_response,18,organization_vitality,0.8686099181086372,0.8699558578557434,0.8708820543520615,0.8698272183583995,0.0009575049798447789
integrated_response,18,public_service_reliability,0.8216839796934174,0.8223016716558438,0.8227948685484382,0.8223052849542668,0.00043640292022121456
integrated_response,18,policy_cost_100m_cny,39.1916971916972,39.1916971916972,39.1916971916972,39.1916971916972,0.0
integrated_response,19,life_satisfaction,0.06873789287579607,0.06942962360191991,0.07354711569372469,0.0704472828782076,0.0021341366902141255
integrated_response,19,government_trust,0.36845800442645676,0.3698668209924505,0.37771871882564867,0.3717957436129762,0.003978682236349397
integrated_response,19,economic_confidence,0.34509123120620505,0.3459616469172132,0.3470094120813759,0.3460276332848621,0.0008629646699361133
integrated_response,19,consumption_index,0.17680445102201778,0.17771652149313294,0.17952176286685534,0.17799153958558556,0.0011623640601910307
integrated_response,19,employment_rate,0.9280912863128324,0.9284449933230382,0.9287984291977751,0.9284361406059711,0.0003124326654494387
integrated_response,19,congestion_index,0.7694908987875007,0.7701632251851294,0.7710888872807693,0.7702601826393883,0.000723026484338424
integrated_response,19,health_system_load,1.220315461380834,1.261567328765526,1.27302534388807,1.2533876848129766,0.023794256317263465
integrated_response,19,rumor_belief,0.00383185292596358,0.004424582679940111,0.0051478105857396175,0.004512067000511117,0.0005395815230671877
integrated_response,19,stress,0.5194701747582541,0.5264425099026393,0.528324971897144,0.5250422564185973,0.004123213172343701
integrated_response,19,commute_minutes,24.90201004170683,24.906988059433104,24.916628709420955,24.908745848936988,0.006091049146933858
integrated_response,19,organization_vitality,0.8713986933617786,0.872700301315736,0.8738468434038608,0.872711745335445,0.0010620101092419113
integrated_response,19,public_service_reliability,0.8216482837342955,0.8222438555930511,0.8227236414345543,0.8222486349222382,0.0004242268379423254
integrated_response,19,policy_cost_100m_cny,42.12651607651609,42.12651607651609,42.12651607651609,42.12651607651609,0.0
integrated_response,20,life_satisfaction,0.061094867983837245,0.0617414882237631,0.06590447437669007,0.06277059941732269,0.0021667762497112296
integrated_response,20,government_trust,0.35729936293201936,0.35875688719956245,0.36729502989174434,0.3608557280416777,0.004350029699293124
integrated_response,20,economic_confidence,0.3384179499777334,0.33956802241766726,0.3404376814973775,0.3394831377239562,0.0009023347759985753
integrated_response,20,consumption_index,0.1716438552995351,0.17261785335894503,0.17443080124345078,0.17284871381087907,0.0012094038465154241
integrated_response,20,employment_rate,0.927420784430315,0.9278615164510171,0.9281778306456018,0.9278018235392049,0.00033610835971408984
integrated_response,20,congestion_index,0.768586218943918,0.7692619021307439,0.7701965027681383,0.7693654937379208,0.0007241939465925869
integrated_response,20,health_system_load,1.1547254682920063,1.1914993731951988,1.2019787393880603,1.1844355732101879,0.02142514745843323
integrated_response,20,rumor_belief,0.004530959712768137,0.005032871186633586,0.006114046989494118,0.005164458876415863,0.0007010037378907421
integrated_response,20,stress,0.504783292902727,0.511034043270802,0.5127805325980239,0.5098248792715231,0.003743455775371559
integrated_response,20,commute_minutes,24.88905152416088,24.8952302436129,24.903738212954334,24.895900646610105,0.007839388849945369
integrated_response,20,organization_vitality,0.8735713521070251,0.8753090343505806,0.8761335135148614,0.8750342120259631,0.001119865991114306
integrated_response,20,public_service_reliability,0.8216180364453153,0.8221970357275096,0.8226535606993296,0.8222000008846271,0.00041143627645598494
integrated_response,20,policy_cost_100m_cny,45.06133496133498,45.06133496133498,45.06133496133498,45.06133496133498,0.0
integrated_response,21,life_satisfaction,0.055484477083178135,0.05610897853978618,0.060295030415404606,0.05714680172212436,0.002184465647358556
integrated_response,21,government_trust,0.34951452971524977,0.3510375990180835,0.3600784335269437,0.3532383687590997,0.004641121751942067
integrated_response,21,economic_confidence,0.33310011599541267,0.33385621058223447,0.3347715352549261,0.3338881572299096,0.0007666803815648728
integrated_response,21,consumption_index,0.16774217085293636,0.1687122969605396,0.1705157321996872,0.16892174724702347,0.001222592149297425
integrated_response,21,employment_rate,0.927004623961994,0.9273790044432666,0.9277251786167444,0.927358294835789,0.0003175979015900649
integrated_response,21,congestion_index,0.7678578316791569,0.7685039043191128,0.7694190988315136,0.7686247908701037,0.0006994178996699577
integrated_response,21,health_system_load,1.0873757993133752,1.119798855466207,1.1290482990834554,1.113565218175296,0.018882226483399947
integrated_response,21,rumor_belief,0.0011226095834792897,0.0012853546972550179,0.0016036675575324692,0.001324921588687631,0.00021038994020761183
integrated_response,21,stress,0.4899513742715324,0.49548969878848304,0.4970473589196456,0.49441731449387394,0.0033170968945365562
integrated_response,21,commute_minutes,24.89030745574515,24.89418612983249,24.901765771712725,24.894984536887343,0.004839300438219333
integrated_response,21,organization_vitality,0.876874636408261,0.8781174939683054,0.87908520473436,0.8780966715086089,0.0009258702929050014
integrated_response,21,public_service_reliability,0.8216771269096536,0.8222334344850646,0.8226693669406924,0.8222359074358998,0.00039643410568998387
integrated_response,21,policy_cost_100m_cny,47.99615384615387,47.99615384615387,47.99615384615387,47.99615384615387,0.0
integrated_response,22,life_satisfaction,0.049695415426308356,0.05034712038018167,0.05448756155275529,0.05134596850944316,0.002185784048328073
integrated_response,22,government_trust,0.3379419514859644,0.3395789463111154,0.34911985629243314,0.3418482401824528,0.004954918060430284
integrated_response,22,economic_confidence,0.32749419465577606,0.32848254597084264,0.3293826019539419,0.32845720675448964,0.0007743887465438834
integrated_response,22,consumption_index,0.16478277763161306,0.16575768707447447,0.16751993356236827,0.16594238392486066,0.0012135804151602158
integrated_response,22,employment_rate,0.9265163559173473,0.9269015000966352,0.9272790210243846,0.9268982620736579,0.00032245015400840814
integrated_response,22,congestion_index,0.7670854350543422,0.7677643895923323,0.768655107695225,0.7678675821669155,0.0006936553673652797
integrated_response,22,health_system_load,1.2543790360258367,1.2892989830822075,1.2992728019167321,1.2825793552661007,0.020325935869983533
integrated_response,22,rumor_belief,0.0002547600681003602,0.00031377934818811265,0.0003977878798963669,0.0003202047110036143,6.089902214098451e-05
integrated_response,22,stress,0.4768813834017368,0.48178005182753914,0.48317075285038946,0.48083312146421703,0.002935437666898727
integrated_response,22,commute_minutes,24.87958922601638,24.887894343080568,24.892135237615843,24.886260180820507,0.006931577470408891
integrated_response,22,organization_vitality,0.8798393252800532,0.8806559359733337,0.8818340380859093,0.8807838528685403,0.0008850220952843454
integrated_response,22,public_service_reliability,0.8217413015870684,0.8222768582808808,0.8226917236145742,0.8222775851978351,0.00038190949097892743
integrated_response,22,policy_cost_100m_cny,50.35954415954418,50.35954415954418,50.35954415954418,50.35954415954418,0.0
integrated_response,23,life_satisfaction,0.04538870509489742,0.04607012243967938,0.050142410917476433,0.04703264008933398,0.0021654091831986876
integrated_response,23,government_trust,0.3286744130948651,0.3303976140556031,0.34032171903688696,0.3327163713236391,0.005198560140852664
integrated_response,23,economic_confidence,0.3225065335910222,0.32356718743637825,0.324330663730943,0.32344336352326564,0.0007772082181220477
integrated_response,23,consumption_index,0.1625870033082784,0.16350869847113342,0.1652720398710723,0.1637100757438448,0.0011916352479354293
integrated_response,23,employment_rate,0.9261167676558218,0.9264401746101276,0.9268794547829659,0.9264688098050484,0.0003277301262929674
integrated_response,23,congestion_index,0.7663539576845314,0.7670293196122642,0.7679025954014396,0.7671413478287903,0.0006813722653776072
integrated_response,23,health_system_load,1.1908696530776148,1.2217369808924818,1.2305652678695507,1.2157919720349235,0.01795627879669032
integrated_response,23,rumor_belief,5.494686298575496e-05,7.531807215885544e-05,0.00010249672270732281,7.711543892328384e-05,1.7824177971032633e-05
integrated_response,23,stress,0.46540205475912305,0.4697406257259442,0.4709691377230814,0.46889573581423716,0.0025974456021181274
integrated_response,23,commute_minutes,24.87491822918311,24.88392953079277,24.895292953666615,24.884493567592024,0.00797313064197744
integrated_response,23,organization_vitality,0.8824782780841299,0.883389837418492,0.8845331374748269,0.8834992468973502,0.000931319045362837
integrated_response,23,public_service_reliability,0.8218097376463187,0.8223308144652925,0.8227197877666037,0.822324212361569,0.0003678390492928759
integrated_response,23,policy_cost_100m_cny,52.72293447293449,52.72293447293449,52.72293447293449,52.72293447293449,0.0
integrated_response,24,life_satisfaction,0.042123415827152275,0.04283162695026419,0.04680594615118417,0.043751213148282425,0.002128941143950993
integrated_response,24,government_trust,0.3150433751497653,0.31679774563529994,0.32682521117302527,0.31910580643446124,0.005287477740618255
integrated_response,24,economic_confidence,0.31745098326368987,0.3184799505917302,0.3194790558555041,0.31849606023977395,0.0007758950173410436
integrated_response,24,consumption_index,0.16092671069135206,0.16182011724211767,0.16356782692301766,0.1620264014672878,0.0011595746810051765
integrated_response,24,employment_rate,0.925576360793993,0.9259886809880935,0.9264350530408275,0.9259935069948317,0.00035440976027809626
integrated_response,24,congestion_index,0.765576237031821,0.7663002645272503,0.7671297745813928,0.7663823910563995,0.0006715009476936596
integrated_response,24,health_system_load,1.1349891105344423,1.1623109432333434,1.1701369993118018,1.1570441608128967,0.01588292040606949
integrated_response,24,rumor_belief,0.0019730276986254036,0.0022471366058536384,0.0024033704500489774,0.0022290600393917457,0.0001766673979900376
integrated_response,24,stress,0.45541382489098575,0.4592735248170084,0.4603603147380319,0.45851684098126294,0.0023023278161492583
integrated_response,24,commute_minutes,24.86405008089695,24.876405807795486,24.880060709635885,24.8731094736211,0.007956412770504162
integrated_response,24,organization_vitality,0.8846041343364696,0.8856470068144522,0.8867660122875657,0.8857101616114621,0.0009822858258001126
integrated_response,24,public_service_reliability,0.8218816926927454,0.8223880992177637,0.8227527940153772,0.8223750449589424,0.00035420310644010297
integrated_response,24,policy_cost_100m_cny,55.01965811965814,55.01965811965814,55.01965811965814,55.01965811965814,0.0
integrated_response,25,life_satisfaction,0.039738671970114096,0.04046540769635873,0.044316876008203346,0.041338998238811236,0.0020776356308567214
integrated_response,25,government_trust,0.3034652000372368,0.3052311275918065,0.31527798138591906,0.3075155739724624,0.005326177746732725
integrated_response,25,economic_confidence,0.315664308561493,0.3166292895503079,0.3175714733582831,0.31664655002038067,0.0007309290287534423
integrated_response,25,consumption_index,0.1599273600721013,0.16078987592323668,0.16250067164962997,0.16099609614734245,0.0011174226927733138
integrated_response,25,employment_rate,0.9257772385760317,0.9261824588361953,0.926629299358595,0.9261859598299023,0.00034966578371179076
integrated_response,25,congestion_index,0.7653560180017741,0.7660864569183995,0.7669046514639607,0.7661601756696639,0.0006595405486916246
integrated_response,25,health_system_load,1.085792356797894,1.1100096275856837,1.1169579934465885,1.1053371697508205,0.014067352258324842
integrated_response,25,rumor_belief,0.0015653851002475614,0.0017828447240541777,0.0019068333816396907,0.0017685303601741127,0.00014016566621253754
integrated_response,25,stress,0.44666110420730193,0.4501070573121583,0.4510662745822735,0.44942378692184703,0.0020431685118074173
integrated_response,25,commute_minutes,24.938353079383337,24.942997563692423,24.94872309565629,24.943845129415454,0.004478281380474281
integrated_response,25,organization_vitality,0.8908403862762813,0.8918206864055849,0.8928725515503118,0.8918800519147743,0.0009233486762521482
integrated_response,25,public_service_reliability,0.8219564980780741,0.8224481188678634,0.8227900482783379,0.8224294104801296,0.0003409849924881784
integrated_response,25,policy_cost_100m_cny,57.31638176638179,57.31638176638179,57.31638176638179,57.31638176638179,0.0
integrated_response,26,life_satisfaction,0.03789297760392271,0.038624211533934576,0.04232840282241074,0.03945009399456515,0.0020093615263013296
integrated_response,26,government_trust,0.29360533987518717,0.2954228976535538,0.3054198161009645,0.29767322296020254,0.005323060460697169
integrated_response,26,economic_confidence,0.3140324301519224,0.31493853094484253,0.315825158123596,0.3149556072443388,0.0006884388839450377
integrated_response,26,consumption_index,0.14832875578230853,0.14913866876394888,0.15074586024511225,0.14933019632681868,0.001039321495210204
integrated_response,26,employment_rate,0.9259885755673514,0.9263797390094516,0.9268449241550858,0.9263909444629004,0.0003513474239662648
integrated_response,26,congestion_index,0.7651597622110281,0.7658923294146653,0.7666920738064806,0.7659536603218238,0.0006461137387817991
integrated_response,26,health_system_load,1.0424532614615714,1.063949569768377,1.070128541619976,1.0597983719557673,0.012476185979946184
integrated_response,26,rumor_belief,0.0012419656261118991,0.0014144812774329425,0.001512877969511624,0.0014031461616405482,0.00011120378888549885
integrated_response,26,stress,0.44584706722722905,0.44892557509242514,0.44977348398217726,0.4483085483496412,0.001814361086005319
integrated_response,26,commute_minutes,24.93686357409019,24.94150204669066,24.947147852398658,24.942289103017703,0.004382542725658219
integrated_response,26,organization_vitality,0.8967024630997045,0.8976239452212499,0.8986126984572931,0.897679748799888,0.0008679477556770383
integrated_response,26,public_service_reliability,0.8220335527234697,0.8225103390027668,0.8228309219712883,0.8224867019769222,0.000328170451463848
integrated_response,26,policy_cost_100m_cny,58.71310541310543,58.71310541310543,58.71310541310543,58.71310541310543,0.0
integrated_response,27,life_satisfaction,0.036513210807853635,0.03724308165037321,0.040789955657903124,0.0380203243454624,0.0019334879744830854
integrated_response,27,government_trust,0.2852806612887769,0.2871341682244595,0.2970243920942205,0.2893419406360761,0.005285387755235967
integrated_response,27,economic_confidence,0.3125404386054162,0.31339359738278555,0.3142306057115583,0.31341038564375323,0.0006501388341654541
integrated_response,27,consumption_index,0.1392901040748536,0.1400410259062272,0.14153161176059664,0.1402205457104017,0.000955697806721582
integrated_response,27,employment_rate,0.9261975997839856,0.9265977466896413,0.9270653476289477,0.9266101407424172,0.0003563512225901506
integrated_response,27,congestion_index,0.7649872496804855,0.7657155590444564,0.7664857462435619,0.7657633094111091,0.0006311225545997577
integrated_response,27,health_system_load,1.0042495468009272,1.023358813681982,1.0288626182809912,1.0196652159052932,0.011080463928688894
integrated_response,27,rumor_belief,0.0009854159196963747,0.0011222819188384282,0.0012003713180249681,0.0011133053671854515,8.82293476588388e-05
integrated_response,27,stress,0.4450990839368561,0.44785326104668266,0.44860333813948156,0.4472952458207742,0.0016130118967134363
integrated_response,27,commute_minutes,24.93553044932324,24.940157855271714,24.945604889647473,24.940842374475608,0.004277928694157289
integrated_response,27,organization_vitality,0.9022128153137221,0.9030790085079748,0.9040084365498555,0.9031314638718946,0.0008158708903364042
integrated_response,27,public_service_reliability,0.8221123174183365,0.8225742794935578,0.8228748466472825,0.8225463726163711,0.0003157471495859933
integrated_response,27,policy_cost_100m_cny,60.109829059829075,60.109829059829075,60.109829059829075,60.109829059829075,0.0
integrated_response,28,life_satisfaction,0.035546705788133015,0.0362671194066377,0.03965789276644828,0.036999206699230396,0.0018545910121985061
integrated_response,28,government_trust,0.27828603700210275,0.2801572840479307,0.2898947759231146,0.2823158406871026,0.0052194153626573085
integrated_response,28,economic_confidence,0.3111700617074251,0.3119758453440679,0.31276746007801876,0.3119920968012353,0.0006157066402027558
integrated_response,28,consumption_index,0.1324841966375245,0.13318321089265217,0.1345633394089717,0.13334883708172507,0.000876943663257278
integrated_response,28,employment_rate,0.9264442768809475,0.9268247814127104,0.9272969755110863,0.9268451255363042,0.00035429679251210855
integrated_response,28,congestion_index,0.7648349188269967,0.7655606439639817,0.7663087268993048,0.7655970053355566,0.0006178044298013636
integrated_response,28,health_system_load,0.9705496251138687,0.9875627102721141,0.9924733850755247,0.9842712158324053,0.009855062728499751
integrated_response,28,rumor_belief,0.000781930894690307,0.0008905230122429162,0.0009525005262464188,0.0008834133662560748,7.000686132915198e-05
integrated_response,28,stress,0.44441364658314203,0.4468789284299733,0.44754361746125815,0.4463745108326844,0.0014353157392127688
integrated_response,28,commute_minutes,24.93435062954435,24.938967726843906,24.944265486845993,24.93956655346224,0.004183517743409321
integrated_response,28,organization_vitality,0.9073925463948987,0.9082067679974963,0.909080430356864,0.9082560760395808,0.000766918636916206
integrated_response,28,public_service_reliability,0.822192309560015,0.8226395099050438,0.8229213090430607,0.8226079306519691,0.00030370426796919763
integrated_response,28,policy_cost_100m_cny,61.50655270655272,61.50655270655272,61.50655270655272,61.50655270655272,0.0
integrated_response,29,life_satisfaction,0.03493425820610147,0.03564065142677994,0.03888258693623774,0.03632950651676318,0.001779652781192962
integrated_response,29,government_trust,0.272437957539837,0.27431179443356163,0.2838596381653193,0.27641596196880125,0.0051305080124921035
integrated_response,29,economic_confidence,0.3099061833409703,0.31066729848530544,0.31142014359308695,0.3106844718724832,0.0005846920917985742
integrated_response,29,consumption_index,0.12755955392437457,0.12819994088158976,0.12947548214359358,0.12835681829705092,0.00080209011033017
integrated_response,29,employment_rate,0.9266819431228142,0.9270860139909339,0.9275579874500085,0.9270975479947343,0.0003621966493371655
integrated_response,29,congestion_index,0.764697904943351,0.7654229747000557,0.7661571136353257,0.765449618566034,0.0006082023135912259
integrated_response,29,health_system_load,0.9408011047042536,0.9559715266753761,0.960360545039158,0.9530337267952227,0.008778177398985223
integrated_response,29,rumor_belief,0.0006205399730162312,0.0007067090664545786,0.0007559040569243953,0.0007010770876221734,5.555422603614757e-05
integrated_response,29,stress,0.44378402496064534,0.4459881362331143,0.44658418079117257,0.44553726464602217,0.0012790727540519461
integrated_response,29,commute_minutes,24.933275142433242,24.937901375223102,24.943114162792103,24.93842563606753,0.004117142784793498
integrated_response,29,organization_vitality,0.9122614936112049,0.9130268619176465,0.9138481045354522,0.913073211477206,0.0007209035187012003
integrated_response,29,public_service_reliability,0.822273098301986,0.8227056452609747,0.8229698465034152,0.8226709347818766,0.0002920321673661241
integrated_response,29,policy_cost_100m_cny,62.90327635327636,62.90327635327636,62.90327635327636,62.90327635327636,0.0
integrated_response,30,life_satisfaction,0.034605620957102394,0.03530107341659112,0.03840532898307374,0.035950107153072466,0.0017105390878509256
integrated_response,30,government_trust,0.26757705744981763,0.2694409458908019,0.27876995763013745,0.2714868095457579,0.005023237813595393
integrated_response,30,economic_confidence,0.3087380134453019,0.3094571432485471,0.310174571919166,0.3094753434332417,0.0005556076889547139
integrated_response,30,consumption_index,0.12410105516648981,0.12469450402757992,0.12587398438823716,0.12484254214712254,0.0007367977880119357
integrated_response,30,employment_rate,0.9269461266373366,0.9273418644654845,0.9278207867615774,0.9273603459026016,0.0003658468750373304
integrated_response,30,congestion_index,0.7645883956491427,0.7653048759949597,0.7660082765984633,0.765318620273335,0.0005907311722079331
integrated_response,30,health_system_load,0.9145207555341885,0.9280696375052102,0.9319993135678734,0.9254432797000447,0.007830875334314171
integrated_response,30,rumor_belief,0.0004925322838431908,0.0005609182591598006,0.0005999720935187115,0.000556455906634103,4.409145563119434e-05
integrated_response,30,stress,0.4432054740785621,0.44517089031430046,0.44571499884459176,0.44477588934223433,0.0011416379787887584
integrated_response,30,commute_minutes,24.932395812312524,24.93696812565638,24.94197350755117,24.937399914360803,0.003992830568402836
integrated_response,30,organization_vitality,0.9168383039945326,0.9175577502025878,0.9183282372676146,0.9176010543250539,0.0006774564440359981
integrated_response,30,public_service_reliability,0.8223543000805043,0.8227723421385358,0.8230200427559723,0.822734989865848,0.0002807221140507342
integrated_response,30,policy_cost_100m_cny,64.30000000000001,64.30000000000001,64.30000000000001,64.30000000000001,0.0
