branch_id,day,metric,p10,p50,p90,mean,standard_deviation
control,0,life_satisfaction,0.5120398756811032,0.5120398756811032,0.5120398756811032,0.5120398756811032,0.0
control,0,government_trust,0.6667855803695066,0.6667855803695066,0.6667855803695066,0.6667855803695066,0.0
control,0,economic_confidence,0.5753907055226269,0.5758133603910441,0.5762360152594613,0.5758133603910441,0.0005283185855214922
control,0,consumption_index,0.6662856392573191,0.6664166617611924,0.6665476842650656,0.6664166617611924,0.00016377812984152973
control,0,employment_rate,0.5857542141947042,0.5857542141947042,0.5857542141947042,0.5857542141947042,0.0
control,0,congestion_index,0.8,0.8,0.8,0.8,0.0
control,0,health_system_load,0.65,0.65,0.65,0.65,0.0
control,0,rumor_belief,0.13749370802847669,0.1382243724446699,0.1389550368608631,0.1382243724446699,0.0009133305202415065
control,0,stress,0.3834087969986652,0.38357785557712465,0.3837469141555841,0.38357785557712465,0.00021132322307432228
control,0,commute_minutes,23.512001402248313,23.512001402248313,23.512001402248313,23.512001402248313,0.0
control,0,policy_cost_100m_cny,0.0,0.0,0.0,0.0,0.0
control,1,life_satisfaction,0.488334046217542,0.48836074230327564,0.48838743838900933,0.48836074230327564,3.3370107167057794e-05
control,1,government_trust,0.6557024909355398,0.6557223102586538,0.6557421295817678,0.6557223102586538,2.477415389257054e-05
control,1,economic_confidence,0.5567495581880718,0.5571463692747208,0.5575431803613699,0.5571463692747208,0.0004960138583113283
control,1,consumption_index,0.5968929259259207,0.5970573067175086,0.5972216875090964,0.5970573067175086,0.00020547598948483792
control,1,employment_rate,0.5857439016192252,0.5857565118755753,0.5857691221319254,0.5857565118755753,1.5762820437692504e-05
control,1,congestion_index,0.3453704545833899,0.3453705236869739,0.34537059279055793,0.3453705236869739,8.637948001322115e-08
control,1,health_system_load,0.1330910342597297,0.1330910342597297,0.1330910342597297,0.1330910342597297,0.0
control,1,rumor_belief,0.10907336519619022,0.10967566879916019,0.11027797240213014,0.10967566879916019,0.0007528795037124517
control,1,stress,0.40013528522182107,0.40031316303520437,0.40049104084858766,0.40031316303520437,0.00022234726672909488
control,1,commute_minutes,21.727248787909048,21.727248873680416,21.72724895945179,21.727248873680416,1.0721421439541247e-07
control,1,policy_cost_100m_cny,0.0,0.0,0.0,0.0,0.0
control,2,life_satisfaction,0.4643662471880278,0.46441686229140217,0.4644674773947765,0.46441686229140217,6.32688792179259e-05
control,2,government_trust,0.6456420095538105,0.6456774222596156,0.6457128349654205,0.6456774222596156,4.426588225631134e-05
control,2,economic_confidence,0.5391340947893245,0.5395065820155638,0.5398790692418032,0.5395065820155638,0.00046560903279918575
control,2,consumption_index,0.5358494470053512,0.5360393000958961,0.5362291531864409,0.5360393000958961,0.00023731636318108373
control,2,employment_rate,0.5857205047057397,0.5857346653767832,0.5857488260478267,0.5857346653767832,1.77008388044797e-05
control,2,congestion_index,0.34535429321693195,0.34535822173579334,0.3453621502546548,0.34535822173579334,4.910648576744725e-06
control,2,health_system_load,0.1330910342597297,0.1330910342597297,0.1330910342597297,0.1330910342597297,0.0
control,2,rumor_belief,0.08653262689371263,0.0870251347082325,0.08751764252275236,0.0870251347082325,0.0006156347681498323
control,2,stress,0.4137293656299732,0.413909359475385,0.4140893533207967,0.413909359475385,0.0002249923067646764
control,2,commute_minutes,21.72713519855529,21.72716324922255,21.727191299889814,21.72716324922255,3.506333407621298e-05
control,2,policy_cost_100m_cny,0.0,0.0,0.0,0.0,0.0
control,3,life_satisfaction,0.44052775100426017,0.4405994021814036,0.44067105335854695,0.4405994021814036,8.956397142925732e-05
control,3,government_trust,0.6364369245776731,0.6364844180512979,0.6365319115249227,0.6364844180512979,5.9366842030950107e-05
control,3,economic_confidence,0.5224890554953648,0.5228388576531353,0.5231886598109057,0.5228388576531353,0.00043725269721300863
control,3,consumption_index,0.48207823906979974,0.4822868463783604,0.4824954536869211,0.4822868463783604,0.000260759135700811
control,3,employment_rate,0.5857456226549054,0.5857552814861764,0.5857649403174475,0.5857552814861764,1.2073539088885978e-05
control,3,congestion_index,0.3453523682676151,0.3453641799263254,0.34537599158503574,0.3453641799263254,1.476457338786541e-05
control,3,health_system_load,0.1330910342597297,0.1330910342597297,0.1330910342597297,0.1330910342597297,0.0
control,3,rumor_belief,0.06865669041214009,0.06905700658312997,0.06945732275411984,0.06905700658312997,0.000500395213737348
control,3,stress,0.424796459481481,0.42497400073395164,0.42515154198642235,0.42497400073395164,0.0002219265655883651
control,3,commute_minutes,21.72711613662989,21.727202926815423,21.72728971700096,21.727202926815423,0.00010848773191973748
control,3,policy_cost_100m_cny,0.0,0.0,0.0,0.0,0.0
control,4,life_satisfaction,0.41700272953026596,0.4171015052482612,0.4172002809662564,0.4171015052482612,0.00012346964749399003
control,4,government_trust,0.6278706912484171,0.6279342218413825,0.6279977524343479,0.6279342218413825,7.941324120674942e-05
control,4,economic_confidence,0.5041161693024068,0.5046633013089741,0.5052104333155414,0.5046633013089741,0.0006839150082090795
control,4,consumption_index,0.4343415942190676,0.4345879303301132,0.43483426644115886,0.4345879303301132,0.0003079201388070385
control,4,employment_rate,0.5846663063123794,0.5847628064887311,0.584859306665083,0.5847628064887311,0.00012062522043981838
control,4,congestion_index,0.3448618906879116,0.34491609136187074,0.34497029203582985,0.34491609136187074,6.775084244889373e-05
control,4,health_system_load,0.1330910342597297,0.1330910342597297,0.1330910342597297,0.1330910342597297,0.0
control,4,rumor_belief,0.056190783954636864,0.05668362970181094,0.05717647544898502,0.05668362970181094,0.0006160571839675978
control,4,stress,0.4339177053427409,0.43409972952827824,0.43428175371381567,0.43409972952827824,0.00022753023192176314
control,4,commute_minutes,21.656589748474655,21.662506724767876,21.668423701061098,21.662506724767876,0.007396220366526762
control,4,policy_cost_100m_cny,0.0,0.0,0.0,0.0,0.0
control,5,life_satisfaction,0.3940026129484837,0.3941277861500704,0.39425295935165705,0.3941277861500704,0.00015646650198331002
control,5,government_trust,0.619850719982941,0.619928194338623,0.6200056686943051,0.619928194338623,9.684294460254872e-05
control,5,economic_confidence,0.4866363508101971,0.48720768626727473,0.4877790217243523,0.48720768626727473,0.0007141693213469635
control,5,consumption_index,0.3918618828323361,0.39214300431810634,0.39242412580387653,0.39214300431810634,0.0003514018572128019
control,5,employment_rate,0.5835213215973997,0.5836365082597863,0.5837516949221729,0.5836365082597863,0.00014398332798326585
control,5,congestion_index,0.3443284123032481,0.34439481620438983,0.3444612201055315,0.34439481620438983,8.300487642712295e-05
control,5,health_system_load,0.1330910342597297,0.1330910342597297,0.1330910342597297,0.1330910342597297,0.0
control,5,rumor_belief,0.04662267418696822,0.04705865709935085,0.04749464001173349,0.04705865709935085,0.0005449786404782934
control,5,stress,0.4415391732729278,0.4417283774764845,0.44191758168004125,0.4417283774764845,0.00023650525444590675
control,5,commute_minutes,21.650950925179835,21.652742967673518,21.6545350101672,21.652742967673518,0.0022400531171058446
control,5,policy_cost_100m_cny,0.0,0.0,0.0,0.0,0.0
control,6,life_satisfaction,0.37168279677385924,0.3718319111241686,0.371981025474478,0.3718319111241686,0.00018639293788672018
control,6,government_trust,0.612305414481879,0.6123938953939515,0.612482376306024,0.6123938953939515,0.00011060114009053823
control,6,economic_confidence,0.4700826353633759,0.4706386286808184,0.47119462199826095,0.4706386286808184,0.000694991646803117
control,6,consumption_index,0.3539726601904215,0.3542815393124916,0.35459041843456174,0.3542815393124916,0.00038609890258767265
control,6,employment_rate,0.5823819478277291,0.5824992711447257,0.5826165944617222,0.5824992711447257,0.00014665414624570605
control,6,congestion_index,0.34380349398790205,0.34386990111603555,0.343936308244169,0.34386990111603555,8.300891016685408e-05
control,6,health_system_load,0.1330910342597297,0.1330910342597297,0.1330910342597297,0.1330910342597297,0.0
control,6,rumor_belief,0.039091509224077975,0.03945083314096051,0.03981015705784305,0.03945083314096051,0.00044915489610317105
control,6,stress,0.44795426100838687,0.4481472244934611,0.44834018797853536,0.4481472244934611,0.000241204356342839
control,6,commute_minutes,21.64748766608273,21.648287113816302,21.649086561549872,21.648287113816302,0.0009993096669642654
control,6,policy_cost_100m_cny,0.0,0.0,0.0,0.0,0.0
control,7,life_satisfaction,0.35014660285160937,0.3503160709729428,0.3504855390942763,0.3503160709729428,0.00021183515166686706
control,7,government_trust,0.6051732365215741,0.6052695532138856,0.6053658699061971,0.6052695532138856,0.00012039586538942215
control,7,economic_confidence,0.4542785053628276,0.4547946001019052,0.4553106948409828,0.4547946001019052,0.0006451184238470131
control,7,consumption_index,0.3200810009653867,0.3204087232309877,0.3207364454965886,0.3204087232309877,0.000409652832001145
control,7,employment_rate,0.5812141741575595,0.5813140092966147,0.5814138444356698,0.5813140092966147,0.0001247939238189777
control,7,congestion_index,0.34325699346528,0.3433182611093354,0.34337952875339073,0.3433182611093354,7.658455506923123e-05
control,7,health_system_load,0.1330910342597297,0.1330910342597297,0.1330910342597297,0.1330910342597297,0.0
control,7,rumor_belief,0.033251686382287815,0.033529746306067684,0.03380780622984755,0.033529746306067684,0.00034757490472484
control,7,stress,0.4533947070158566,0.4535862633785812,0.4537778197413058,0.4535862633785812,0.00023944545340576218
control,7,commute_minutes,21.640678147176413,21.640805327485104,21.6409325077938,21.640805327485104,0.00015897538586706617
control,7,policy_cost_100m_cny,0.0,0.0,0.0,0.0,0.0
control,8,life_satisfaction,0.3294725228886105,0.3296584181468438,0.32984431340507714,0.3296584181468438,0.00023236907279167163
control,8,government_trust,0.598413972024222,0.5985152141181231,0.5986164562120244,0.5985152141181231,0.00012655261737654078
control,8,economic_confidence,0.4394815078883216,0.43994860095030375,0.440415694012286,0.43994860095030375,0.0005838663274777278
control,8,consumption_index,0.28970647484174467,0.29004437392038473,0.2903822729990248,0.29004437392038473,0.00042237384830007274
control,8,employment_rate,0.580091331576313,0.5801943591104258,0.5802973866445387,0.5801943591104258,0.00012878441764108128
control,8,congestion_index,0.3427437399520316,0.3428046618361114,0.3428655837201912,0.3428046618361114,7.61523550997234e-05
control,8,health_system_load,0.1330910342597297,0.1330910342597297,0.1330910342597297,0.1330910342597297,0.0
control,8,rumor_belief,0.028497993117932087,0.02870196457331426,0.02890593602869643,0.02870196457331426,0.00025496431922771533
control,8,stress,0.4580344593243508,0.45822166163630496,0.4584088639482591,0.45822166163630496,0.0002340028899427138
control,8,commute_minutes,21.64140758345708,21.64158032698959,21.6417530705221,21.64158032698959,0.0002159294156385272
control,8,policy_cost_100m_cny,0.0,0.0,0.0,0.0,0.0
control,9,life_satisfaction,0.3083806153909571,0.30858491568344754,0.30878921597593795,0.30858491568344754,0.00025537536561298646
control,9,government_trust,0.5918055052295507,0.5919089049931879,0.5920123047568252,0.5919089049931879,0.0001292497045466412
control,9,economic_confidence,0.42493634647657275,0.42515662859317194,0.4253769107097711,0.42515662859317194,0.00027535264574898854
control,9,consumption_index,0.26100894553353143,0.26134150902171827,0.2616740725099051,0.26134150902171827,0.0004157043602335264
control,9,employment_rate,0.5787581643758019,0.5787755975608613,0.5787930307459208,0.5787755975608613,2.1791481324362483e-05
control,9,congestion_index,0.35229177722347943,0.3525469198496453,0.3528020624758112,0.3525469198496453,0.00031892828270735363
control,9,health_system_load,0.15378178617462893,0.1540065020291857,0.15423121788374247,0.1540065020291857,0.0002808948181959592
control,9,rumor_belief,0.02759104905016126,0.027604861902323887,0.027618674754486514,0.027604861902323887,1.7266065203285635e-05
control,9,stress,0.4839749497891757,0.48438323694423,0.4847915240992843,0.48438323694423,0.0005103589438178735
control,9,commute_minutes,22.21622465003948,22.22940688077682,22.242589111514164,22.22940688077682,0.01647778842167824
control,9,policy_cost_100m_cny,0.0,0.0,0.0,0.0,0.0
control,10,life_satisfaction,0.28687377670523934,0.28710216930828186,0.2873305619113244,0.28710216930828186,0.0002854907538031304
control,10,government_trust,0.5848625019668182,0.5849708997642966,0.585079297561775,0.5849708997642966,0.00013549724684802644
control,10,economic_confidence,0.4104712599250914,0.41057551171008744,0.41067976349508345,0.41057551171008744,0.00013031473124502924
control,10,consumption_index,0.2336570120822198,0.233984738970536,0.23431246585885218,0.233984738970536,0.00040965861039522766
control,10,employment_rate,0.5770853838678841,0.5771114720643582,0.5771375602608323,0.5771114720643582,3.2610245592645803e-05
control,10,congestion_index,0.35360189086689553,0.35380362921225617,0.35400536755761675,0.35380362921225617,0.0002521729317007393
control,10,health_system_load,0.17599417962640854,0.17643526642967228,0.17687635323293605,0.17643526642967228,0.0005513585040796826
control,10,rumor_belief,0.027536769489485354,0.027579816363171535,0.02762286323685771,0.027579816363171535,5.380859210772464e-05
control,10,stress,0.5111421505654545,0.5117572482636161,0.5123723459617777,0.5117572482636161,0.0007688721227020467
control,10,commute_minutes,22.317453094597948,22.327723856121672,22.337994617645393,22.327723856121672,0.012838451904654491
control,10,policy_cost_100m_cny,0.0,0.0,0.0,0.0,0.0
control,11,life_satisfaction,0.26548389857530025,0.2657625318721984,0.26604116516909654,0.2657625318721984,0.0003482916211227094
control,11,government_trust,0.577792125857715,0.5779185657980039,0.5780450057382928,0.5779185657980039,0.0001580499253611145
control,11,economic_confidence,0.3971160559854996,0.3971859508697101,0.3972558457539206,0.3971859508697101,8.736860526312172e-05
control,11,consumption_index,0.20799338773327053,0.20834393672858975,0.20869448572390895,0.20834393672858975,0.00043818624414899976
control,11,employment_rate,0.5756222584236811,0.5756623803004708,0.5757025021772604,0.5756623803004708,5.0152345987097835e-05
control,11,congestion_index,0.350566245058478,0.35092051384265055,0.3512747826268231,0.35092051384265055,0.00044283598021568893
control,11,health_system_load,0.19108539877920305,0.1920299724106595,0.19297454604211597,0.1920299724106595,0.0011807170393205585
control,11,rumor_belief,0.026778765973706174,0.026782483224194565,0.026786200474682956,0.026782483224194565,4.646563110489305e-06
control,11,stress,0.5304354771743026,0.5315616433721434,0.5326878095699842,0.5315616433721434,0.0014077077473010347
control,11,commute_minutes,22.195051527992778,22.212491633287414,22.229931738582046,22.212491633287414,0.02180013161829386
control,11,policy_cost_100m_cny,0.0,0.0,0.0,0.0,0.0
control,12,life_satisfaction,0.24444464161104396,0.24474208103781064,0.2450395204645773,0.24474208103781064,0.00037179928345833224
control,12,government_trust,0.5706779539647702,0.5708073763560553,0.5709367987473405,0.5708073763560553,0.00016177798910638197
control,12,economic_confidence,0.38408645404374103,0.38421295580284653,0.38433945756195204,0.38421295580284653,0.00015812719888186333
control,12,consumption_index,0.18401614546404843,0.18434287406870084,0.18466960267335325,0.18434287406870084,0.0004084107558155192
control,12,employment_rate,0.5739773253078782,0.5740960128669454,0.5742147004260127,0.5740960128669454,0.00014835944883417884
control,12,congestion_index,0.34982661732870723,0.3498795982330495,0.34993257913739173,0.3498795982330495,6.622613042781e-05
control,12,health_system_load,0.2048846465388429,0.20553117263445253,0.20617769873006214,0.20553117263445253,0.0008081576195120427
control,12,rumor_belief,0.026171014558948887,0.02633406591364547,0.02649711726834205,0.02633406591364547,0.00020381419337072923
control,12,stress,0.5480584401392432,0.5488435594281973,0.5496286787171514,0.5488435594281973,0.000981399111192549
control,12,commute_minutes,22.192400391897202,22.192813305963202,22.193226220029203,22.192813305963202,0.0005161425825015442
control,12,policy_cost_100m_cny,0.0,0.0,0.0,0.0,0.0
control,13,life_satisfaction,0.22349001520794295,0.22379308298347342,0.22409615075900388,0.22379308298347342,0.0003788347194130792
control,13,government_trust,0.5630190159283069,0.563146747226638,0.5632744785249691,0.563146747226638,0.00015966412291390508
control,13,economic_confidence,0.3712114137583212,0.3715232903438181,0.371835166929315,0.3715232903438181,0.00038984573187111904
control,13,consumption_index,0.1613050689321975,0.16158204265318302,0.16185901637416852,0.16158204265318302,0.0003462171512318979
control,13,employment_rate,0.5721721812865359,0.5723662843807169,0.5725603874748979,0.5723662843807169,0.0002426288677261912
control,13,congestion_index,0.3508644797531101,0.3510849376409477,0.3513053955287854,0.3510849376409477,0.00027557235979705497
control,13,health_system_load,0.22191051517147017,0.2225273514735474,0.22314418777562464,0.2225273514735474,0.0007710453775965354
control,13,rumor_belief,0.04206712429352719,0.04229128981364082,0.04251545533375445,0.04229128981364082,0.00028020690014203195
control,13,stress,0.5696014459893068,0.5703227547015169,0.571044063413727,0.5703227547015169,0.0009016358902625976
control,13,commute_minutes,22.283015859972526,22.290400044796044,22.297784229619563,22.290400044796044,0.009230231029398794
control,13,policy_cost_100m_cny,0.0,0.0,0.0,0.0,0.0
control,14,life_satisfaction,0.20284564321830084,0.20313072321218412,0.20341580320606742,0.20313072321218412,0.0003563499923541074
control,14,government_trust,0.5550243767651215,0.555138985043045,0.5552535933209687,0.555138985043045,0.00014326034740447247
control,14,economic_confidence,0.35932000827074917,0.3596393630533109,0.35995871783587263,0.3596393630533109,0.00039919347820216444
control,14,consumption_index,0.14091741720282785,0.14111315883225695,0.14130890046168604,0.14111315883225695,0.00024467703678635044
control,14,employment_rate,0.5705369257703843,0.5707295080255355,0.5709220902806866,0.5707295080255355,0.00024072781893902384
control,14,congestion_index,0.3499476921861816,0.34996830016199665,0.34998890813781175,0.34996830016199665,2.5759969768807123e-05
control,14,health_system_load,0.23643908475291378,0.23677181293314586,0.23710454111337798,0.23677181293314586,0.00041591022529012533
control,14,rumor_belief,0.054215571747320265,0.05461337533222951,0.05501117891713877,0.05461337533222951,0.0004972544811365671
control,14,stress,0.588840405250181,0.5892199271389786,0.5895994490277764,0.5892199271389786,0.000474402360997106
control,14,commute_minutes,22.26415203535851,22.268897951184883,22.273643867011252,22.268897951184883,0.005932394782965034
control,14,policy_cost_100m_cny,0.0,0.0,0.0,0.0,0.0
control,15,life_satisfaction,0.18271452910690633,0.18302572107807247,0.18333691304923858,0.18302572107807247,0.00038898996395765606
control,15,government_trust,0.5468251857713167,0.5469500160906156,0.5470748464099144,0.5469500160906156,0.00015603789912355115
control,15,economic_confidence,0.34830991052653515,0.34867778729047516,0.34904566405441523,0.34867778729047516,0.00045984595492501446
control,15,consumption_index,0.12644462395460765,0.12656515618195324,0.12668568840929886,0.12656515618195324,0.00015066528418199165
control,15,employment_rate,0.5690398957256967,0.5692469452163472,0.5694539947069978,0.5692469452163472,0.00025881186331322414
control,15,congestion_index,0.3486180902193841,0.34924188705243975,0.3498656838854954,0.34924188705243975,0.000779746041319529
control,15,health_system_load,0.24781204583915833,0.24894500468233038,0.25007796352550243,0.24894500468233038,0.0014161985539650757
control,15,rumor_belief,0.06337309073651638,0.06364552721096992,0.06391796368542343,0.06364552721096992,0.00034054559306690574
control,15,stress,0.6048514798130353,0.6060441663063768,0.6072368527997183,0.6060441663063768,0.0014908581166768187
control,15,commute_minutes,22.236385071662912,22.26379107839367,22.291197085124427,22.26379107839367,0.03425750841344666
control,15,policy_cost_100m_cny,0.0,0.0,0.0,0.0,0.0
control,16,life_satisfaction,0.16347107900871005,0.1636663491145542,0.16386161922039835,0.1636663491145542,0.0002440876323051705
control,16,government_trust,0.538543730105869,0.5386104046382998,0.5386770791707305,0.5386104046382998,8.33431655384298e-05
control,16,economic_confidence,0.3374712596075504,0.3378500454976381,0.3382288313877258,0.3378500454976381,0.0004734823626096063
control,16,consumption_index,0.11720612340159048,0.1172328380880869,0.11725955277458333,0.1172328380880869,3.3393358120532846e-05
control,16,employment_rate,0.567392184752498,0.5676028668442464,0.5678135489359949,0.5676028668442464,0.0002633526146855747
control,16,congestion_index,0.3471687272665154,0.34822777523540893,0.34928682320430243,0.34822777523540893,0.0013238099611168896
control,16,health_system_load,0.25885507432113597,0.2599033533913254,0.2609516324615149,0.2599033533913254,0.0013103488377368688
control,16,rumor_belief,0.07237254551171968,0.07316908792269475,0.07396563033366983,0.07316908792269475,0.0009956780137188384
control,16,stress,0.6205291594936556,0.6216912631778981,0.6228533668621408,0.6216912631778981,0.0014526296053031795
control,16,commute_minutes,22.189610271226996,22.248283976188734,22.30695768115047,22.248283976188734,0.07334213120217115
control,16,policy_cost_100m_cny,0.0,0.0,0.0,0.0,0.0
control,17,life_satisfaction,0.1454870834689067,0.14553068683540596,0.1455742902019052,0.14553068683540596,5.450420812405654e-05
control,17,government_trust,0.5303264664898405,0.5303419124855804,0.5303573584813202,0.5303419124855804,1.9307494674769554e-05
control,17,economic_confidence,0.32728678486533336,0.32777459131401476,0.3282623977626962,0.32777459131401476,0.0006097580608518116
control,17,consumption_index,0.10938502705236287,0.10946657304538893,0.10954811903841498,0.10946657304538893,0.0001019324912825692
control,17,employment_rate,0.5658229296733333,0.5660863120058766,0.56634969433842,0.5660863120058766,0.00032922791567918663
control,17,congestion_index,0.3463192750350765,0.3464506034871155,0.3465819319391545,0.3464506034871155,0.00016416056504875431
control,17,health_system_load,0.2658691112267219,0.26741585842977983,0.26896260563283775,0.26741585842977983,0.0019334340038223985
control,17,rumor_belief,0.07664675242723866,0.07799066037780353,0.07933456832836838,0.07799066037780353,0.0016798849382060818
control,17,stress,0.6318199418095399,0.6335828632814963,0.6353457847534526,0.6335828632814963,0.0022036518399454197
control,17,commute_minutes,22.178811803196236,22.19155328011062,22.204294757025007,22.19155328011062,0.015926846142981788
control,17,policy_cost_100m_cny,0.0,0.0,0.0,0.0,0.0
control,18,life_satisfaction,0.1287684932473479,0.12897158664913932,0.12917468005093077,0.12897158664913932,0.000253866752239304
control,18,government_trust,0.5219942341702755,0.5221596263434147,0.522325018516554,0.5221596263434147,0.0002067402164240839
control,18,economic_confidence,0.31719384464343714,0.31797583024863524,0.31875781585383334,0.31797583024863524,0.0009774820064976097
control,18,consumption_index,0.10192570260815334,0.10218936298912623,0.10245302337009912,0.10218936298912623,0.00032957547621611377
control,18,employment_rate,0.5641011399705704,0.5644930188215678,0.5648848976725652,0.5644930188215678,0.0004898485637467309
control,18,congestion_index,0.34498020094321,0.34581718263246564,0.34665416432172125,0.34581718263246564,0.0010462271115694866
control,18,health_system_load,0.27108451930217803,0.27459401741458456,0.2781035155269911,0.27459401741458456,0.004386872640508133
control,18,rumor_belief,0.08035517054313875,0.08250523682599097,0.08465530310884319,0.08250523682599097,0.002687582853565268
control,18,stress,0.6410410559431496,0.6449838315184409,0.6489266070937321,0.6449838315184409,0.004928469469114016
control,18,commute_minutes,22.14322176922788,22.195147849764446,22.247073930301017,22.195147849764446,0.064907600670713
control,18,policy_cost_100m_cny,0.0,0.0,0.0,0.0,0.0
control,19,life_satisfaction,0.11547076807072543,0.1158266539006952,0.11618253973066497,0.1158266539006952,0.00044485728746221365
control,19,government_trust,0.5143701869243946,0.514688493260967,0.5150067995975394,0.514688493260967,0.0003978829207155199
control,19,economic_confidence,0.309112175320133,0.3099366778446109,0.31076118036908873,0.3099366778446109,0.0010306281555972907
control,19,consumption_index,0.09581010382842947,0.09622404128800915,0.09663797874758884,0.09622404128800915,0.0005174218244746037
control,19,employment_rate,0.5630146301274362,0.5634344213585538,0.5638542125896715,0.5634344213585538,0.000524739038896993
control,19,congestion_index,0.33458391887288635,0.3348001900157892,0.33501646115869205,0.3348001900157892,0.00027033892862854403
control,19,health_system_load,0.2562636745988298,0.25947528941777126,0.2626869042367127,0.25947528941777126,0.004014518523676791
control,19,rumor_belief,0.08205040429918861,0.08495653602135714,0.08786266774352565,0.08495653602135714,0.00363266465271065
control,19,stress,0.6288835287223336,0.6326551993809091,0.6364268700394847,0.6326551993809091,0.004714588323219415
control,19,commute_minutes,21.592269427963103,21.59478993959131,21.597310451219514,21.59478993959131,0.0031506395352565164
control,19,policy_cost_100m_cny,0.0,0.0,0.0,0.0,0.0
control,20,life_satisfaction,0.10550081338709166,0.10595638589258095,0.10641195839807024,0.10595638589258095,0.0005694656318616098
control,20,government_trust,0.5073916408690953,0.5078449117971435,0.5082981827251917,0.5078449117971435,0.0005665886600602632
control,20,economic_confidence,0.30073061492953485,0.3015400543247796,0.30234949372002434,0.3015400543247796,0.001011799244055922
control,20,consumption_index,0.0907244307610158,0.09125648995773161,0.09178854915444742,0.09125648995773161,0.0006650739958947646
control,20,employment_rate,0.5616540840316105,0.5620655516541264,0.5624770192766422,0.5620655516541264,0.0005143345281448108
control,20,congestion_index,0.3338856672595511,0.3341039391483279,0.3343222110371047,0.3341039391483279,0.00027283986097101365
control,20,health_system_load,0.24324114095465083,0.24612858173449728,0.24901602251434374,0.24612858173449728,0.0036093009748080773
control,20,rumor_belief,0.0842149718907743,0.08710151906801664,0.08998806624525897,0.08710151906801664,0.0036081839715529224
control,20,stress,0.6183953008292244,0.6219525006708677,0.625509700512511,0.6219525006708677,0.004446499802054138
control,20,commute_minutes,21.56888588412509,21.57038630461249,21.57188672509989,21.57038630461249,0.001875525609250417
control,20,policy_cost_100m_cny,0.0,0.0,0.0,0.0,0.0
control,21,life_satisfaction,0.09831535415379568,0.09885023826627562,0.09938512237875557,0.09885023826627562,0.0006686051405999302
control,21,government_trust,0.501511174124074,0.5020630442891605,0.5026149144542469,0.5020630442891605,0.0006898377063580541
control,21,economic_confidence,0.2938015467458636,0.2944432346635505,0.2950849225812374,0.2944432346635505,0.0008021098971086327
control,21,consumption_index,0.08662398285202041,0.0872347329475712,0.087845483043122,0.0872347329475712,0.0007634376194384854
control,21,employment_rate,0.5607109202930479,0.5610792120328425,0.561447503772637,0.5610792120328425,0.00046036467474314113
control,21,congestion_index,0.3333927329380744,0.3335864434893838,0.33378015404069317,0.3335864434893838,0.0002421381891367369
control,21,health_system_load,0.2300231281512603,0.23256407603752516,0.23510502392379,0.23256407603752516,0.0031761848578310548
control,21,rumor_belief,0.06903272698506456,0.07121558860715323,0.0733984502292419,0.07121558860715323,0.00272857702761084
control,21,stress,0.6066969096100765,0.6099682914357921,0.6132396732615077,0.6099682914357921,0.0040892272821445586
control,21,commute_minutes,21.57588794962506,21.57808353992843,21.5802791302318,21.57808353992843,0.002744487879214219
control,21,policy_cost_100m_cny,0.0,0.0,0.0,0.0,0.0
control,22,life_satisfaction,0.09305535527060423,0.09365215350453249,0.09424895173846075,0.09365215350453249,0.00074599779241033
control,22,government_trust,0.4965257227295149,0.4971567190697863,0.4977877154100578,0.4971567190697863,0.0007887454253392712
control,22,economic_confidence,0.2867789576657491,0.2875764178625547,0.2883738780593603,0.2875764178625547,0.0009968252460069715
control,22,consumption_index,0.08329565829392774,0.08397295379806476,0.08465024930220177,0.08397295379806476,0.0008466193801712762
control,22,employment_rate,0.5596713408711439,0.560076190278177,0.56048103968521,0.560076190278177,0.0005060617587913652
control,22,congestion_index,0.332834862889992,0.3330505800000969,0.3332662971102018,0.3330505800000969,0.0002696463876311339
control,22,health_system_load,0.21839127688427654,0.22062731102418962,0.2228633451641027,0.22062731102418962,0.002795042674891335
control,22,rumor_belief,0.05684035166158798,0.05871107203081456,0.060581792400041135,0.05871107203081456,0.0023384004615332223
control,22,stress,0.5958715390337901,0.5988695900560308,0.6018676410782716,0.5988695900560308,0.0037475637778009996
control,22,commute_minutes,21.56521163205091,21.57123169192257,21.57725175179423,21.57123169192257,0.007525074839573875
control,22,policy_cost_100m_cny,0.0,0.0,0.0,0.0,0.0
control,23,life_satisfaction,0.08895674742567511,0.08960618398945425,0.09025562055323338,0.08960618398945425,0.0008117957047239222
control,23,government_trust,0.4922957694214224,0.4929782261964674,0.49366068297151244,0.4929782261964674,0.0008530709688062688
control,23,economic_confidence,0.28052143649215056,0.28109095780225846,0.2816604791123664,0.28109095780225846,0.0007119016376349319
control,23,consumption_index,0.08061645716390578,0.08132615880070715,0.0820358604375085,0.08132615880070715,0.000887127046001697
control,23,employment_rate,0.5587558574950233,0.5590830915733997,0.5594103256517763,0.5590830915733997,0.0004090425979706436
control,23,congestion_index,0.33233018370795364,0.33250880141902395,0.33268741913009425,0.33250880141902395,0.00022327213883788222
control,23,health_system_load,0.20815524776933106,0.21012295781245455,0.21209066785557806,0.21012295781245455,0.0024596375539043674
control,23,rumor_belief,0.04743256276227745,0.04876429109789872,0.050096019433519996,0.04876429109789872,0.0016646604195265959
control,23,stress,0.5859464774643948,0.5886817403008512,0.5914170031373076,0.5886817403008512,0.003419078545570553
control,23,commute_minutes,21.564648925818943,21.568440440268933,21.572231954718923,21.568440440268933,0.004739393062486386
control,23,policy_cost_100m_cny,0.0,0.0,0.0,0.0,0.0
control,24,life_satisfaction,0.08557651626462806,0.08626823475548115,0.08695995324633424,0.08626823475548115,0.0008646481135663603
control,24,government_trust,0.48869250166427763,0.4894083167423705,0.49012413182046344,0.4894083167423705,0.0008947688476161064
control,24,economic_confidence,0.27458762699479894,0.2750693159192451,0.2755510048436913,0.2750693159192451,0.0006021111555577219
control,24,consumption_index,0.0784539665201503,0.0791759748757869,0.0798979832314235,0.0791759748757869,0.0009025104445457427
control,24,employment_rate,0.557878690095322,0.5581601942939458,0.5584416984925697,0.5581601942939458,0.00035188024827986775
control,24,congestion_index,0.3318443092771809,0.33200369935025476,0.33216308942332856,0.33200369935025476,0.00019923759134229946
control,24,health_system_load,0.19914754214817884,0.20087912698612748,0.20261071182407608,0.20087912698612748,0.0021644810474357873
control,24,rumor_belief,0.03979334708712075,0.04080277994746204,0.04181221280780333,0.04080277994746204,0.001261791075426611
control,24,stress,0.5769104023313777,0.5793909546326337,0.5818715069338898,0.5793909546326337,0.00310069037657007
control,24,commute_minutes,21.56685361898386,21.56732974262455,21.567805866265243,21.56732974262455,0.0005951545508651179
control,24,policy_cost_100m_cny,0.0,0.0,0.0,0.0,0.0
control,25,life_satisfaction,0.08280906264552046,0.0835326386837004,0.08425621472188033,0.0835326386837004,0.0009044700477249118
control,25,government_trust,0.48569392830320673,0.48643047763217107,0.48716702696113545,0.48643047763217107,0.0009206866612054554
control,25,economic_confidence,0.27162748974702533,0.2720903557573292,0.27255322176763314,0.2720903557573292,0.0005785825128798716
control,25,consumption_index,0.07687295192169344,0.07759518701027518,0.07831742209885693,0.07759518701027518,0.0009027938607271899
control,25,employment_rate,0.5579621844859515,0.5582511300498485,0.5585400756137456,0.5582511300498485,0.0003611819548713924
control,25,congestion_index,0.3318389384301093,0.3320044014738245,0.3321698645175396,0.3320044014738245,0.00020682880464392706
control,25,health_system_load,0.19122076120156495,0.19274455585895972,0.19426835051635452,0.19274455585895972,0.0019047433217434934
control,25,rumor_belief,0.031591063250904675,0.03239241913084432,0.033193775010783966,0.03239241913084432,0.0010016948499245587
control,25,stress,0.56861881076856,0.5708636303889848,0.5731084500094096,0.5708636303889848,0.0028060245255310257
control,25,commute_minutes,21.63492892433121,21.63605378374151,21.637178643151806,21.63605378374151,0.0014060742628725365
control,25,policy_cost_100m_cny,0.0,0.0,0.0,0.0,0.0
control,26,life_satisfaction,0.08056194493712837,0.08130714521967458,0.08205234550222078,0.08130714521967458,0.0009315003531827556
control,26,government_trust,0.4831970425735719,0.4839441631014145,0.48469128362925723,0.4839441631014145,0.0009339006598033384
control,26,economic_confidence,0.26890222061578484,0.2693466498168197,0.2697910790178546,0.2693466498168197,0.0005555365012935853
control,26,consumption_index,0.07575399320946691,0.07646876462126266,0.07718353603305841,0.07646876462126266,0.000893464264744695
control,26,employment_rate,0.5580269072200081,0.55833554486473,0.558644182509452,0.55833554486473,0.00038579705590241486
control,26,congestion_index,0.3318309113724081,0.33200593313424154,0.332180954896075,0.33200593313424154,0.0002187772022918255
control,26,health_system_load,0.18424519396854472,0.1855861332670522,0.1869270725655597,0.1855861332670522,0.0016761741231343524
control,26,rumor_belief,0.02508339252842859,0.025719693558070626,0.026355994587712664,0.025719693558070626,0.0007953762870525488
control,26,stress,0.5609885723005671,0.5630192077303618,0.5650498431601566,0.5630192077303618,0.0025382942872433922
control,26,commute_minutes,21.634884000081954,21.636064709397097,21.63724541871224,21.636064709397097,0.001475886643930835
control,26,policy_cost_100m_cny,0.0,0.0,0.0,0.0,0.0
control,27,life_satisfaction,0.07876314278924838,0.07952097193379551,0.08027880107834262,0.07952097193379551,0.0009472864306839038
control,27,government_trust,0.481117020422179,0.48186655019970215,0.4826160799772252,0.48186655019970215,0.0009369122219038684
control,27,economic_confidence,0.266394297042896,0.26681946534241024,0.26724463364192447,0.26681946534241024,0.0005314603743927782
control,27,consumption_index,0.0749999830830824,0.07570073884141515,0.07640149459974792,0.07570073884141515,0.0008759446979159577
control,27,employment_rate,0.55808286723066,0.55840040805935,0.5587179488880399,0.55840040805935,0.0003969260358623883
control,27,congestion_index,0.33182118203805283,0.33199646648026276,0.3321717509224727,0.33199646648026276,0.00021910555276238863
control,27,health_system_load,0.1781066948034869,0.17928672138617346,0.18046674796886006,0.17928672138617346,0.0014750332283582218
control,27,rumor_belief,0.019919794715698207,0.020425146603283935,0.02093049849086966,0.020425146603283935,0.0006316898594821586
control,27,stress,0.554009815054219,0.5558461248077198,0.5576824345612206,0.5558461248077198,0.0022953871918760527
control,27,commute_minutes,21.634809330772953,21.635997587626612,21.63718584448027,21.635997587626612,0.001485321067073997
control,27,policy_cost_100m_cny,0.0,0.0,0.0,0.0,0.0
control,28,life_satisfaction,0.0773476428159368,0.07810996925553944,0.07887229569514208,0.07810996925553944,0.0009529080495033065
control,28,government_trust,0.47938360905830857,0.4801290580502946,0.48087450704228063,0.4801290580502946,0.0009318112399825385
control,28,economic_confidence,0.26406484416253884,0.2644727081654715,0.26488057216840427,0.2644727081654715,0.0005098300036658621
control,28,consumption_index,0.07452945290045362,0.07521149388215015,0.07589353486384669,0.07521149388215015,0.0008525512271206695
control,28,employment_rate,0.5581461155441171,0.5584696733863634,0.5587932312286098,0.5584696733863634,0.00040444730280797536
control,28,congestion_index,0.3318248799158229,0.3319998954644792,0.33217491101313557,0.3319998954644792,0.00021876943582044284
control,28,health_system_load,0.17270481553823608,0.17374323893100024,0.17478166232376438,0.17374323893100024,0.0012980292409551925
control,28,rumor_belief,0.01582218455504043,0.016223626485441796,0.016625068415843165,0.016223626485441796,0.0005018024130017101
control,28,stress,0.5476576353645088,0.5493182224341964,0.5509788095038839,0.5493182224341964,0.0020757338371093503
control,28,commute_minutes,21.634832621472206,21.63602263503593,21.63721264859965,21.63602263503593,0.001487516954654211
control,28,policy_cost_100m_cny,0.0,0.0,0.0,0.0,0.0
control,29,life_satisfaction,0.0762591428606628,0.07701882641784114,0.07777850997501945,0.07701882641784114,0.0009496044464729
control,29,government_trust,0.47793860043406533,0.47867485626026024,0.47941111208645515,0.47867485626026024,0.0009203197827436504
control,29,economic_confidence,0.26188971940548095,0.2622825675826762,0.2626754157598715,0.2622825675826762,0.0004910602214941162
control,29,consumption_index,0.07427633709114537,0.07493622926005389,0.07559612142896241,0.07493622926005389,0.0008248652111356447
control,29,employment_rate,0.5582035617850165,0.5585252121977986,0.5588468626105806,0.5585252121977986,0.00040206301597750516
control,29,congestion_index,0.331844041487535,0.3320102391253295,0.33217643676312403,0.3320102391253295,0.0002077470472431342
control,29,health_system_load,0.1679511617848153,0.16886497437044776,0.1697787869560802,0.16886497437044776,0.0011422657320405705
control,29,rumor_belief,0.012570019111469662,0.012888990349904351,0.01320796158833904,0.012888990349904351,0.0003987140480433615
control,29,stress,0.5419008336723731,0.5434025736430775,0.544904313613782,0.5434025736430775,0.001877174963380579
control,29,commute_minutes,21.634963302373738,21.636094823382077,21.637226344390417,21.636094823382077,0.0014144012604262457
control,29,policy_cost_100m_cny,0.0,0.0,0.0,0.0,0.0
control,30,life_satisfaction,0.075445400794472,0.07619743353677112,0.07694946627907025,0.07619743353677112,0.0009400409278739058
control,30,government_trust,0.4767337652289584,0.4774568509272937,0.47817993662562897,0.4774568509272937,0.0009038571229191272
control,30,economic_confidence,0.2598560772072367,0.260236393053097,0.2606167088989573,0.260236393053097,0.00047539480732541883
control,30,consumption_index,0.0741857277650404,0.07482165544007136,0.0754575831151023,0.07482165544007136,0.0007949095937886883
control,30,employment_rate,0.5582635112429015,0.5585869265889893,0.558910341935077,0.5585869265889893,0.00040426918260966227
control,30,congestion_index,0.3318353268083381,0.3320057733752132,0.33217621994208824,0.3320057733752132,0.00021305820859382485
control,30,health_system_load,0.16376794648180504,0.16457210155716162,0.16537625663251823,0.16457210155716162,0.0010051938441957425
control,30,rumor_belief,0.00998842321524462,0.010241925402360304,0.010495427589475987,0.010241925402360304,0.0003168777338946041
control,30,stress,0.5367006822560448,0.5380594732805957,0.5394182643051466,0.5380594732805957,0.0016984887806886229
control,30,commute_minutes,21.63490006047904,21.636059698519738,21.637219336560435,21.636059698519738,0.0014495475508695677
control,30,policy_cost_100m_cny,0.0,0.0,0.0,0.0,0.0
mobility_support,0,life_satisfaction,0.5120398756811032,0.5120398756811032,0.5120398756811032,0.5120398756811032,0.0
mobility_support,0,government_trust,0.6667855803695066,0.6667855803695066,0.6667855803695066,0.6667855803695066,0.0
mobility_support,0,economic_confidence,0.5757052644745663,0.5757079643477903,0.5757106642210141,0.5757079643477903,3.374841529957262e-06
mobility_support,0,consumption_index,0.6664856798207413,0.666510735947466,0.6665357920741908,0.666510735947466,3.1320158405900855e-05
mobility_support,0,employment_rate,0.5857542141947042,0.5857542141947042,0.5857542141947042,0.5857542141947042,0.0
mobility_support,0,congestion_index,0.8,0.8,0.8,0.8,0.0
mobility_support,0,health_system_load,0.65,0.65,0.65,0.65,0.0
mobility_support,0,rumor_belief,0.13910869573419832,0.13911552610834216,0.13912235648248597,0.13911552610834216,8.537967679786429e-06
mobility_support,0,stress,0.38261249320708474,0.3827750342632096,0.3829375753193345,0.3827750342632096,0.00020317632015606768
mobility_support,0,commute_minutes,23.512001402248313,23.512001402248313,23.512001402248313,23.512001402248313,0.0
mobility_support,0,policy_cost_100m_cny,0.0,0.0,0.0,0.0,0.0
mobility_support,1,life_satisfaction,0.4883823851554447,0.4883896079374356,0.4883968307194264,0.4883896079374356,9.028477488598474e-06
mobility_support,1,government_trust,0.6557025367057875,0.655702949314965,0.6557033619241425,0.655702949314965,5.157614718642733e-07
mobility_support,1,economic_confidence,0.5570484694610861,0.5570512928265342,0.5570541161919823,0.5570512928265342,3.529206810126695e-06
mobility_support,1,consumption_index,0.5971361934016958,0.5971660730055763,0.597195952609457,0.5971660730055763,3.7349504850736626e-05
mobility_support,1,employment_rate,0.5857553430514594,0.5857565706558594,0.5857577982602595,0.5857565706558594,1.5345055000559604e-06
mobility_support,1,congestion_index,0.3453703296564452,0.3453717922339056,0.3453732548113659,0.3453717922339056,1.8282218254006555e-06
mobility_support,1,health_system_load,0.1330910342597297,0.1330910342597297,0.1330910342597297,0.1330910342597297,0.0
mobility_support,1,rumor_belief,0.11038661026906657,0.11040446985158182,0.11042232943409708,0.11040446985158182,2.2324478144070126e-05
mobility_support,1,stress,0.3995010918996883,0.399643123353564,0.3997851548074397,0.399643123353564,0.00017753931734459938
mobility_support,1,commute_minutes,21.727243686413452,21.72725582564628,21.72726796487911,21.72725582564628,1.5174041037013808e-05
mobility_support,1,policy_cost_100m_cny,0.0,0.0,0.0,0.0,0.0
mobility_support,2,life_satisfaction,0.4644533274460543,0.4644661671672764,0.4644790068884986,0.4644661671672764,1.6049651527655362e-05
mobility_support,2,government_trust,0.6456425002874989,0.6456433878636072,0.6456442754397155,0.6456433878636072,1.109470135318702e-06
mobility_support,2,economic_confidence,0.5394178556744272,0.5394208965784195,0.5394239374824117,0.5394208965784195,3.801129990266272e-06
mobility_support,2,consumption_index,0.536121962925927,0.5361548446441442,0.5361877263623614,0.5361548446441442,4.1102147771532316e-05
mobility_support,2,employment_rate,0.5857332485015169,0.5857361371702964,0.5857390258390759,0.5857361371702964,3.610835974332538e-06
mobility_support,2,congestion_index,0.3453622255114639,0.3453639871019819,0.3453657486925,0.3453639871019819,2.201988147570999e-06
mobility_support,2,health_system_load,0.1330910342597297,0.1330910342597297,0.1330910342597297,0.1330910342597297,0.0
mobility_support,2,rumor_belief,0.08759596148286058,0.08761741005603549,0.08763885862921038,0.08761741005603549,2.6810716468615714e-05
mobility_support,2,stress,0.4132251158774628,0.4133492550694362,0.41347339426140967,0.4133492550694362,0.00015517398996681142
mobility_support,2,commute_minutes,21.72718785315704,21.7271942902097,21.727200727262357,21.7271942902097,8.046315823406758e-06
mobility_support,2,policy_cost_100m_cny,0.0,0.0,0.0,0.0,0.0
mobility_support,3,life_satisfaction,0.4406453712138683,0.44066247533635494,0.4406795794588416,0.44066247533635494,2.1380153108291333e-05
mobility_support,3,government_trust,0.636438204195391,0.6364395235040882,0.6364408428127853,0.6364395235040882,1.649135871417684e-06
mobility_support,3,economic_confidence,0.5227580269086806,0.5227611994253127,0.522764371941945,0.5227611994253127,3.9656457902492726e-06
mobility_support,3,consumption_index,0.48236896631678194,0.48240344053695283,0.4824379147571237,0.48240344053695283,4.309277521363786e-05
mobility_support,3,employment_rate,0.5857418080738078,0.5857436812280135,0.585745554382219,0.5857436812280135,2.3414427569590224e-06
mobility_support,3,congestion_index,0.34536222266763744,0.34536930004958233,0.34537637743152727,0.34536930004958233,8.846727431149892e-06
mobility_support,3,health_system_load,0.1330910342597297,0.1330910342597297,0.1330910342597297,0.1330910342597297,0.0
mobility_support,3,rumor_belief,0.06951489693805878,0.06953581923225363,0.06955674152644849,0.06953581923225363,2.615286774357295e-05
mobility_support,3,stress,0.4243976050145625,0.4245060150152102,0.4246144250158579,0.4245060150152102,0.0001355125008096203
mobility_support,3,commute_minutes,21.727179284985244,21.727236681661175,21.72729407833711,21.727236681661175,7.174584491487224e-05
mobility_support,3,policy_cost_100m_cny,0.0,0.0,0.0,0.0,0.0
mobility_support,4,life_satisfaction,0.4171369562654589,0.4171522854043611,0.4171676145432634,0.4171522854043611,1.916142362781703e-05
mobility_support,4,government_trust,0.6278601330921841,0.6278655639516408,0.6278709948110975,0.6278655639516408,6.788574320903962e-06
mobility_support,4,economic_confidence,0.50396601318059,0.5040830061737243,0.5041999991668584,0.5040830061737243,0.00014624124141776607
mobility_support,4,consumption_index,0.43462269152255667,0.43464414853252936,0.43466560554250205,0.43464414853252936,2.6821262465837048e-05
mobility_support,4,employment_rate,0.5844683768205851,0.5845177350063135,0.5845670931920421,0.5845177350063135,6.169773216063712e-05
mobility_support,4,congestion_index,0.34477111694058404,0.3447962118507442,0.3448213067609044,0.3447962118507442,3.136863770020204e-05
mobility_support,4,health_system_load,0.1330910342597297,0.1330910342597297,0.1330910342597297,0.1330910342597297,0.0
mobility_support,4,rumor_belief,0.05735189691691643,0.057463368651469296,0.05757484038602216,0.057463368651469296,0.00013933966819108107
mobility_support,4,stress,0.4336417383891127,0.4337312032936774,0.4338206681982422,0.4337312032936774,0.00011183113070592499
mobility_support,4,commute_minutes,21.645516692379093,21.648744403401686,21.65197211442428,21.648744403401686,0.004034638778239952
mobility_support,4,policy_cost_100m_cny,0.0,0.0,0.0,0.0,0.0
mobility_support,5,life_satisfaction,0.39447760808039795,0.394492229017092,0.39450684995378615,0.394492229017092,1.8276170867609354e-05
mobility_support,5,government_trust,0.6198356517074389,0.6198428873712398,0.6198501230350408,0.6198428873712398,9.044579751205095e-06
mobility_support,5,economic_confidence,0.48663362405717336,0.48669960780658794,0.48676559155600246,0.48669960780658794,8.247968676819428e-05
mobility_support,5,consumption_index,0.3925588205545876,0.39257400536862463,0.3925891901826617,0.39257400536862463,1.898101754632675e-05
mobility_support,5,employment_rate,0.5834125086428079,0.5834276075580074,0.5834427064732067,0.5834276075580074,1.887364399927316e-05
mobility_support,5,congestion_index,0.3399314793606946,0.33994432653640616,0.33995717371211764,0.33994432653640616,1.6058969639382026e-05
mobility_support,5,health_system_load,0.1330910342597297,0.1330910342597297,0.1330910342597297,0.1330910342597297,0.0
mobility_support,5,rumor_belief,0.047591967442514316,0.0476455214792635,0.04769907551601269,0.0476455214792635,6.694254593648044e-05
mobility_support,5,stress,0.434326951988819,0.43440060429041205,0.43447425659200517,0.43440060429041205,9.206537699138484e-05
mobility_support,5,commute_minutes,21.62118081475017,21.622252894183518,21.62332497361687,21.622252894183518,0.001340099291690322
mobility_support,5,policy_cost_100m_cny,0.2153846153846154,0.2153846153846154,0.2153846153846154,0.2153846153846154,0.0
mobility_support,6,life_satisfaction,0.3727680908789208,0.3727818280329732,0.37279556518702567,0.3727818280329732,1.717144256549452e-05
mobility_support,6,government_trust,0.6123000693419022,0.6123084438176319,0.6123168182933617,0.6123084438176319,1.0468094662208216e-05
mobility_support,6,economic_confidence,0.47048963375744557,0.47054466888324853,0.4705997040090515,0.47054466888324853,6.879390725372803e-05
mobility_support,6,consumption_index,0.35543140958559977,0.3554418819737028,0.35545235436180583,0.3554418819737028,1.3090485128763873e-05
mobility_support,6,employment_rate,0.5824739171222264,0.5824745862192051,0.5824752553161837,0.5824745862192051,8.363712233339093e-07
mobility_support,6,congestion_index,0.33949416134773885,0.3395101122428553,0.33952606313797185,0.3395101122428553,1.9938618895626314e-05
mobility_support,6,health_system_load,0.1330910342597297,0.1330910342597297,0.1330910342597297,0.1330910342597297,0.0
mobility_support,6,rumor_belief,0.03957975230741346,0.03961625351729981,0.039652754727186164,0.03961625351729981,4.5626512357940796e-05
mobility_support,6,stress,0.43460708508248347,0.43466993521832054,0.4347327853541576,0.43466993521832054,7.856266979633375e-05
mobility_support,6,commute_minutes,21.627107890600865,21.627184661781918,21.627261432962975,21.627184661781918,9.596397631916886e-05
mobility_support,6,policy_cost_100m_cny,0.4307692307692308,0.4307692307692308,0.4307692307692308,0.4307692307692308,0.0
mobility_support,7,life_satisfaction,0.35203020174414845,0.35204799817273025,0.3520657946013121,0.35204799817273025,2.2245535727244414e-05
mobility_support,7,government_trust,0.6051790546664041,0.6051841943647438,0.6051893340630836,0.6051841943647438,6.424622924716683e-06
mobility_support,7,economic_confidence,0.4546075528615092,0.4546849890208734,0.4547624251802376,0.4546849890208734,9.679519920524626e-05
mobility_support,7,consumption_index,0.322484379728331,0.32250523578579193,0.32252609184325287,0.32250523578579193,2.6070071826200802e-05
mobility_support,7,employment_rate,0.5812000797003386,0.5812472482143973,0.5812944167284559,0.5812472482143973,5.896064257332467e-05
mobility_support,7,congestion_index,0.33894729944990026,0.3389486239203311,0.338949948390762,0.3389486239203311,1.6555880385793476e-06
mobility_support,7,health_system_load,0.1330910342597297,0.1330910342597297,0.1330910342597297,0.1330910342597297,0.0
mobility_support,7,rumor_belief,0.033606384685870225,0.033678507683224404,0.03375063068057858,0.033678507683224404,9.015374669272408e-05
mobility_support,7,stress,0.43462920984150166,0.43468823107357457,0.4347472523056475,0.43468823107357457,7.37765400911361e-05
mobility_support,7,commute_minutes,21.60587119618371,21.609171062794218,21.612470929404726,21.609171062794218,0.0041248332631340645
mobility_support,7,policy_cost_100m_cny,0.6461538461538462,0.6461538461538462,0.6461538461538462,0.6461538461538462,0.0
mobility_support,8,life_satisfaction,0.3323084981904134,0.3323327442237593,0.3323569902571052,0.3323327442237593,3.030754168237282e-05
mobility_support,8,government_trust,0.5984399335404778,0.5984403722598415,0.5984408109792053,0.5984403722598415,5.483992046584341e-07
mobility_support,8,economic_confidence,0.4400108036557134,0.44015091603855344,0.4402910284213935,0.44015091603855344,0.000175140478550051
mobility_support,8,consumption_index,0.29321194462568023,0.2932485835750441,0.2932852225244079,0.2932485835750441,4.5798686704789926e-05
mobility_support,8,employment_rate,0.5801663895239377,0.5802461771403105,0.5803259647566831,0.5802461771403105,9.973452046579956e-05
mobility_support,8,congestion_index,0.33848280477640014,0.3384994846718547,0.33851616456730926,0.3384994846718547,2.0849869318217973e-05
mobility_support,8,health_system_load,0.1330910342597297,0.1330910342597297,0.1330910342597297,0.1330910342597297,0.0
mobility_support,8,rumor_belief,0.028474807479951438,0.028583257419213665,0.028691707358475895,0.028583257419213665,0.00013556242407778384
mobility_support,8,stress,0.43447846250462946,0.4345402541543665,0.43460204580410355,0.4345402541543665,7.723956217128847e-05
mobility_support,8,commute_minutes,21.61695337600798,21.61871066269207,21.62046794937616,21.61871066269207,0.0021966083551099302
mobility_support,8,policy_cost_100m_cny,0.8615384615384616,0.8615384615384616,0.8615384615384616,0.8615384615384616,0.0
mobility_support,9,life_satisfaction,0.3122107639385087,0.3122176754668567,0.31222458699520467,0.3122176754668567,8.639410434996275e-06
mobility_support,9,government_trust,0.5917979165892655,0.5918049566931325,0.5918119967969996,0.5918049566931325,8.800129833785864e-06
mobility_support,9,economic_confidence,0.42521982315423024,0.42531053764039656,0.4254012521265629,0.42531053764039656,0.00011339310770791533
mobility_support,9,consumption_index,0.26561077179977177,0.26563320917677136,0.26565564655377094,0.26563320917677136,2.8046721249508355e-05
mobility_support,9,employment_rate,0.5787651459960997,0.5788308223157489,0.578896498635398,0.5788308223157489,8.209539956149925e-05
mobility_support,9,congestion_index,0.34875590872118895,0.3489470128828078,0.34913811704442665,0.3489470128828078,0.00023888020202358917
mobility_support,9,health_system_load,0.15508464898072397,0.155432654676027,0.15578066037133,0.155432654676027,0.00043500711912877743
mobility_support,9,rumor_belief,0.027675349021822247,0.027691510432138425,0.027707671842454602,0.027691510432138425,2.020176289522363e-05
mobility_support,9,stress,0.4576907038794168,0.4579960027784883,0.45830130167755984,0.4579960027784883,0.0003816236238393944
mobility_support,9,commute_minutes,22.23011765539077,22.239260390268903,22.24840312514704,22.239260390268903,0.011428418597665413
mobility_support,9,policy_cost_100m_cny,1.076923076923077,1.076923076923077,1.076923076923077,1.076923076923077,0.0
mobility_support,10,life_satisfaction,0.29192514664324304,0.2919394489066991,0.29195375117015515,0.2919394489066991,1.787782932005655e-05
mobility_support,10,government_trust,0.5848974490753355,0.5849125793656142,0.5849277096558931,0.5849125793656142,1.8912862848552425e-05
mobility_support,10,economic_confidence,0.4106408189599564,0.41081959542270974,0.410998371885463,0.41081959542270974,0.00022347057844160356
mobility_support,10,consumption_index,0.23957803788669552,0.23958921969700342,0.2396004015073113,0.23958921969700342,1.3977262884865005e-05
mobility_support,10,employment_rate,0.5771009249058464,0.5772021597481221,0.5773033945903977,0.5772021597481221,0.0001265435528445824
mobility_support,10,congestion_index,0.34783490275314916,0.34802613758984413,0.34821737242653905,0.34802613758984413,0.0002390435458687057
mobility_support,10,health_system_load,0.1747454301186374,0.17523654026368748,0.17572765040873756,0.17523654026368748,0.0006138876813125971
mobility_support,10,rumor_belief,0.027255268839246654,0.027320062576424484,0.027384856313602317,0.027320062576424484,8.099217147228797e-05
mobility_support,10,stress,0.47842500851179903,0.47888052513304324,0.47933604175428746,0.47888052513304324,0.0005693957765552649
mobility_support,10,commute_minutes,22.21771604252341,22.22608948332728,22.23446292413115,22.22608948332728,0.010466801004836768
mobility_support,10,policy_cost_100m_cny,1.2923076923076926,1.2923076923076926,1.2923076923076926,1.2923076923076926,0.0
mobility_support,11,life_satisfaction,0.27163914279069656,0.2716702267398623,0.27170131068902803,0.2716702267398623,3.8854936457166644e-05
mobility_support,11,government_trust,0.5778191708580974,0.5778264840386378,0.5778337972191782,0.5778264840386378,9.141475675433774e-06
mobility_support,11,economic_confidence,0.39710199341733676,0.3974191659420224,0.3977363384667081,0.3974191659420224,0.0003964656558570756
mobility_support,11,consumption_index,0.21499475218549155,0.2150722828146701,0.21514981344384865,0.2150722828146701,9.691328647319641e-05
mobility_support,11,employment_rate,0.5755608855828442,0.5757292366092248,0.5758975876356054,0.5757292366092248,0.00021043878297571927
mobility_support,11,congestion_index,0.347694578308317,0.3480657502981098,0.3484369222879027,0.3480657502981098,0.0004639649872410223
mobility_support,11,health_system_load,0.19311480432542083,0.19356796911636365,0.1940211339073065,0.19356796911636365,0.0005664559886785353
mobility_support,11,rumor_belief,0.026590834604085036,0.026846853137389822,0.027102871670694608,0.026846853137389822,0.00032002316663098246
mobility_support,11,stress,0.4977586842271784,0.49831283307392005,0.4988669819206617,0.49831283307392005,0.0006926860584270667
mobility_support,11,commute_minutes,22.23684119985546,22.258554230952072,22.280267262048685,22.258554230952072,0.027141288870765834
mobility_support,11,policy_cost_100m_cny,1.507692307692308,1.507692307692308,1.507692307692308,1.507692307692308,0.0
mobility_support,12,life_satisfaction,0.2515495959135872,0.2516757491456136,0.25180190237763994,0.2516757491456136,0.00015769154003292263
mobility_support,12,government_trust,0.5706076160097657,0.5706569140151903,0.5707062120206147,0.5706569140151903,6.162250678060088e-05
mobility_support,12,economic_confidence,0.38458483750637545,0.3847978530120105,0.38501086851764554,0.3847978530120105,0.0002662693820437989
mobility_support,12,consumption_index,0.19195957691696103,0.1921393923506886,0.19231920778441622,0.1921393923506886,0.0002247692921594907
mobility_support,12,employment_rate,0.5742006170305629,0.5743246573426701,0.5744486976547775,0.5743246573426701,0.00015505039013413713
mobility_support,12,congestion_index,0.34613661309149363,0.34670872413315335,0.347280835174813,0.34670872413315335,0.0007151388020746052
mobility_support,12,health_system_load,0.2070727512920862,0.2084351286094132,0.2097975059267402,0.2084351286094132,0.0017029716466587658
mobility_support,12,rumor_belief,0.02603476021289421,0.026267080081524088,0.026499399950153966,0.026267080081524088,0.0002903998357873458
mobility_support,12,stress,0.512632356147761,0.5141606777082566,0.5156889992687521,0.5141606777082566,0.0019104019506194225
mobility_support,12,commute_minutes,22.187889271071107,22.21900135273669,22.250113434402277,22.21900135273669,0.038890102081980515
mobility_support,12,policy_cost_100m_cny,1.7230769230769236,1.7230769230769236,1.7230769230769236,1.7230769230769236,0.0
mobility_support,13,life_satisfaction,0.23153682021578334,0.23181897339546123,0.23210112657513912,0.23181897339546123,0.0003526914745973775
mobility_support,13,government_trust,0.5628206001964662,0.5629434558424862,0.5630663114885062,0.5629434558424862,0.00015356955752499069
mobility_support,13,economic_confidence,0.3719812471485074,0.37198590425233424,0.37199056135616115,0.37198590425233424,5.821379783582659e-06
mobility_support,13,consumption_index,0.1701198807393965,0.17043382380938427,0.17074776687937201,0.17043382380938427,0.0003924288374847068
mobility_support,13,employment_rate,0.572538142586538,0.572560192435946,0.5725822422853539,0.572560192435946,2.756231175998769e-05
mobility_support,13,congestion_index,0.34545248181322613,0.34635161560283234,0.34725074939243855,0.34635161560283234,0.0011239172370077766
mobility_support,13,health_system_load,0.22191332899640331,0.2244858846639004,0.2270584403313975,0.2244858846639004,0.003215694584371362
mobility_support,13,rumor_belief,0.04254325288941785,0.04302908264892254,0.04351491240842723,0.04302908264892254,0.0006072871993808605
mobility_support,13,stress,0.5293128589198932,0.5321384881987387,0.5349641174775841,0.5321384881987387,0.0035320365985568314
mobility_support,13,commute_minutes,22.191207466893474,22.23719115906642,22.283174851239366,22.23719115906642,0.05747961521618272
mobility_support,13,policy_cost_100m_cny,1.9384615384615391,1.9384615384615391,1.9384615384615391,1.9384615384615391,0.0
mobility_support,14,life_satisfaction,0.21182680632813772,0.21214204749540538,0.21245728866267302,0.21214204749540538,0.0003940514590845684
mobility_support,14,government_trust,0.5546940004318187,0.5548562107508499,0.555018421069881,0.5548562107508499,0.00020276289878889964
mobility_support,14,economic_confidence,0.3599415282501557,0.359975951692632,0.36001037513510836,0.359975951692632,4.3029303095409865e-05
mobility_support,14,consumption_index,0.15016717253295178,0.1504675269632859,0.15076788139362002,0.1504675269632859,0.0003754430379176582
mobility_support,14,employment_rate,0.5708409688906149,0.5708544300682069,0.570867891245799,0.5708544300682069,1.682647199008347e-05
mobility_support,14,congestion_index,0.3456760656926571,0.3465337868472895,0.3473915080019219,0.3465337868472895,0.0010721514432905088
mobility_support,14,health_system_load,0.23926457417806005,0.24007023814838374,0.24087590211870746,0.24007023814838374,0.001007079962904625
mobility_support,14,rumor_belief,0.05406382855460282,0.0551437283075633,0.05622362806052377,0.0551437283075633,0.0013498746912005907
mobility_support,14,stress,0.5492428960234599,0.5502431580891474,0.5512434201548349,0.5502431580891474,0.0012503275821093562
mobility_support,14,commute_minutes,22.23832312679508,22.28268518709072,22.327047247386364,22.28268518709072,0.05545257536955184
mobility_support,14,policy_cost_100m_cny,2.1538461538461546,2.1538461538461546,2.1538461538461546,2.1538461538461546,0.0
mobility_support,15,life_satisfaction,0.19284257623795942,0.19312729100231757,0.19341200576667572,0.19312729100231757,0.0003558934554476756
mobility_support,15,government_trust,0.5464995060766021,0.5466894209291399,0.5468793357816776,0.5466894209291399,0.00023739356567220593
mobility_support,15,economic_confidence,0.34895695998990517,0.34899031892248195,0.3490236778550587,0.34899031892248195,4.169866572095726e-05
mobility_support,15,consumption_index,0.1350648078675067,0.13528020902167118,0.13549561017583567,0.13528020902167118,0.0002692514427056203
mobility_support,15,employment_rate,0.5693181258297054,0.5693518247586343,0.5693855236875632,0.5693518247586343,4.2123661161186376e-05
mobility_support,15,congestion_index,0.342954490396201,0.3436310173381336,0.34430754428006627,0.3436310173381336,0.0008456586774157893
mobility_support,15,health_system_load,0.24923356599738156,0.24953217776172254,0.24983078952606355,0.24953217776172254,0.00037326470542624335
mobility_support,15,rumor_belief,0.061219776804783674,0.06299986238742901,0.06477994797007434,0.06299986238742901,0.002225106978306673
mobility_support,15,stress,0.5621179935473686,0.5622137666583717,0.5623095397693748,0.5622137666583717,0.00011971638875390989
mobility_support,15,commute_minutes,22.131606933900358,22.165969078677243,22.20033122345413,22.165969078677243,0.042952680971106716
mobility_support,15,policy_cost_100m_cny,2.36923076923077,2.36923076923077,2.36923076923077,2.36923076923077,0.0
mobility_support,16,life_satisfaction,0.17472537893662976,0.17499172740894486,0.17525807588125997,0.17499172740894486,0.0003329355903938791
mobility_support,16,government_trust,0.5383278917779672,0.5385428554227069,0.5387578190674465,0.5385428554227069,0.0002687045559245371
mobility_support,16,economic_confidence,0.3381560009263046,0.338270471667264,0.33838494240822337,0.338270471667264,0.000143088426199256
mobility_support,16,consumption_index,0.12541811441979298,0.1256176522594572,0.1258171900991214,0.1256176522594572,0.0002494222995802625
mobility_support,16,employment_rate,0.5676864679351018,0.5677428501464115,0.5677992323577211,0.5677428501464115,7.047776413704465e-05
mobility_support,16,congestion_index,0.3421253574244574,0.3422460343742343,0.3423667113240112,0.3422460343742343,0.00015084618722116527
mobility_support,16,health_system_load,0.2567630322463144,0.25708083909334806,0.2573986459403817,0.25708083909334806,0.0003972585587920796
mobility_support,16,rumor_belief,0.06737638910878707,0.0690969973343222,0.07081760555985732,0.0690969973343222,0.0021507602819188995
mobility_support,16,stress,0.5722910717961119,0.5723464456990041,0.5724018196018962,0.5723464456990041,6.921737861520505e-05
mobility_support,16,commute_minutes,22.124869305880313,22.129736962323854,22.134604618767394,22.129736962323854,0.006084570554424573
mobility_support,16,policy_cost_100m_cny,2.5846153846153856,2.5846153846153856,2.5846153846153856,2.5846153846153856,0.0
mobility_support,17,life_satisfaction,0.15760887690629938,0.1578571813412984,0.15810548577629738,0.1578571813412984,0.00031038054374875335
mobility_support,17,government_trust,0.530174148683642,0.5304034629127552,0.5306327771418684,0.5304034629127552,0.0002866427863914556
mobility_support,17,economic_confidence,0.3278881749788495,0.32808597244605897,0.32828376991326846,0.32808597244605897,0.00024724683401189385
mobility_support,17,consumption_index,0.11809226546926879,0.11829863911495526,0.11850501276064174,0.11829863911495526,0.00025796705710809387
mobility_support,17,employment_rate,0.5660846408179279,0.5661681957293673,0.5662517506408067,0.5661681957293673,0.00010444363929928979
mobility_support,17,congestion_index,0.34219357586262433,0.3422479191933323,0.3423022625240403,0.3422479191933323,6.792916338496657e-05
mobility_support,17,health_system_load,0.26494825609819767,0.2651840138750974,0.26541977165199704,0.2651840138750974,0.0002946972211246013
mobility_support,17,rumor_belief,0.07413934916762506,0.07537010028258087,0.0766008513975367,0.07537010028258087,0.0015384388936947669
mobility_support,17,stress,0.5831705735000985,0.5832337867180641,0.5832969999360297,0.5832337867180641,7.90165224569539e-05
mobility_support,17,commute_minutes,22.163644280487393,22.164677102782697,22.165709925078,22.164677102782697,0.0012910278691293797
mobility_support,17,policy_cost_100m_cny,2.800000000000001,2.800000000000001,2.800000000000001,2.800000000000001,0.0
mobility_support,18,life_satisfaction,0.1417432791853497,0.1419593397285572,0.1421754002717647,0.1419593397285572,0.00027007567900935725
mobility_support,18,government_trust,0.5221073400642257,0.5223522722925737,0.5225972045209218,0.5223522722925737,0.0003061652854351449
mobility_support,18,economic_confidence,0.31842398602567806,0.31862853298553256,0.31883307994538707,0.31862853298553256,0.0002556836998181544
mobility_support,18,consumption_index,0.11147304530171995,0.11166583940345134,0.11185863350518276,0.11166583940345134,0.00024099262716425346
mobility_support,18,employment_rate,0.56461822946172,0.5647173604680755,0.564816491474431,0.5647173604680755,0.00012391375794440496
mobility_support,18,congestion_index,0.34180803356605677,0.342004225123002,0.34220041667994716,0.342004225123002,0.0002452394461815166
mobility_support,18,health_system_load,0.2724464563655751,0.27285330738474234,0.27326015840390966,0.27285330738474234,0.0005085637739591087
mobility_support,18,rumor_belief,0.07768395966724738,0.0791677022649559,0.0806514448626644,0.0791677022649559,0.0018546782471356368
mobility_support,18,stress,0.5936183050579128,0.5936931227276033,0.5937679403972939,0.5936931227276033,9.352208711321808e-05
mobility_support,18,commute_minutes,22.17680063260685,22.184756325945294,22.192712019283743,22.184756325945294,0.009944616673058349
mobility_support,18,policy_cost_100m_cny,3.0153846153846167,3.0153846153846167,3.0153846153846167,3.0153846153846167,0.0
mobility_support,19,life_satisfaction,0.12885351367315678,0.12906263892919106,0.12927176418522537,0.12906263892919106,0.00026140657004285195
mobility_support,19,government_trust,0.5146702995415657,0.5149746988927073,0.5152790982438489,0.5149746988927073,0.0003804991889270193
mobility_support,19,economic_confidence,0.3100446152749637,0.31022812236874986,0.31041162946253603,0.31022812236874986,0.000229383867232702
mobility_support,19,consumption_index,0.10608101541887639,0.10627232700386845,0.1064636385888605,0.10627232700386845,0.00023913948124006101
mobility_support,19,employment_rate,0.563389350958132,0.5634983541355296,0.5636073573129272,0.5634983541355296,0.00013625397174699128
mobility_support,19,congestion_index,0.330599469154299,0.3306549967903933,0.3307105244264876,0.3306549967903933,6.940954511786002e-05
mobility_support,19,health_system_load,0.25777268380193175,0.2579295981677554,0.2580865125335791,0.2579295981677554,0.00019614295727957143
mobility_support,19,rumor_belief,0.07940202984114031,0.08243738306172158,0.08547273628230284,0.08243738306172158,0.0037941915257265757
mobility_support,19,stress,0.5800146797842921,0.5803161650498321,0.5806176503153719,0.5803161650498321,0.0003768565819249336
mobility_support,19,commute_minutes,21.5554885108843,21.5566995821945,21.557910653504702,21.5566995821945,0.0015138391377504945
mobility_support,19,policy_cost_100m_cny,3.230769230769232,3.230769230769232,3.230769230769232,3.230769230769232,0.0
mobility_support,20,life_satisfaction,0.11883486893239448,0.11904835564680631,0.11926184236121815,0.11904835564680631,0.0002668583930147961
mobility_support,20,government_trust,0.5078691957862292,0.5082337101352108,0.5085982244841923,0.5082337101352108,0.00045564293622690766
mobility_support,20,economic_confidence,0.3019319516581205,0.3021746154281862,0.3024172791982519,0.3021746154281862,0.00030332971258212327
mobility_support,20,consumption_index,0.10164643880023215,0.10184720152804119,0.10204796425585022,0.10184720152804119,0.0002509534097612995
mobility_support,20,employment_rate,0.5621634794193182,0.5622970780821497,0.562430676744981,0.5622970780821497,0.00016699832853922514
mobility_support,20,congestion_index,0.3299757057257806,0.33004882138375313,0.3301219370417257,0.33004882138375313,9.139457246568061e-05
mobility_support,20,health_system_load,0.2446153377708271,0.2446856595434952,0.24475598131616325,0.2446856595434952,8.790221583508673e-05
mobility_support,20,rumor_belief,0.08096942730002377,0.08405842881939722,0.08714743033877068,0.08405842881939722,0.003861251899216822
mobility_support,20,stress,0.5681029258633383,0.5686006638367189,0.5690984018100996,0.5686006638367189,0.0006221724667258566
mobility_support,20,commute_minutes,21.54825249812348,21.550002620894247,21.551752743665013,21.550002620894247,0.00218765346345684
mobility_support,20,policy_cost_100m_cny,3.4461538461538477,3.4461538461538477,3.4461538461538477,3.4461538461538477,0.0
mobility_support,21,life_satisfaction,0.11145930181687459,0.11168127040851594,0.1119032390001573,0.11168127040851594,0.00027746073955169787
mobility_support,21,government_trust,0.5021268113942151,0.5025318660485736,0.5029369207029319,0.5025318660485736,0.0005063183179480624
mobility_support,21,economic_confidence,0.29494700884427427,0.2951764789929862,0.29540594914169815,0.2951764789929862,0.0002868376858899402
mobility_support,21,consumption_index,0.098108937591397,0.0983192816003853,0.0985296256093736,0.0983192816003853,0.00026293001123537524
mobility_support,21,employment_rate,0.5612263960846338,0.5613414981312512,0.5614566001778686,0.5613414981312512,0.00014387755827177662
mobility_support,21,congestion_index,0.3294818452462618,0.32954962808400073,0.3296174109217397,0.32954962808400073,8.472854717367362e-05
mobility_support,21,health_system_load,0.23123242134949532,0.2312943045094433,0.23135618766939128,0.2312943045094433,7.735394993496625e-05
mobility_support,21,rumor_belief,0.06625508040697502,0.06870326454817316,0.0711514486893713,0.06870326454817316,0.0030602301764976747
mobility_support,21,stress,0.5552587597077622,0.5558279782167995,0.5563971967258369,0.5558279782167995,0.0007115231362966323
mobility_support,21,commute_minutes,21.55211091052165,21.552478361015964,21.552845811510274,21.552478361015964,0.00045931311788827145
mobility_support,21,policy_cost_100m_cny,3.661538461538463,3.661538461538463,3.661538461538463,3.661538461538463,0.0
mobility_support,22,life_satisfaction,0.10617224816826779,0.10637966515679442,0.10658708214532107,0.10637966515679442,0.00025927123565831073
mobility_support,22,government_trust,0.4972649680653137,0.49768551476773387,0.49810606147015407,0.49768551476773387,0.0005256833780252212
mobility_support,22,economic_confidence,0.28823924591441674,0.28833880236876025,0.28843835882310376,0.28833880236876025,0.00012444556792939876
mobility_support,22,consumption_index,0.0953028904763617,0.09550111331110635,0.095699336145851,0.09550111331110635,0.0002477785434308044
mobility_support,22,employment_rate,0.5603416084938294,0.5603439140218744,0.5603462195499196,0.5603439140218744,2.8819100563182154e-06
mobility_support,22,congestion_index,0.32901408784214775,0.32902491509201515,0.32903574234188254,0.32902491509201515,1.3534062334230601e-05
mobility_support,22,health_system_load,0.21945545489872353,0.21950991207947773,0.21956436926023196,0.21950991207947773,6.807147594277418e-05
mobility_support,22,rumor_belief,0.0549762284027694,0.05667028577453723,0.05836434314630505,0.05667028577453723,0.002117571714709776
mobility_support,22,stress,0.5434620100537846,0.5440567874513209,0.5446515648488574,0.5440567874513209,0.000743471746920521
mobility_support,22,commute_minutes,21.535951653123497,21.54403167199994,21.55211169087638,21.54403167199994,0.010100023595551733
mobility_support,22,policy_cost_100m_cny,3.8769230769230787,3.8769230769230787,3.8769230769230787,3.8769230769230787,0.0
mobility_support,23,life_satisfaction,0.10220711847526123,0.10242179578782679,0.10263647310039235,0.10242179578782679,0.00026834664070694153
mobility_support,23,government_trust,0.49311929896348966,0.49355404646000667,0.49398879395652373,0.49355404646000667,0.000543434370646273
mobility_support,23,economic_confidence,0.28181111487275445,0.28197642298247716,0.28214173109219987,0.28197642298247716,0.0002066351371533548
mobility_support,23,consumption_index,0.09305247428027401,0.09325733811102423,0.09346220194177444,0.09325733811102423,0.0002560797884377658
mobility_support,23,employment_rate,0.5592820202215782,0.5593913031438296,0.5595005860660808,0.5593913031438296,0.00013660365281403797
mobility_support,23,congestion_index,0.328478971316822,0.3285302270834113,0.32858148285000055,0.3285302270834113,6.406970823658042e-05
mobility_support,23,health_system_load,0.2090917244220443,0.20913964674110802,0.20918756906017172,0.20913964674110802,5.9902898829636286e-05
mobility_support,23,rumor_belief,0.04547661488092444,0.047022533157003964,0.048568451433083484,0.047022533157003964,0.0019323978450994025
mobility_support,23,stress,0.532690249969189,0.5332919518338963,0.5338936536986036,0.5332919518338963,0.0007521273308841447
mobility_support,23,commute_minutes,21.537056873708632,21.544023587146572,21.550990300584512,21.544023587146572,0.008708391797423332
mobility_support,23,policy_cost_100m_cny,4.092307692307694,4.092307692307694,4.092307692307694,4.092307692307694,0.0
mobility_support,24,life_satisfaction,0.09914174542727416,0.09936565961457008,0.09958957380186602,0.09936565961457008,0.0002798927341199006
mobility_support,24,government_trust,0.4895831756755454,0.49002201501868187,0.49046085436181835,0.49002201501868187,0.0005485491789206098
mobility_support,24,economic_confidence,0.27598367505350124,0.2760988361638887,0.27621399727427615,0.2760988361638887,0.00014395138798428686
mobility_support,24,consumption_index,0.09126697654787323,0.09147376716070693,0.09168055777354063,0.09147376716070693,0.00025848826604212005
mobility_support,24,employment_rate,0.558410199506892,0.5584931116433856,0.5585760237798791,0.5584931116433856,0.00010364017061692543
mobility_support,24,congestion_index,0.3279997905032409,0.3280439470309754,0.3280881035587099,0.3280439470309754,5.51956596681058e-05
mobility_support,24,health_system_load,0.1999716416025665,0.20001381324334255,0.20005598488411858,0.20001381324334255,5.271455097004274e-05
mobility_support,24,rumor_belief,0.03807121210009078,0.03926517426430032,0.04045913642850985,0.03926517426430032,0.0014924527052619166
mobility_support,24,stress,0.5229063118180938,0.5235029964410881,0.5240996810640824,0.5235029964410881,0.0007458557787428655
mobility_support,24,commute_minutes,21.543354592129415,21.5441249047591,21.544895217388788,21.5441249047591,0.0009628907871075398
mobility_support,24,policy_cost_100m_cny,4.307692307692309,4.307692307692309,4.307692307692309,4.307692307692309,0.0
mobility_support,25,life_satisfaction,0.09676577239403955,0.09699846811423449,0.09723116383442942,0.09699846811423449,0.0002908696502436636
mobility_support,25,government_trust,0.48663193338171407,0.48706852057621175,0.4875051077707095,0.48706852057621175,0.0005457339931221605
mobility_support,25,economic_confidence,0.2729494625533551,0.27305843885243486,0.2731674151515146,0.27305843885243486,0.00013622037384969365
mobility_support,25,consumption_index,0.09000737073023253,0.09021427322137357,0.09042117571251462,0.09021427322137357,0.00025862811392630275
mobility_support,25,employment_rate,0.5584971984786373,0.5585627980774083,0.5586283976761792,0.5585627980774083,8.19994984636585e-05
mobility_support,25,congestion_index,0.32798921436828965,0.3280278894565337,0.3280665645447778,0.3280278894565337,4.8343860305111175e-05
mobility_support,25,health_system_load,0.19194596872142614,0.19198307976530904,0.19202019080919192,0.19198307976530904,4.638880485362262e-05
mobility_support,25,rumor_belief,0.030223981639526016,0.031171912537827876,0.03211984343612974,0.031171912537827876,0.001184913622877327
mobility_support,25,stress,0.5139716278279598,0.5145490478904684,0.5151264679529769,0.5145490478904684,0.0007217750781357002
mobility_support,25,commute_minutes,21.6073618545576,21.60763808124644,21.60791430793528,21.60763808124644,0.00034528336104955315
mobility_support,25,policy_cost_100m_cny,4.523076923076925,4.523076923076925,4.523076923076925,4.523076923076925,0.0
mobility_support,26,life_satisfaction,0.09492182288728465,0.09516150680767325,0.09540119072806186,0.09516150680767325,0.0002996049004857504
mobility_support,26,government_trust,0.48416614167610716,0.48459575319535964,0.48502536471461216,0.48459575319535964,0.0005370143990655885
mobility_support,26,economic_confidence,0.2701496533012286,0.2702511275908089,0.2703526018803892,0.2702511275908089,0.00012684286197534034
mobility_support,26,consumption_index,0.08916400908133462,0.08936894877006321,0.08957388845879181,0.08936894877006321,0.0002561746109107435
mobility_support,26,employment_rate,0.5585614346702068,0.5586321316377116,0.5587028286052166,0.5586321316377116,8.837120938104405e-05
mobility_support,26,congestion_index,0.3279974256314281,0.3280311868193386,0.3280649480072491,0.3280311868193386,4.2201484888121366e-05
mobility_support,26,health_system_load,0.1848833765860225,0.1849160343046395,0.1849486920232565,0.1849160343046395,4.082214827123842e-05
mobility_support,26,rumor_belief,0.023998020473518906,0.024750752790122607,0.025503485106726308,0.024750752790122607,0.0009409153957546275
mobility_support,26,stress,0.5057918352554945,0.5063429916926209,0.5068941481297472,0.5063429916926209,0.0006889455464078598
mobility_support,26,commute_minutes,21.607419928262406,21.607658960263045,21.60789799226368,21.607658960263045,0.0002987900007962452
mobility_support,26,policy_cost_100m_cny,4.73846153846154,4.73846153846154,4.73846153846154,4.73846153846154,0.0
mobility_support,27,life_satisfaction,0.0935053135541691,0.09374740229834326,0.09398949104251741,0.09374740229834326,0.00030261093021768937
mobility_support,27,government_trust,0.4821039204806111,0.48252314996788037,0.4829423794551497,0.48252314996788037,0.0005240368590866129
mobility_support,27,economic_confidence,0.2675663051790896,0.26766355392277397,0.26776080266645835,0.26766355392277397,0.00012156092960546871
mobility_support,27,consumption_index,0.08864447345603858,0.0888461720169712,0.08904787057790382,0.0888461720169712,0.00025212320116577147
mobility_support,27,employment_rate,0.5586263134314845,0.5586955526433496,0.5587647918552147,0.5586955526433496,8.654901483129418e-05
mobility_support,27,congestion_index,0.3279936597343438,0.3280311682249395,0.32806867671553525,0.3280311682249395,4.688561324464602e-05
mobility_support,27,health_system_load,0.17866829550686747,0.17869703429925038,0.1787257730916333,0.17869703429925038,3.592349047863708e-05
mobility_support,27,rumor_belief,0.019057947251696607,0.019655793013987795,0.020253638776278986,0.019655793013987795,0.0007473072028639869
mobility_support,27,stress,0.4983416757901722,0.49886183386595445,0.4993819919417367,0.49886183386595445,0.0006501975947278416
mobility_support,27,commute_minutes,21.607391014733214,21.60765292729058,21.60791483984795,21.60765292729058,0.0003273906967091733
mobility_support,27,policy_cost_100m_cny,4.953846153846156,4.953846153846156,4.953846153846156,4.953846153846156,0.0
mobility_support,28,life_satisfaction,0.09243615084987615,0.092678722850422,0.09292129485096784,0.092678722850422,0.00030321500068230395
mobility_support,28,government_trust,0.48037754521612175,0.4807839888817447,0.4811904325473676,0.4807839888817447,0.0005080545820286553
mobility_support,28,economic_confidence,0.26516872345752485,0.2652626402983874,0.26535655713924994,0.2652626402983874,0.00011739605107816131
mobility_support,28,consumption_index,0.08837354604660681,0.08857095789802873,0.08876836974945064,0.08857095789802873,0.00024676481427739205
mobility_support,28,employment_rate,0.5586685583463736,0.558745185065821,0.5588218117852685,0.558745185065821,9.578339930926827e-05
mobility_support,28,congestion_index,0.3280019887405625,0.32803414674918474,0.32806630475780696,0.32803414674918474,4.0197510777773005e-05
mobility_support,28,health_system_load,0.17319902415721078,0.17322431429450777,0.17324960443180476,0.17322431429450777,3.1612671621245036e-05
mobility_support,28,rumor_belief,0.015137708613959796,0.015612636571234373,0.01608756452850895,0.015612636571234373,0.0005936599465932221
mobility_support,28,stress,0.49158528580203925,0.49207272204330665,0.4925601582845741,0.49207272204330665,0.000609295301584295
mobility_support,28,commute_minutes,21.60745198504583,21.607672747947344,21.607893510848857,21.607672747947344,0.00027595362688970226
mobility_support,28,policy_cost_100m_cny,5.169230769230771,5.169230769230771,5.169230769230771,5.169230769230771,0.0
mobility_support,29,life_satisfaction,0.09166063605597584,0.09190238875263512,0.09214414144929442,0.09190238875263512,0.00030219087082410806
mobility_support,29,government_trust,0.4789309838804074,0.47932299904350817,0.47971501420660895,0.47932299904350817,0.0004900189538759592
mobility_support,29,economic_confidence,0.26293907405661576,0.26302910794058676,0.2631191418245578,0.26302910794058676,0.0001125423549638016
mobility_support,29,consumption_index,0.08828958088976074,0.08848200680205867,0.08867443271435659,0.08848200680205867,0.00024053239037239577
mobility_support,29,employment_rate,0.5587327939549382,0.5587939824972752,0.558855171039612,0.5587939824972752,7.648567792112315e-05
mobility_support,29,congestion_index,0.32800961293469943,0.3280373377103665,0.32806506248603357,0.3280373377103665,3.465596958382444e-05
mobility_support,29,health_system_load,0.16838606536951323,0.1684083206903345,0.1684305760111558,0.1684083206903345,2.7819151026620137e-05
mobility_support,29,rumor_belief,0.012026307581293671,0.012403671334418068,0.012781035087542462,0.012403671334418068,0.00047170469140549436
mobility_support,29,stress,0.48548250909421503,0.48593504518637964,0.4863875812785442,0.48593504518637964,0.0005656701152057242
mobility_support,29,commute_minutes,21.607512328720325,21.60769554900775,21.607878769295176,21.60769554900775,0.00022902535928182033
mobility_support,29,policy_cost_100m_cny,5.384615384615387,5.384615384615387,5.384615384615387,5.384615384615387,0.0
mobility_support,30,life_satisfaction,0.0911270869328146,0.09136676853086001,0.09160645012890543,0.09136676853086001,0.0002996019975567768
mobility_support,30,government_trust,0.47771778232708667,0.47809433841364346,0.47847089450020025,0.47809433841364346,0.00047069510819597316
mobility_support,30,economic_confidence,0.26086087251784856,0.2609486833760676,0.2610364942342866,0.2609486833760676,0.00010976357277375781
mobility_support,30,consumption_index,0.08834270612002594,0.08852950422958765,0.08871630233914936,0.08852950422958765,0.00023349763695214298
mobility_support,30,employment_rate,0.558766717623253,0.5588369740839958,0.5589072305447385,0.5588369740839958,8.782057592843229e-05
mobility_support,30,congestion_index,0.32799591248984744,0.32802791742998816,0.3280599223701289,0.32802791742998816,4.000617517591065e-05
mobility_support,30,health_system_load,0.16415066163633915,0.1641702463186619,0.16418983100098464,0.1641702463186619,2.4480852903435713e-05
mobility_support,30,rumor_belief,0.009556440391956928,0.009856349192017284,0.01015625799207764,0.009856349192017284,0.0003748860000754445
mobility_support,30,stress,0.4799844083214312,0.4804030454543595,0.4808216825872879,0.4804030454543595,0.0005232964161604736
mobility_support,30,commute_minutes,21.607420415450008,21.60763357250594,21.607846729561867,21.60763357250594,0.0002664463199106848
mobility_support,30,policy_cost_100m_cny,5.600000000000002,5.600000000000002,5.600000000000002,5.600000000000002,0.0
integrated_response,0,life_satisfaction,0.5120398756811032,0.5120398756811032,0.5120398756811032,0.5120398756811032,0.0
integrated_response,0,government_trust,0.6667855803695066,0.6667855803695066,0.6667855803695066,0.6667855803695066,0.0
integrated_response,0,economic_confidence,0.5762047134167616,0.5762272416775813,0.5762497699384009,0.5762272416775813,2.8160326024539994e-05
integrated_response,0,consumption_index,0.6664444013547111,0.6664484626414884,0.6664525239282658,0.6664484626414884,5.076608471654698e-06
integrated_response,0,employment_rate,0.5857542141947042,0.5857542141947042,0.5857542141947042,0.5857542141947042,0.0
integrated_response,0,congestion_index,0.8,0.8,0.8,0.8,0.0
integrated_response,0,health_system_load,0.65,0.65,0.65,0.65,0.0
integrated_response,0,rumor_belief,0.13990429895348483,0.14117818715559785,0.14245207535771087,0.14117818715559785,0.0015923602526412839
integrated_response,0,stress,0.38399102950616326,0.3840556518527116,0.38412027419926004,0.3840556518527116,8.077793318547744e-05
integrated_response,0,commute_minutes,23.512001402248313,23.512001402248313,23.512001402248313,23.512001402248313,0.0
integrated_response,0,policy_cost_100m_cny,0.0,0.0,0.0,0.0,0.0
integrated_response,1,life_satisfaction,0.4883482136437523,0.4883494889313592,0.48835076421896606,0.4883494889313592,1.5941095085902912e-06
integrated_response,1,government_trust,0.655642269884063,0.6556687626067027,0.6556952553293424,0.6556687626067027,3.3115903299574256e-05
integrated_response,1,economic_confidence,0.5575200205224269,0.5575415437705527,0.5575630670186785,0.5575415437705527,2.6904060157317833e-05
integrated_response,1,consumption_index,0.5970937427497294,0.5970952759291737,0.5970968091086178,0.5970952759291737,1.916474305307947e-06
integrated_response,1,employment_rate,0.5857104147578355,0.5857594098770903,0.5858084049963451,0.5857594098770903,6.124389906858596e-05
integrated_response,1,congestion_index,0.3453590157854892,0.3453802076421508,0.3454013994988125,0.3453802076421508,2.6489820827008126e-05
integrated_response,1,health_system_load,0.1330910342597297,0.1330910342597297,0.1330910342597297,0.1330910342597297,0.0
integrated_response,1,rumor_belief,0.11095788088871601,0.112007258635202,0.11305663638168797,0.112007258635202,0.0013117221831074818
integrated_response,1,stress,0.40084188747653987,0.4008500417406249,0.40085819600470984,0.4008500417406249,1.0192830106253714e-05
integrated_response,1,commute_minutes,21.72716446099682,21.72731217178112,21.727459882565416,21.72731217178112,0.00018463848036986974
integrated_response,1,policy_cost_100m_cny,0.0,0.0,0.0,0.0,0.0
integrated_response,2,life_satisfaction,0.4643875538758702,0.46439255419994496,0.46439755452401976,0.46439255419994496,6.250405093471967e-06
integrated_response,2,government_trust,0.6455390270031522,0.6455856341756672,0.6456322413481821,0.6455856341756672,5.825896564370936e-05
integrated_response,2,economic_confidence,0.5398633322459893,0.5398838580777863,0.5399043839095833,0.5398838580777863,2.5657289746239265e-05
integrated_response,2,consumption_index,0.5360759359425655,0.5360788467734083,0.5360817576042511,0.5360788467734083,3.6385385535631087e-06
integrated_response,2,employment_rate,0.5856956628707265,0.5857402520450218,0.5857848412193171,0.5857402520450218,5.5736467869160755e-05
integrated_response,2,congestion_index,0.3453576107191978,0.34538001722965794,0.34540242374011804,0.34538001722965794,2.800813807515845e-05
integrated_response,2,health_system_load,0.1330910342597297,0.1330910342597297,0.1330910342597297,0.1330910342597297,0.0
integrated_response,2,rumor_belief,0.08800605073258955,0.08886435886267265,0.08972266699275575,0.08886435886267265,0.0010728851626038705
integrated_response,2,stress,0.4144411422595944,0.4144734899275664,0.41450583759553844,0.4144734899275664,4.043458496502672e-05
integrated_response,2,commute_minutes,21.727152241630538,21.727309874656186,21.72746750768183,21.727309874656186,0.00019704128205866311
integrated_response,2,policy_cost_100m_cny,0.0,0.0,0.0,0.0,0.0
integrated_response,3,life_satisfaction,0.4405516343670772,0.440561792129773,0.44057194989246873,0.440561792129773,1.2697203369715915e-05
integrated_response,3,government_trust,0.6363046968442769,0.6363661950289943,0.6364276932137116,0.6363661950289943,7.68727308966266e-05
integrated_response,3,economic_confidence,0.5231789269979492,0.5231984850482133,0.5232180430984774,0.5231984850482133,2.4447562830154368e-05
integrated_response,3,consumption_index,0.4823172305214159,0.4823254471302719,0.48233366373912795,0.4823254471302719,1.027076107001923e-05
integrated_response,3,employment_rate,0.5857084334105139,0.5857483481414381,0.5857882628723623,0.5857483481414381,4.9893413655188734e-05
integrated_response,3,congestion_index,0.34535826628607696,0.345379171235859,0.345400076185641,0.345379171235859,2.613118722755159e-05
integrated_response,3,health_system_load,0.1330910342597297,0.1330910342597297,0.1330910342597297,0.1330910342597297,0.0
integrated_response,3,rumor_belief,0.0698092068304519,0.07050731666845537,0.07120542650645885,0.07050731666845537,0.0008726372975043362
integrated_response,3,stress,0.4254832898212598,0.4255436252449097,0.42560396066855954,0.4255436252449097,7.541927956233874e-05
integrated_response,3,commute_minutes,21.727169067721782,21.727310513889186,21.727451960056587,21.727310513889186,0.0001768077092538789
integrated_response,3,policy_cost_100m_cny,0.0,0.0,0.0,0.0,0.0
integrated_response,4,life_satisfaction,0.41712379909780267,0.4171452784980985,0.41716675789839436,0.4171452784980985,2.6849250369831434e-05
integrated_response,4,government_trust,0.627746337393623,0.6278226324087679,0.6278989274239127,0.6278226324087679,9.536876893107005e-05
integrated_response,4,economic_confidence,0.5072189168858467,0.5073697565145421,0.5075205961432375,0.5073697565145421,0.00018854953586916468
integrated_response,4,consumption_index,0.4348607551453991,0.4348894152609293,0.43491807537645943,0.4348894152609293,3.5825144412693355e-05
integrated_response,4,employment_rate,0.5858244405212846,0.5858669639708419,0.5859094874203993,0.5858669639708419,5.3154311946745914e-05
integrated_response,4,congestion_index,0.3455802112922732,0.34558580324512544,0.3455913951979777,0.34558580324512544,6.989941065349559e-06
integrated_response,4,health_system_load,0.1330910342597297,0.1330910342597297,0.1330910342597297,0.1330910342597297,0.0
integrated_response,4,rumor_belief,0.05733405402780243,0.05800111986645264,0.058668185705102856,0.05800111986645264,0.000833832298312763
integrated_response,4,stress,0.4344911290027353,0.43457722575164504,0.4346633225005548,0.43457722575164504,0.00010762093613719825
integrated_response,4,commute_minutes,21.65794476180306,21.661322994422324,21.66470122704159,21.661322994422324,0.004222790774083052
integrated_response,4,policy_cost_100m_cny,1.1851851851851851,1.1851851851851851,1.1851851851851851,1.1851851851851851,0.0
integrated_response,5,life_satisfaction,0.3946947096476236,0.3947262166156223,0.394757723583621,0.3947262166156223,3.938370999834184e-05
integrated_response,5,government_trust,0.6197740552250008,0.6198597886896643,0.6199455221543277,0.6198597886896643,0.00010716683082934164
integrated_response,5,economic_confidence,0.4922944726440502,0.4924033503428925,0.4925122280417349,0.4924033503428925,0.00013609712355291959
integrated_response,5,consumption_index,0.39338971627353925,0.3934320801289638,0.3934744439843884,0.3934320801289638,5.2954819280720544e-05
integrated_response,5,employment_rate,0.5859338607208695,0.5859714282880542,0.5860089958552388,0.5859714282880542,4.6959458980810886e-05
integrated_response,5,congestion_index,0.34146019159735336,0.3414614966022006,0.34146280160704784,0.3414614966022006,1.6312560590647784e-06
integrated_response,5,health_system_load,0.1330910342597297,0.1330910342597297,0.1330910342597297,0.1330910342597297,0.0
integrated_response,5,rumor_belief,0.0475846544260388,0.04809303914768795,0.04860142386933709,0.04809303914768795,0.0006354809020614367
integrated_response,5,stress,0.43388474027380564,0.43398995379891614,0.4340951673240267,0.43398995379891614,0.00013151690638815716
integrated_response,5,commute_minutes,21.63063032866416,21.631551698815585,21.63247306896701,21.631551698815585,0.0011517126892819363
integrated_response,5,policy_cost_100m_cny,2.581908831908832,2.581908831908832,2.581908831908832,2.581908831908832,0.0
integrated_response,6,life_satisfaction,0.3739274799910981,0.37396868026144603,0.374009880531794,0.37396868026144603,5.1500337934967666e-05
integrated_response,6,government_trust,0.6122988314846828,0.6123909162458245,0.6124830010069663,0.6123909162458245,0.00011510595142716351
integrated_response,6,economic_confidence,0.4778215312748485,0.4779273315655739,0.47803313185629925,0.4779273315655739,0.0001322503634067218
integrated_response,6,consumption_index,0.36891744147256217,0.36897159103978305,0.3690257406070039,0.36897159103978305,6.768695902606425e-05
integrated_response,6,employment_rate,0.585916153330359,0.5859464159669738,0.5859766786035887,0.5859464159669738,3.782829576859381e-05
integrated_response,6,congestion_index,0.3416087663767041,0.3416093188356668,0.3416098712946295,0.3416093188356668,6.905737033324755e-07
integrated_response,6,health_system_load,0.1330910342597297,0.1330910342597297,0.1330910342597297,0.1330910342597297,0.0
integrated_response,6,rumor_belief,0.040087496015094475,0.04049652404986852,0.04090555208464257,0.04049652404986852,0.0005112850434675596
integrated_response,6,stress,0.4260784883569997,0.42619391996840605,0.4263093515798125,0.42619391996840605,0.00014428951425796144
integrated_response,6,commute_minutes,21.62392422414518,21.623950057168077,21.623975890190973,21.623950057168077,3.229127861814618e-05
integrated_response,6,policy_cost_100m_cny,4.878632478632479,4.878632478632479,4.878632478632479,4.878632478632479,0.0
integrated_response,7,life_satisfaction,0.35471987249122094,0.3547718140340415,0.3548237555768621,0.3547718140340415,6.492692852572146e-05
integrated_response,7,government_trust,0.6052694604038431,0.6053668040529989,0.6054641477021546,0.6053668040529989,0.0001216795614446542
integrated_response,7,economic_confidence,0.46442571663206617,0.4645709777329311,0.464716238833796,0.4645709777329311,0.00018157637608115507
integrated_response,7,consumption_index,0.3473171166539133,0.34738588104982826,0.34745464544574317,0.34738588104982826,8.595549489368026e-05
integrated_response,7,employment_rate,0.5860054679302426,0.5860465201899584,0.5860875724496742,0.5860465201899584,5.131532464475175e-05
integrated_response,7,congestion_index,0.3418070973555127,0.3418128985789547,0.3418186998023967,0.3418128985789547,7.251529302532145e-06
integrated_response,7,health_system_load,0.1330910342597297,0.1330910342597297,0.1330910342597297,0.1330910342597297,0.0
integrated_response,7,rumor_belief,0.03385872441597157,0.034220358034855854,0.03458199165374014,0.034220358034855854,0.0004520420236053535
integrated_response,7,stress,0.41890058988670664,0.41902225719261155,0.41914392449851645,0.41902225719261155,0.00015208413238115837
integrated_response,7,commute_minutes,21.632396790978703,21.633547327447452,21.634697863916205,21.633547327447452,0.00143817058593676
integrated_response,7,policy_cost_100m_cny,7.175356125356126,7.175356125356126,7.175356125356126,7.175356125356126,0.0
integrated_response,8,life_satisfaction,0.33701508918930123,0.33707509934101765,0.33713510949273406,0.33707509934101765,7.501268964549279e-05
integrated_response,8,government_trust,0.5986377122819152,0.5987368029715441,0.5988358936611728,0.5987368029715441,0.0001238633620360141
integrated_response,8,economic_confidence,0.45184309295194847,0.4519405794012448,0.4520380658505412,0.4519405794012448,0.0001218580616204612
integrated_response,8,consumption_index,0.3281825733446825,0.3282584257261861,0.32833427810768967,0.3282584257261861,9.48154768795062e-05
integrated_response,8,employment_rate,0.5861042106150509,0.5861246408365621,0.5861450710580733,0.5861246408365621,2.5537776889072994e-05
integrated_response,8,congestion_index,0.34198796885052046,0.34199654068653174,0.34200511252254295,0.34199654068653174,1.0714795014049594e-05
integrated_response,8,health_system_load,0.12863984373148235,0.12863984373148235,0.12863984373148235,0.12863984373148235,0.0
integrated_response,8,rumor_belief,0.02899447876235951,0.029251191643592748,0.029507904524825986,0.029251191643592748,0.0003208911015415497
integrated_response,8,stress,0.4123347294606461,0.4124575091191873,0.4125802887777285,0.4124575091191873,0.0001534745731765208
integrated_response,8,commute_minutes,21.633350023151053,21.634468153957137,21.635586284763217,21.634468153957137,0.0013976635076016208
integrated_response,8,policy_cost_100m_cny,10.043508343508345,10.043508343508345,10.043508343508345,10.043508343508345,0.0
integrated_response,9,life_satisfaction,0.319194152299326,0.3192262620524101,0.3192583718054942,0.3192262620524101,4.013719135509408e-05
integrated_response,9,government_trust,0.5922345511355457,0.5923207096430486,0.5924068681505515,0.5923207096430486,0.00010769813437860876
integrated_response,9,economic_confidence,0.439181101970162,0.4391906458567478,0.4392001897433335,0.4391906458567478,1.1929858232173629e-05
integrated_response,9,consumption_index,0.30959741585659745,0.3096367196818359,0.30967602350707446,0.3096367196818359,4.912978154811287e-05
integrated_response,9,employment_rate,0.5857837264105671,0.5857850570374447,0.5857863876643222,0.5857850570374447,1.6632835969643267e-06
integrated_response,9,congestion_index,0.3537520061763201,0.3539871233617724,0.35422224054722473,0.3539871233617724,0.00029389648181540884
integrated_response,9,health_system_load,0.15108373934374494,0.15157831082613654,0.1520728823085281,0.15157831082613654,0.0006182143529894907
integrated_response,9,rumor_belief,0.02831899127781938,0.028405540733072707,0.02849209018832603,0.028405540733072707,0.00010818681906665621
integrated_response,9,stress,0.4312356571166399,0.4316600238291226,0.43208439054160536,0.4316600238291226,0.0005304583906034221
integrated_response,9,commute_minutes,22.295182048163603,22.30784957361844,22.320517099073275,22.30784957361844,0.0158344068185432
integrated_response,9,policy_cost_100m_cny,12.911660561660563,12.911660561660563,12.911660561660563,12.911660561660563,0.0
integrated_response,10,life_satisfaction,0.3013922574071538,0.30141896177395777,0.3014456661407617,0.30141896177395777,3.3380458504900234e-05
integrated_response,10,government_trust,0.5856166052833282,0.585673429795926,0.5857302543085238,0.585673429795926,7.103064074731602e-05
integrated_response,10,economic_confidence,0.4271313217006909,0.42718161582183056,0.4272319099429702,0.42718161582183056,6.286765142460293e-05
integrated_response,10,consumption_index,0.29164196371079404,0.2916644964149631,0.2916870291191322,0.2916644964149631,2.8165880211317162e-05
integrated_response,10,employment_rate,0.5852843855596823,0.5853074270146934,0.5853304684697046,0.5853074270146934,2.8801818763912745e-05
integrated_response,10,congestion_index,0.3534883258159213,0.35387167367872213,0.35425502154152294,0.35387167367872213,0.0004791848285010114
integrated_response,10,health_system_load,0.17065854345344655,0.17168659187623503,0.17271464029902348,0.17168659187623503,0.0012850605284855793
integrated_response,10,rumor_belief,0.027644746593383045,0.027682074459830428,0.02771940232627781,0.027682074459830428,4.6659833059226746e-05
integrated_response,10,stress,0.44745863408050757,0.44847663859208664,0.4494946431036657,0.44847663859208664,0.001272505639473842
integrated_response,10,commute_minutes,22.286892490130224,22.30637152734687,22.32585056456351,22.30637152734687,0.024348796520802907
integrated_response,10,policy_cost_100m_cny,15.779812779812781,15.779812779812781,15.779812779812781,15.779812779812781,0.0
integrated_response,11,life_satisfaction,0.2838486149970057,0.28385832919294207,0.2838680433888784,0.28385832919294207,1.2142744920423665e-05
integrated_response,11,government_trust,0.5788261605012728,0.5788870764438512,0.5789479923864296,0.5788870764438512,7.614492822294316e-05
integrated_response,11,economic_confidence,0.4158294211631711,0.4159654793833578,0.4161015376035445,0.4159654793833578,0.00017007277523334308
integrated_response,11,consumption_index,0.2744922268810067,0.27449673601862146,0.27450124515623625,0.27449673601862146,5.636422018479026e-06
integrated_response,11,employment_rate,0.584667609986291,0.5847169333134964,0.5847662566407018,0.5847169333134964,6.165415900671878e-05
integrated_response,11,congestion_index,0.35278980844069485,0.35330620037952987,0.3538225923183649,0.35330620037952987,0.0006454899235437961
integrated_response,11,health_system_load,0.18856264449338794,0.18859815858020523,0.18863367266702255,0.18859815858020523,4.439260852161231e-05
integrated_response,11,rumor_belief,0.026703960099625768,0.02690317409657518,0.02710238809352459,0.02690317409657518,0.00024901749618676423
integrated_response,11,stress,0.4622907659094221,0.46243193599102617,0.4625731060726302,0.46243193599102617,0.00017646260200507302
integrated_response,11,commute_minutes,22.25911134465227,22.28548245218102,22.31185355970978,22.28548245218102,0.032963884410941446
integrated_response,11,policy_cost_100m_cny,18.647964997964998,18.647964997964998,18.647964997964998,18.647964997964998,0.0
integrated_response,12,life_satisfaction,0.2670934798062607,0.2671833492944544,0.2672732187826481,0.2671833492944544,0.0001123368602421182
integrated_response,12,government_trust,0.5848224992040764,0.5848500123919573,0.5848775255798382,0.5848500123919573,3.43914848511262e-05
integrated_response,12,economic_confidence,0.40527698263719664,0.40530413993964953,0.40533129724210243,0.40530413993964953,3.3946628066106044e-05
integrated_response,12,consumption_index,0.25818370281514147,0.2582666978355366,0.2583496928559316,0.2582666978355366,0.00010374377549385305
integrated_response,12,employment_rate,0.5839814653156159,0.5839924582051059,0.5840034510945961,0.5839924582051059,1.374111186264182e-05
integrated_response,12,congestion_index,0.35203328439619186,0.3527916693918398,0.35355005438748777,0.3527916693918398,0.0009479812445599145
integrated_response,12,health_system_load,0.20174291150099236,0.20311058081003963,0.20447825011908688,0.20311058081003963,0.0017095866363090878
integrated_response,12,rumor_belief,0.0003866140692490962,0.00039135122576254686,0.00039608838227599754,0.00039135122576254686,5.921445641813341e-06
integrated_response,12,stress,0.47164154796816743,0.4730381378468619,0.47443472772555634,0.4730381378468619,0.0017457373483680816
integrated_response,12,commute_minutes,22.232597098694267,22.271094226434663,22.309591354175062,22.271094226434663,0.04812140967549716
integrated_response,12,policy_cost_100m_cny,21.582783882783882,21.582783882783882,21.582783882783882,21.582783882783882,0.0
integrated_response,13,life_satisfaction,0.2511396951488309,0.2512404691628308,0.2513412431768308,0.2512404691628308,0.00012596751749996415
integrated_response,13,government_trust,0.5885494341350561,0.5886446527521425,0.5887398713692289,0.5886446527521425,0.00011902327135804303
integrated_response,13,economic_confidence,0.3945518260805955,0.39467794206046475,0.39480405804033397,0.39467794206046475,0.00015764497483655715
integrated_response,13,consumption_index,0.2427502689530136,0.24283403899478387,0.24291780903655413,0.24283403899478387,0.00010471255221283782
integrated_response,13,employment_rate,0.5830224644010827,0.5830686856241358,0.5831149068471888,0.5830686856241358,5.777652881627793e-05
integrated_response,13,congestion_index,0.3517976899789837,0.3520353272381228,0.35227296449726186,0.3520353272381228,0.00029704657392384815
integrated_response,13,health_system_load,0.21651376199448247,0.21702585809266045,0.21753795419083846,0.21702585809266045,0.0006401201227225067
integrated_response,13,rumor_belief,0.0003513053535800541,0.0005433156269537243,0.0007353259003273947,0.0005433156269537243,0.00024001284171708785
integrated_response,13,stress,0.4831669675872754,0.4836379936108436,0.4841090196344118,0.4836379936108436,0.0005887825294602078
integrated_response,13,commute_minutes,22.236450249149517,22.24886634160549,22.26128243406146,22.24886634160549,0.015520115569966464
integrated_response,13,policy_cost_100m_cny,24.517602767602767,24.517602767602767,24.517602767602767,24.517602767602767,0.0
integrated_response,14,life_satisfaction,0.23583685745489547,0.23606067369248923,0.23628448993008302,0.23606067369248923,0.000279770296992235
integrated_response,14,government_trust,0.5918610863072004,0.5919251676802072,0.591989249053214,0.5919251676802072,8.010171625860707e-05
integrated_response,14,economic_confidence,0.3843422000821179,0.38435153304379516,0.3843608660054724,0.38435153304379516,1.1666202096582978e-05
integrated_response,14,consumption_index,0.2281081330328395,0.22830678387324538,0.22850543471365126,0.22830678387324538,0.00024831355050734805
integrated_response,14,employment_rate,0.5821085446981044,0.5821144019278957,0.5821202591576868,0.5821144019278957,7.321537239091125e-06
integrated_response,14,congestion_index,0.3503047314976803,0.3512830553811267,0.3522613792645731,0.3512830553811267,0.00122290485430801
integrated_response,14,health_system_load,0.22655617778159057,0.22879039450394917,0.23102461122630774,0.22879039450394917,0.00279277090294823
integrated_response,14,rumor_belief,0.0004475909202012889,0.0004874447110172458,0.0005272985018332028,0.0004874447110172458,4.981723851994613e-05
integrated_response,14,stress,0.4901529071914752,0.49250685686501594,0.4948608065385567,0.49250685686501594,0.0029424370919259313
integrated_response,14,commute_minutes,22.17692882888578,22.22705911262472,22.277189396363656,22.22705911262472,0.06266285467367183
integrated_response,14,policy_cost_100m_cny,27.452421652421652,27.452421652421652,27.452421652421652,27.452421652421652,0.0
integrated_response,15,life_satisfaction,0.2213459235522154,0.22163824280430064,0.22193056205638587,0.22163824280430064,0.00036539906510651976
integrated_response,15,government_trust,0.5945999379242516,0.59463509918502,0.5946702604457884,0.59463509918502,4.395157596048804e-05
integrated_response,15,economic_confidence,0.3748550232513511,0.37486777764608775,0.3748805320408244,0.37486777764608775,1.5942993420781093e-05
integrated_response,15,consumption_index,0.2150889162475185,0.21534416981790727,0.21559942338829605,0.21534416981790727,0.0003190669629859755
integrated_response,15,employment_rate,0.5812048444131348,0.581212683812377,0.5812205232116193,0.581212683812377,9.799249052810932e-06
integrated_response,15,congestion_index,0.3509760191870762,0.3513207885778564,0.35166555796863663,0.3513207885778564,0.00043096173847526065
integrated_response,15,health_system_load,0.2380758888366492,0.23955762540366998,0.24103936197069079,0.23955762540366998,0.0018521707087759826
integrated_response,15,rumor_belief,0.0004962809458671543,0.000518617717291421,0.0005409544887156877,0.000518617717291421,2.7920964280333388e-05
integrated_response,15,stress,0.49929953187718246,0.5008422748015638,0.5023850177259452,0.5008422748015638,0.0019284286554767383
integrated_response,15,commute_minutes,22.22757063793248,22.244206105578183,22.260841573223885,22.244206105578183,0.020794334557127314
integrated_response,15,policy_cost_100m_cny,30.387240537240537,30.387240537240537,30.387240537240537,30.387240537240537,0.0
integrated_response,16,life_satisfaction,0.20782127597493932,0.20803468224574256,0.2082480885165458,0.20803468224574256,0.0002667578385040503
integrated_response,16,government_trust,0.5968427180063374,0.5969591593312937,0.5970756006562501,0.5969591593312937,0.00014555165619545285
integrated_response,16,economic_confidence,0.36588972038317974,0.3658921314187832,0.3658945424543866,0.3658921314187832,3.013794504264089e-06
integrated_response,16,consumption_index,0.20488381992136115,0.20506266948390922,0.20524151904645732,0.20506266948390922,0.0002235619531851113
integrated_response,16,employment_rate,0.580298656793803,0.5803201212047217,0.5803415856156403,0.5803201212047217,2.6830513648379295e-05
integrated_response,16,congestion_index,0.3494642986705442,0.35080735542171965,0.3521504121728951,0.35080735542171965,0.0016788209389693165
integrated_response,16,health_system_load,0.247864619673087,0.24867710017279487,0.24948958067250276,0.24867710017279487,0.0010156006246348354
integrated_response,16,rumor_belief,0.00040300676035637327,0.00043639532070862883,0.0004697838810608844,0.00043639532070862883,4.173570044031945e-05
integrated_response,16,stress,0.5069073671353563,0.5078577578109675,0.5088081484865787,0.5078577578109675,0.001187988344513946
integrated_response,16,commute_minutes,22.16742276439246,22.23429795079247,22.30117313719248,22.23429795079247,0.0835939830000143
integrated_response,16,policy_cost_100m_cny,33.322059422059425,33.322059422059425,33.322059422059425,33.322059422059425,0.0
integrated_response,17,life_satisfaction,0.19497272625094392,0.19520065638712775,0.1954285865233116,0.19520065638712775,0.0002849126702298005
integrated_response,17,government_trust,0.5987826280060407,0.5988628040872191,0.5989429801683976,0.5988628040872191,0.00010022010147314742
integrated_response,17,economic_confidence,0.3571132907807908,0.35727244263695057,0.3574315944931103,0.35727244263695057,0.00019893982019966727
integrated_response,17,consumption_index,0.19638652630630357,0.19657238196550367,0.19675823762470376,0.19657238196550367,0.0002323195740001338
integrated_response,17,employment_rate,0.5793776161928267,0.5794352155399375,0.5794928148870483,0.5794352155399375,7.19991838885603e-05
integrated_response,17,congestion_index,0.35023750551271754,0.35086738463503,0.35149726375734247,0.35086738463503,0.0007873489028905889
integrated_response,17,health_system_load,0.25703166152120455,0.2575534210739179,0.25807518062663115,0.2575534210739179,0.0006521994408916487
integrated_response,17,rumor_belief,0.0003772352800810517,0.0004105734007007121,0.0004439115213203725,0.0004105734007007121,4.1672650774575535e-05
integrated_response,17,stress,0.5145076334891014,0.5150218151397024,0.5155359967903033,0.5150218151397024,0.0006427270632511362
integrated_response,17,commute_minutes,22.220099570858984,22.25339034769517,22.286681124531356,22.25339034769517,0.041613471045231165
integrated_response,17,policy_cost_100m_cny,36.25687830687831,36.25687830687831,36.25687830687831,36.25687830687831,0.0
integrated_response,18,life_satisfaction,0.1829133193026539,0.18325593312173039,0.18359854694080685,0.18325593312173039,0.0004282672738456089
integrated_response,18,government_trust,0.6002217327058622,0.6003144265708003,0.6004071204357382,0.6003144265708003,0.00011586733117247006
integrated_response,18,economic_confidence,0.3486400527902453,0.34884523564288533,0.34905041849552537,0.34884523564288533,0.0002564785658000779
integrated_response,18,consumption_index,0.18850764790986288,0.18880122946058597,0.1890948110113091,0.18880122946058597,0.00036697693840388734
integrated_response,18,employment_rate,0.5784344360595484,0.5785132746394146,0.578592113219281,0.5785132746394146,9.854822483285064e-05
integrated_response,18,congestion_index,0.3483785463479681,0.3493308978848824,0.3502832494217967,0.3493308978848824,0.001190439421142886
integrated_response,18,health_system_load,0.26163036699285735,0.2638012121471052,0.2659720573013531,0.2638012121471052,0.00271355644280985
integrated_response,18,rumor_belief,0.0003983054088813878,0.00045243810480899156,0.0005065708007365953,0.00045243810480899156,6.766586990950474e-05
integrated_response,18,stress,0.5173553215840887,0.5196816969429365,0.5220080723017844,0.5196816969429365,0.0029079691985597345
integrated_response,18,commute_minutes,22.142323066672386,22.192349499341393,22.2423759320104,22.192349499341393,0.06253304083625721
integrated_response,18,policy_cost_100m_cny,39.1916971916972,39.1916971916972,39.1916971916972,39.1916971916972,0.0
integrated_response,19,life_satisfaction,0.17301473396189243,0.1734422761306544,0.1738698182994164,0.1734422761306544,0.0005344277109524675
integrated_response,19,government_trust,0.6003457052603135,0.6005256573275888,0.6007056093948641,0.6005256573275888,0.00022494008409412736
integrated_response,19,economic_confidence,0.34170120234049806,0.34176952434807495,0.3418378463556519,0.34176952434807495,8.54025094711719e-05
integrated_response,19,consumption_index,0.18230235344502244,0.18266391843263935,0.18302548342025626,0.18266391843263935,0.0004519562345211281
integrated_response,19,employment_rate,0.5778200483769189,0.5778730132686247,0.5779259781603306,0.5778730132686247,6.620611463231674e-05
integrated_response,19,congestion_index,0.33903290489107857,0.339061194824635,0.3390894847581914,0.339061194824635,3.5362416945516895e-05
integrated_response,19,health_system_load,0.24740677766055502,0.24937739632322592,0.2513480149858968,0.24937739632322592,0.002463273328338622
integrated_response,19,rumor_belief,0.0004152317470967854,0.0004889270907271258,0.0005626224343574663,0.0004889270907271258,9.211917953792553e-05
integrated_response,19,stress,0.500009924487034,0.5021326471746146,0.5042553698621952,0.5021326471746146,0.002653403359475781
integrated_response,19,commute_minutes,21.608373356293633,21.6118641318126,21.615354907331565,21.6118641318126,0.00436346939870802
integrated_response,19,policy_cost_100m_cny,42.12651607651609,42.12651607651609,42.12651607651609,42.12651607651609,0.0
integrated_response,20,life_satisfaction,0.16505096351041193,0.1655376535428385,0.16602434357526508,0.1655376535428385,0.0006083625405332166
integrated_response,20,government_trust,0.6008439363133828,0.6010462289911072,0.6012485216688315,0.6010462289911072,0.0002528658471554479
integrated_response,20,economic_confidence,0.33504325292644516,0.335072433290285,0.33510161365412483,0.335072433290285,3.647545479981695e-05
integrated_response,20,consumption_index,0.17741448862198594,0.17781320041697685,0.17821191221196772,0.17781320041697685,0.0004983897437386003
integrated_response,20,employment_rate,0.5771810776785584,0.5772343584205352,0.5772876391625119,0.5772343584205352,6.660092747090562e-05
integrated_response,20,congestion_index,0.33876186691118565,0.3387914996040281,0.3388211322968705,0.3387914996040281,3.7040866053023036e-05
integrated_response,20,health_system_load,0.23477527831003522,0.23645444706716476,0.2381336158242943,0.23645444706716476,0.002098960946411932
integrated_response,20,rumor_belief,0.0003490904826002098,0.0003632429825833458,0.0003773954825664819,0.0003632429825833458,1.7690624978920045e-05
integrated_response,20,stress,0.4846734863219989,0.48648836069919854,0.48830323507639817,0.48648836069919854,0.0022685929714995057
integrated_response,20,commute_minutes,21.60840538221147,21.608821729005154,21.60923807579884,21.608821729005154,0.0005204334921060649
integrated_response,20,policy_cost_100m_cny,45.06133496133498,45.06133496133498,45.06133496133498,45.06133496133498,0.0
integrated_response,21,life_satisfaction,0.1589555638449227,0.15947710512317204,0.15999864640142133,0.15947710512317204,0.0006519265978116445
integrated_response,21,government_trust,0.602941122000029,0.6031730967080766,0.6034050714161243,0.6031730967080766,0.0002899683850595136
integrated_response,21,economic_confidence,0.32911984718462867,0.32922085196852197,0.32932185675241527,0.32922085196852197,0.0001262559798665963
integrated_response,21,consumption_index,0.1736773303610629,0.17409999322700376,0.17452265609294465,0.17409999322700376,0.000528328582426088
integrated_response,21,employment_rate,0.5766905893958093,0.5767483267410309,0.5768060640862527,0.5767483267410309,7.217168152712228e-05
integrated_response,21,congestion_index,0.3385407088589938,0.33857545335858596,0.33861019785817814,0.33857545335858596,4.3430624490220504e-05
integrated_response,21,health_system_load,0.22203902616060883,0.22351669466688284,0.22499436317315688,0.22351669466688284,0.0018470856328425406
integrated_response,21,rumor_belief,1.872054856533542e-05,1.9364400838222836e-05,2.0008253111110256e-05,1.9364400838222836e-05,8.048153411092706e-07
integrated_response,21,stress,0.4694971563728831,0.4710947361389309,0.4726923159049787,0.4710947361389309,0.0019969747075597732
integrated_response,21,commute_minutes,21.607955167786507,21.61002384367454,21.612092519562577,21.61002384367454,0.0025858448600448725
integrated_response,21,policy_cost_100m_cny,47.99615384615387,47.99615384615387,47.99615384615387,47.99615384615387,0.0
integrated_response,22,life_satisfaction,0.15435113596409375,0.1548933954327998,0.15543565490150588,0.1548933954327998,0.0006778243358825653
integrated_response,22,government_trust,0.6049921339518716,0.6052473390182296,0.6055025440845875,0.6052473390182296,0.00031900633294740244
integrated_response,22,economic_confidence,0.32355453055854966,0.32361079145604577,0.3236670523535419,0.32361079145604577,7.032612187013454e-05
integrated_response,22,consumption_index,0.1708657467267537,0.17128480415806774,0.17170386158938175,0.17128480415806774,0.0005238217891425229
integrated_response,22,employment_rate,0.5762465638098877,0.5762688216377572,0.5762910794656267,0.5762688216377572,2.782228483694249e-05
integrated_response,22,congestion_index,0.3383512458085989,0.3383668382209196,0.33838243063324036,0.3383668382209196,1.9490515400955033e-05
integrated_response,22,health_system_load,0.21811842187444447,0.21946364021127904,0.2208088585481136,0.21946364021127904,0.0016815229210432048
integrated_response,22,rumor_belief,4.957465368577345e-08,2.4787326842886724e-07,4.4617188317196106e-07,2.4787326842886724e-07,2.4787326842886724e-07
integrated_response,22,stress,0.4561765347965503,0.4575880581010082,0.45899958140546615,0.4575880581010082,0.0017644041305723834
integrated_response,22,commute_minutes,21.603128635756335,21.606969059404666,21.610809483052996,21.606969059404666,0.00480052956041277
integrated_response,22,policy_cost_100m_cny,50.35954415954418,50.35954415954418,50.35954415954418,50.35954415954418,0.0
integrated_response,23,life_satisfaction,0.15105682163342882,0.15160798735321918,0.15215915307300956,0.15160798735321918,0.000688957149737976
integrated_response,23,government_trust,0.6071574159348265,0.6074321964558427,0.6077069769768589,0.6074321964558427,0.0003434756512701864
integrated_response,23,economic_confidence,0.3182600931308827,0.3183156594033978,0.3183712256759128,0.3183156594033978,6.945784064379956e-05
integrated_response,23,consumption_index,0.16874836568191262,0.1691677403451229,0.1695871150083332,0.1691677403451229,0.0005242183290128655
integrated_response,23,employment_rate,0.5757522962532697,0.5757922792598121,0.5758322622663545,0.5757922792598121,4.997875817802644e-05
integrated_response,23,congestion_index,0.33811530223664105,0.338141081025582,0.33816685981452294,0.338141081025582,3.222348617615278e-05
integrated_response,23,health_system_load,0.20791513536067877,0.20909892749709316,0.21028271963350756,0.20909892749709316,0.0014797401705179958
integrated_response,23,rumor_belief,0.0,0.0,0.0,0.0,0.0
integrated_response,23,stress,0.4444982399455039,0.4457403276749165,0.4469824154043291,0.4457403276749165,0.001552609661765736
integrated_response,23,commute_minutes,21.603019416332124,21.605943069348733,21.608866722365338,21.605943069348733,0.0036545662707592186
integrated_response,23,policy_cost_100m_cny,52.72293447293449,52.72293447293449,52.72293447293449,52.72293447293449,0.0
integrated_response,24,life_satisfaction,0.1484637289145687,0.1490070557735536,0.1495503826325385,0.1490070557735536,0.0006791585737311451
integrated_response,24,government_trust,0.598163079580233,0.5984404584375161,0.5987178372947993,0.5984404584375161,0.0003467235716039241
integrated_response,24,economic_confidence,0.31305278000319453,0.31323566681532716,0.3134185536274598,0.31323566681532716,0.00022860851516581793
integrated_response,24,consumption_index,0.16717963395896954,0.16757108645861662,0.16796253895826374,0.16757108645861662,0.0004893156245588809
integrated_response,24,employment_rate,0.5753160310131492,0.5753386102097315,0.5753611894063138,0.5753386102097315,2.822399572782741e-05
integrated_response,24,congestion_index,0.33793300992350955,0.3379364539879769,0.33793989805244423,0.3379364539879769,4.3050805841882145e-06
integrated_response,24,health_system_load,0.19893624322856485,0.19997798030860953,0.20101971738865423,0.19997798030860953,0.001302171350055878
integrated_response,24,rumor_belief,0.0020168442926812996,0.0022073890017859556,0.002397933710890612,0.0022073890017859556,0.00023818088638082025
integrated_response,24,stress,0.4343746611022686,0.43546270019795197,0.43655073929363536,0.43546270019795197,0.0013600488696042246
integrated_response,24,commute_minutes,21.595977861875166,21.60222265301084,21.608467444146513,21.60222265301084,0.007805988919590945
integrated_response,24,policy_cost_100m_cny,55.01965811965814,55.01965811965814,55.01965811965814,55.01965811965814,0.0
integrated_response,25,life_satisfaction,0.14651595554168603,0.14704346118720782,0.1475709668327296,0.14704346118720782,0.0006593820569022191
integrated_response,25,government_trust,0.5898989705142962,0.5901767785404194,0.5904545865665426,0.5901767785404194,0.000347260032653951
integrated_response,25,economic_confidence,0.3111034948551564,0.31127580639268193,0.3114481179302074,0.31127580639268193,0.0002153894219068253
integrated_response,25,consumption_index,0.1662418962588739,0.16660390544172743,0.16696591462458096,0.16660390544172743,0.00045251147856692486
integrated_response,25,employment_rate,0.5753835813037711,0.5754260901219035,0.5754685989400359,0.5754260901219035,5.313602266554529e-05
integrated_response,25,congestion_index,0.3379312891571549,0.33793701288890343,0.33794273662065194,0.33793701288890343,7.15466468564907e-06
integrated_response,25,health_system_load,0.19103481815230464,0.19195154678274398,0.19286827541318333,0.19195154678274398,0.0011459107880491815
integrated_response,25,rumor_belief,0.0015997928382302897,0.0017509359195749792,0.0019020790009196687,0.0017509359195749792,0.000188928851680862
integrated_response,25,stress,0.42552806718478065,0.4264749996278781,0.42742193207097556,0.4264749996278781,0.0011836655538718377
integrated_response,25,commute_minutes,21.67462231492708,21.674675172116384,21.674728029305687,21.674675172116384,6.607148662851614e-05
integrated_response,25,policy_cost_100m_cny,57.31638176638179,57.31638176638179,57.31638176638179,57.31638176638179,0.0
integrated_response,26,life_satisfaction,0.14455515911053674,0.14505886058572687,0.145562562060917,0.14505886058572687,0.0006296268439876518
integrated_response,26,government_trust,0.5822966276514239,0.5825729857535833,0.5828493438557426,0.5825729857535833,0.00034544762769922466
integrated_response,26,economic_confidence,0.30931566661379145,0.30947837069642326,0.30964107477905506,0.30947837069642326,0.00020338010328974088
integrated_response,26,consumption_index,0.1547594943358686,0.15507892095976317,0.1553983475836577,0.15507892095976317,0.0003992832798681706
integrated_response,26,employment_rate,0.57545828077194,0.5754941795447932,0.5755300783176464,0.5754941795447932,4.487346606646403e-05
integrated_response,26,congestion_index,0.33793447245614744,0.33793656816393747,0.3379386638717275,0.33793656816393747,2.619634737521803e-06
integrated_response,26,health_system_load,0.18408156408519574,0.18488828527998227,0.1856950064747688,0.18488828527998227,0.001008401493483163
integrated_response,26,rumor_belief,0.001268894699757718,0.001388775630738432,0.0015086565617191462,0.001388775630738432,0.00014985116372589276
integrated_response,26,stress,0.4245864056135093,0.42541086780179993,0.4262353299900906,0.42541086780179993,0.0010305777353633305
integrated_response,26,commute_minutes,21.674642512114435,21.6746673401824,21.674692168250363,21.6746673401824,3.1035084955277625e-05
integrated_response,26,policy_cost_100m_cny,58.71310541310543,58.71310541310543,58.71310541310543,58.71310541310543,0.0
integrated_response,27,life_satisfaction,0.14262623768488605,0.14310443347692237,0.1435826292689587,0.14310443347692237,0.0005977447400454111
integrated_response,27,government_trust,0.5752949221841879,0.575568243318069,0.5758415644519501,0.575568243318069,0.00034165141735142956
integrated_response,27,economic_confidence,0.30768031172160665,0.30783249850605043,0.3079846852904942,0.30783249850605043,0.00019023348055474676
integrated_response,27,consumption_index,0.14593130488849318,0.14621109246782543,0.14649088004715766,0.14621109246782543,0.0003497344741652947
integrated_response,27,employment_rate,0.5755208477677222,0.5755606329731437,0.5756004181785653,0.5755606329731437,4.973150677700655e-05
integrated_response,27,congestion_index,0.3379368774626919,0.3379398901512988,0.33794290283990575,0.3379398901512988,3.7658607586754655e-06
integrated_response,27,health_system_load,0.17796270050613971,0.17867261515755195,0.17938252980896416,0.17867261515755195,0.0008873933142652807
integrated_response,27,rumor_belief,0.0010064314564942822,0.0011015157373221933,0.0011966000181501044,0.0011015157373221933,0.00011885535103488883
integrated_response,27,stress,0.4237372658377157,0.4244548197592428,0.42517237368077,0.4244548197592428,0.0008969424019089345
integrated_response,27,commute_minutes,21.674689922956116,21.67469919568189,21.674708468407665,21.67469919568189,1.1590907218916868e-05
integrated_response,27,policy_cost_100m_cny,60.109829059829075,60.109829059829075,60.109829059829075,60.109829059829075,0.0
integrated_response,28,life_satisfaction,0.14075563148113987,0.1412043248972522,0.14165301831336458,0.1412043248972522,0.0005608667701404307
integrated_response,28,government_trust,0.5688391254299029,0.5691080560840834,0.569376986738264,0.5691080560840834,0.00033616331772567953
integrated_response,28,economic_confidence,0.30617474521053895,0.30631839827729973,0.3064620513440605,0.30631839827729973,0.00017956633345100892
integrated_response,28,consumption_index,0.1392636429302326,0.13950376110147816,0.1397438792727237,0.13950376110147816,0.0003001477140569392
integrated_response,28,employment_rate,0.5755760449268204,0.575614380420981,0.5756527159151417,0.575614380420981,4.79193677007661e-05
integrated_response,28,congestion_index,0.3379359435883408,0.33793819023974625,0.3379404368911518,0.33793819023974625,2.80831425689132e-06
integrated_response,28,health_system_load,0.17257810055657052,0.17320282544981325,0.173827550343056,0.17320282544981325,0.0007809061165534176
integrated_response,28,rumor_belief,0.0007982912314413214,0.0008737111193462825,0.0009491310072512437,0.0008737111193462825,9.427485988120144e-05
integrated_response,28,stress,0.422974643527638,0.4235991845946688,0.4242237256616996,0.4235991845946688,0.000780676333788477
integrated_response,28,commute_minutes,21.674682237686785,21.6746864599394,21.67469068219202,21.6746864599394,5.277815770199368e-06
integrated_response,28,policy_cost_100m_cny,61.50655270655272,61.50655270655272,61.50655270655272,61.50655270655272,0.0
integrated_response,29,life_satisfaction,0.13897540289079283,0.13939535208089932,0.1398153012710058,0.13939535208089932,0.0005249364876331042
integrated_response,29,government_trust,0.562880096098396,0.5631435146829324,0.5634069332674689,0.5631435146829324,0.000329273230670557
integrated_response,29,economic_confidence,0.3047816378659091,0.30491701247822656,0.30505238709054394,0.30491701247822656,0.00016921826539675888
integrated_response,29,consumption_index,0.13424096257151608,0.13445690373720331,0.13467284490289055,0.13445690373720331,0.0002699264571090487
integrated_response,29,employment_rate,0.5756271307141473,0.5756785245433337,0.5757299183725201,0.5756785245433337,6.424228648294061e-05
integrated_response,29,congestion_index,0.3379358919571861,0.33794335812648735,0.33795082429578854,0.33794335812648735,9.332711626536261e-06
integrated_response,29,health_system_load,0.16783965260094968,0.1683894105070033,0.16893916841305687,0.1683894105070033,0.0006871973825669925
integrated_response,29,rumor_belief,0.0006332496189124179,0.000693076926783511,0.000752904234654604,0.000693076926783511,7.47841348388663e-05
integrated_response,29,stress,0.4222896156147167,0.42283218577649717,0.42337475593827767,0.42283218577649717,0.0006782127022256224
integrated_response,29,commute_minutes,21.674652463714768,21.674720734626476,21.674789005538187,21.674720734626476,8.53386396375555e-05
integrated_response,29,policy_cost_100m_cny,62.90327635327636,62.90327635327636,62.90327635327636,62.90327635327636,0.0
integrated_response,30,life_satisfaction,0.13732989361359915,0.13772373516709524,0.1381175767205913,0.13772373516709524,0.0004923019418700963
integrated_response,30,government_trust,0.5573736679014444,0.5576306532657921,0.5578876386301398,0.5576306532657921,0.00032123170543463253
integrated_response,30,economic_confidence,0.3034833104648647,0.30361132544641284,0.30373934042796097,0.30361132544641284,0.00016001872693516273
integrated_response,30,consumption_index,0.1307000572774938,0.13089209902169158,0.13108414076588937,0.13089209902169158,0.00024005218024725217
integrated_response,30,employment_rate,0.575673128123815,0.5757201775686959,0.5757672270135767,0.5757201775686959,5.8811806101122244e-05
integrated_response,30,congestion_index,0.3379385900244568,0.3379385968311751,0.33793860363789335,0.3379385968311751,8.50839784738433e-09
integrated_response,30,health_system_load,0.16366981840000325,0.16415360535733042,0.16463739231465763,0.16415360535733042,0.0006047336966589906
integrated_response,30,rumor_belief,0.0005023883326769424,0.0005498523035223249,0.0005973162743677072,0.0005498523035223249,5.932996355672806e-05
integrated_response,30,stress,0.4216756550165185,0.4221470352884673,0.4226184155604162,0.4221470352884673,0.0005892253399360781
integrated_response,30,commute_minutes,21.67468317231971,21.674688446283042,21.674693720246374,21.674688446283042,6.592454166565176e-06
integrated_response,30,policy_cost_100m_cny,64.30000000000001,64.30000000000001,64.30000000000001,64.30000000000001,0.0
