branch_id,day,metric,p10,p50,p90,mean,standard_deviation
control,0,life_satisfaction,0.512771605915856,0.512771605915856,0.512771605915856,0.512771605915856,0.0
control,0,government_trust,0.667750666160951,0.667750666160951,0.667750666160951,0.667750666160951,0.0
control,0,economic_confidence,0.5766229604929898,0.5769166925020115,0.5772104245110332,0.5769166925020115,0.0003671650112771485
control,0,consumption_index,0.6666851520494701,0.6667839813680596,0.6668828106866492,0.6667839813680596,0.00012353664823688826
control,0,employment_rate,0.9319559301481805,0.9319559301481805,0.9319559301481805,0.9319559301481805,0.0
control,0,congestion_index,0.8,0.8,0.8,0.8,0.0
control,0,health_system_load,0.65,0.65,0.65,0.65,0.0
control,0,rumor_belief,0.13766604025310025,0.13924299994261163,0.14081995963212302,0.13924299994261163,0.0019711996118892405
control,0,stress,0.3827986362740605,0.3829679450496214,0.38313725382518227,0.3829679450496214,0.00021163596945106278
control,0,commute_minutes,23.489245404099368,23.489245404099368,23.489245404099368,23.489245404099368,0.0
control,0,organization_vitality,0.8201110789333432,0.8201343211629898,0.8201575633926363,0.8201343211629898,2.9052787058225782e-05
control,0,public_service_reliability,0.8403058798820079,0.8403278057236474,0.840349731565287,0.8403278057236474,2.7407302049475835e-05
control,0,policy_cost_100m_cny,0.0,0.0,0.0,0.0,0.0
control,1,life_satisfaction,0.4819242832597969,0.4819297475418516,0.4819352118239062,0.4819297475418516,6.830352568293341e-06
control,1,government_trust,0.6432940965163495,0.6433428077871959,0.6433915190580424,0.6433428077871959,6.088908855800268e-05
control,1,economic_confidence,0.5580029722246735,0.5582790918130653,0.5585552114014571,0.5582790918130653,0.00034514948548980406
control,1,consumption_index,0.5972233602286835,0.5973422869158641,0.5974612136030447,0.5973422869158641,0.00014865835897570623
control,1,employment_rate,0.9319675903800216,0.9319680052494631,0.9319684201189046,0.9319680052494631,5.185868018342532e-07
control,1,congestion_index,0.7571546123959786,0.757973582874184,0.7587925533523894,0.757973582874184,0.0010237130977567843
control,1,health_system_load,0.6803958598816252,0.6811975977875098,0.6819993356933944,0.6811975977875098,0.001002172382355726
control,1,rumor_belief,0.10912538653536819,0.11040232301197764,0.11167925948858709,0.11040232301197764,0.0015961705957618158
control,1,stress,0.4026903437983491,0.4027826255457191,0.40287490729308906,0.4027826255457191,0.00011535218421246385
control,1,commute_minutes,24.5975578343892,24.603301951074783,24.609046067760367,24.603301951074783,0.0071801458569797924
control,1,organization_vitality,0.8199044141973426,0.8199262618932104,0.8199481095890783,0.8199262618932104,2.730961983471447e-05
control,1,public_service_reliability,0.8394997031909821,0.8395257461755858,0.8395517891601896,0.8395257461755858,3.255373075472523e-05
control,1,policy_cost_100m_cny,0.0,0.0,0.0,0.0,0.0
control,2,life_satisfaction,0.4511044275993659,0.4511113472350955,0.45111826687082507,0.4511113472350955,8.64954466195389e-06
control,2,government_trust,0.6206884357915706,0.6207752522266909,0.6208620686618112,0.6207752522266909,0.00010852054390037003
control,2,economic_confidence,0.540407719082912,0.5406665392961123,0.5409253595093125,0.5406665392961123,0.000323525266500313
control,2,consumption_index,0.5359654481762617,0.536095933913151,0.5362264196500405,0.536095933913151,0.00016310717111173156
control,2,employment_rate,0.9319567900505503,0.9319674338693817,0.9319780776882132,0.9319674338693817,1.3304773539335457e-05
control,2,congestion_index,0.757733470361184,0.7586162512147419,0.7594990320682998,0.7586162512147419,0.0011034760669474397
control,2,health_system_load,0.6810210673760544,0.6817509865667084,0.6824809057573623,0.6817509865667084,0.0009123989883174644
control,2,rumor_belief,0.0865123255744772,0.08754335085277909,0.08857437613108098,0.08754335085277909,0.0012887815978773615
control,2,stress,0.41904648870902383,0.41908177364578514,0.4191170585825464,0.41908177364578514,4.4106170951602186e-05
control,2,commute_minutes,24.601630963207082,24.60777950502605,24.613928046845015,24.60777950502605,0.007685677273705949
control,2,organization_vitality,0.819710149345502,0.8197306861796178,0.8197512230137335,0.8197306861796178,2.567104264461495e-05
control,2,public_service_reliability,0.8387351665353041,0.8387647536726865,0.838794340810069,0.8387647536726865,3.698392172801768e-05
control,2,policy_cost_100m_cny,0.0,0.0,0.0,0.0,0.0
control,3,life_satisfaction,0.4207064074856391,0.42071216364136504,0.420717919797091,0.42071216364136504,7.1951946574166925e-06
control,3,government_trust,0.5997136949155042,0.5998299055346246,0.5999461161537449,0.5998299055346246,0.00014526327390051996
control,3,economic_confidence,0.5237798293369822,0.5240225548109247,0.5242652802848674,0.5240225548109247,0.00030340684242818883
control,3,consumption_index,0.48187554607592104,0.48201159160126655,0.48214763712661207,0.48201159160126655,0.00017005690668187023
control,3,employment_rate,0.9319612089419044,0.9319731194705345,0.9319850299991648,0.9319731194705345,1.4888160787707161e-05
control,3,congestion_index,0.7583248942495261,0.759251098768151,0.7601773032867759,0.759251098768151,0.0011577556482811335
control,3,health_system_load,0.6816147359559355,0.6822785326173533,0.6829423292787711,0.6822785326173533,0.0008297458267722546
control,3,rumor_belief,0.06859590296913064,0.06942645779763298,0.07025701262613535,0.06942645779763298,0.0010381935356279445
control,3,stress,0.4325201936534475,0.4325245652497015,0.4325289368459555,0.4325245652497015,5.464495317519802e-06
control,3,commute_minutes,24.605783144375522,24.6122043592109,24.618625574046273,24.6122043592109,0.00802651854421832
control,3,organization_vitality,0.8195275403847719,0.8195468450088407,0.8195661496329094,0.8195468450088407,2.4130780085895864e-05
control,3,public_service_reliability,0.8380101753468201,0.838042787583903,0.838075399820986,0.838042787583903,4.0765296353661995e-05
control,3,policy_cost_100m_cny,0.0,0.0,0.0,0.0,0.0
control,4,life_satisfaction,0.3909045463682853,0.39091691791608446,0.3909292894638836,0.39091691791608446,1.5464434748924116e-05
control,4,government_trust,0.580110882869591,0.580242143183068,0.5803734034965451,0.580242143183068,0.00016407539184631892
control,4,economic_confidence,0.5051664482782787,0.505624364231416,0.5060822801845534,0.505624364231416,0.0005723949414216389
control,4,consumption_index,0.4337199732067305,0.43388332198618984,0.4340466707656491,0.43388332198618984,0.000204185974324117
control,4,employment_rate,0.9304441057435904,0.9305486380733066,0.9306531704030229,0.9305486380733066,0.00013066541214529215
control,4,congestion_index,0.7578259608424192,0.7586895292919431,0.7595530977414671,0.7586895292919431,0.001079460561904999
control,4,health_system_load,0.6821783546353257,0.6827813024359313,0.6833842502365368,0.6827813024359313,0.0007536847507569333
control,4,rumor_belief,0.056639697947450184,0.057129590408736275,0.05761948287002236,0.057129590408736275,0.000612365576607609
control,4,stress,0.44372991346089574,0.44375158373882995,0.44377325401676415,0.44375158373882995,2.708784741775605e-05
control,4,commute_minutes,24.542095492179012,24.542352628593722,24.542609765008432,24.542352628593722,0.00032142051838590646
control,4,organization_vitality,0.8151967781293017,0.8155453317828811,0.8158938854364607,0.8155453317828811,0.0004356920669743025
control,4,public_service_reliability,0.837322736501427,0.8373579043125519,0.8373930721236769,0.8373579043125519,4.395976390619838e-05
control,4,policy_cost_100m_cny,0.0,0.0,0.0,0.0,0.0
control,5,life_satisfaction,0.3619250183161505,0.36193458352933316,0.3619441487425159,0.36193458352933316,1.1956516478367485e-05
control,5,government_trust,0.5617255464908064,0.5618739950317589,0.5620224435727115,0.5618739950317589,0.00018556067619068806
control,5,economic_confidence,0.48785375321507035,0.4880809165252056,0.48830807983534075,0.4880809165252056,0.00028395413766899025
control,5,consumption_index,0.3907966820836626,0.3909568597622245,0.3911170374407864,0.3909568597622245,0.00020022209820239056
control,5,employment_rate,0.9290202997442691,0.9290354779483532,0.9290506561524371,0.9290354779483532,1.8972755104929018e-05
control,5,congestion_index,0.7570544236729103,0.7580384971160166,0.7590225705591229,0.7580384971160166,0.001230091803882838
control,5,health_system_load,0.682713352488995,0.6832603327008206,0.6838073129126463,0.6832603327008206,0.0006837252647820535
control,5,rumor_belief,0.046918894725563494,0.047474256247903905,0.048029617770244316,0.047474256247903905,0.0006942019029255175
control,5,stress,0.4532001377274801,0.4532338587324594,0.45326757973743875,0.4532338587324594,4.2151256224198796e-05
control,5,commute_minutes,24.523389849549197,24.535317565680614,24.54724528181203,24.535317565680614,0.014909645164269847
control,5,organization_vitality,0.8115842357298251,0.8116143671857408,0.8116444986416566,0.8116143671857408,3.7664319894659126e-05
control,5,public_service_reliability,0.8366709536862323,0.8367082529984607,0.8367455523106891,0.8367082529984607,4.662414028544504e-05
control,5,policy_cost_100m_cny,0.0,0.0,0.0,0.0,0.0
control,6,life_satisfaction,0.33391444448617746,0.3339256469092412,0.33393684933230494,0.3339256469092412,1.4003028829701059e-05
control,6,government_trust,0.5444621217104978,0.5446190983628267,0.5447760750151558,0.5446190983628267,0.00019622081541120773
control,6,economic_confidence,0.47133324744573224,0.47166795020292807,0.47200265296012384,0.47166795020292807,0.00041837844649475486
control,6,consumption_index,0.35244149407382763,0.35261057264267387,0.3527796512115201,0.35261057264267387,0.00021134821105778245
control,6,employment_rate,0.9275173293578262,0.927577520766177,0.927637712174528,0.927577520766177,7.523926043861984e-05
control,6,congestion_index,0.7564232587353512,0.7573625774020754,0.7583018960687996,0.7573625774020754,0.0011741483334051783
control,6,health_system_load,0.6832210998668454,0.6837166293752235,0.6842121588836014,0.6837166293752235,0.0006194118854724873
control,6,rumor_belief,0.03930805003945446,0.03966015048160254,0.04001225092375062,0.03966015048160254,0.0004401255526851021
control,6,stress,0.46123960159132515,0.46127773466527955,0.46131586773923394,0.46127773466527955,4.766634244299239e-05
control,6,commute_minutes,24.53272311763829,24.536189439697523,24.539655761756755,24.536189439697523,0.0043329025740384
control,6,organization_vitality,0.8080158823900077,0.8082170035049872,0.8084181246199668,0.8082170035049872,0.0002514013937244264
control,6,public_service_reliability,0.8360530229574561,0.8360920713865354,0.8361311198156147,0.8360920713865354,4.881053634919752e-05
control,6,policy_cost_100m_cny,0.0,0.0,0.0,0.0,0.0
control,7,life_satisfaction,0.3069823665039664,0.30699207422650676,0.30700178194904715,0.30699207422650676,1.2134653175455146e-05
control,7,government_trust,0.5282144329807101,0.528378990631198,0.5285435482816859,0.528378990631198,0.00020569706310985536
control,7,economic_confidence,0.45584564867005595,0.45609113938534807,0.4563366301006402,0.45609113938534807,0.00030686339411514774
control,7,consumption_index,0.3181082266601754,0.31827489569706197,0.3184415647339485,0.31827489569706197,0.00020833629610816917
control,7,employment_rate,0.9260768861054292,0.9260897697162368,0.9261026533270444,0.9260897697162368,1.610451350952946e-05
control,7,congestion_index,0.7556719608827955,0.7566434024465428,0.7576148440102901,0.7566434024465428,0.0012143019546840828
control,7,health_system_load,0.6837029097521453,0.6841511671043287,0.684599424456512,0.6841511671043287,0.0005603216902292374
control,7,rumor_belief,0.03314771949682612,0.03348583617898321,0.033823952861140295,0.03348583617898321,0.00042264585269635724
control,7,stress,0.4680941619257642,0.4681335109195388,0.4681728599133134,0.4681335109195388,4.918624221827983e-05
control,7,commute_minutes,24.522469922495446,24.530926313471888,24.539382704448332,24.530926313471888,0.010570488720555105
control,7,organization_vitality,0.8048986958228485,0.8049848991626116,0.8050711025023747,0.8049848991626116,0.00010775417470393345
control,7,public_service_reliability,0.8354672284828625,0.8355076818572467,0.8355481352316309,0.8355076818572467,5.0566717980204956e-05
control,7,policy_cost_100m_cny,0.0,0.0,0.0,0.0,0.0
control,8,life_satisfaction,0.28117445882511544,0.2811824390213621,0.28119041921760873,0.2811824390213621,9.97524530832461e-06
control,8,government_trust,0.5128885263149044,0.5130577862543807,0.513227046193857,0.5130577862543807,0.00021157492434531466
control,8,economic_confidence,0.4407161147696652,0.4409427734617347,0.4411694321538042,0.4409427734617347,0.0002833233650868794
control,8,consumption_index,0.2872505140685286,0.2874130785523785,0.28757564303622846,0.2874130785523785,0.00020320560481240646
control,8,employment_rate,0.9243609500553095,0.9243724267774389,0.9243839034995682,0.9243724267774389,1.4345902661749843e-05
control,8,congestion_index,0.7547383468421435,0.7557241415071996,0.7567099361722556,0.7557241415071996,0.0012322433313200487
control,8,health_system_load,0.6841600392333379,0.6845648888649267,0.6849697384965157,0.6845648888649267,0.0005060620394860549
control,8,rumor_belief,0.02861463253179557,0.02888929012759968,0.029163947723403784,0.02888929012759968,0.00034332199475513477
control,8,stress,0.4739861491780326,0.4740256485657391,0.47406514795344556,0.4740256485657391,4.937423463308166e-05
control,8,commute_minutes,24.508475348266085,24.515357952833565,24.522240557401044,24.515357952833565,0.008603255709349611
control,8,organization_vitality,0.8013171537042435,0.8013908316140923,0.8014645095239412,0.8013908316140923,9.209738731102979e-05
control,8,public_service_reliability,0.8349119384625734,0.8349534876144811,0.8349950367663888,0.8349534876144811,5.193643988460339e-05
control,8,policy_cost_100m_cny,0.0,0.0,0.0,0.0,0.0
control,9,life_satisfaction,0.2533144795402218,0.2535526700993679,0.253790860658514,0.2535526700993679,0.00029773819893258446
control,9,government_trust,0.49463635470583306,0.49509706524409747,0.49555777578236193,0.49509706524409747,0.0005758881728305243
control,9,economic_confidence,0.42590548480583335,0.42610869496973924,0.4263119051336451,0.42610869496973924,0.0002540127048823171
control,9,consumption_index,0.2579703586860297,0.25800076022692775,0.2580311617678258,0.25800076022692775,3.8001926122577245e-05
control,9,employment_rate,0.9223785915011485,0.9223872146657093,0.9223958378302699,0.9223872146657093,1.0778955700840864e-05
control,9,congestion_index,0.7823985158718126,0.7841849336577595,0.7859713514437063,0.7841849336577595,0.002233022232433546
control,9,health_system_load,0.8096565708494332,0.821371683315175,0.8330867957809168,0.821371683315175,0.014643890582177244
control,9,rumor_belief,0.027700880349282298,0.028134485348929237,0.028568090348576176,0.028134485348929237,0.0005420062495586735
control,9,stress,0.502827941002933,0.5049697033956919,0.5071114657884508,0.5049697033956919,0.0026772029909485906
control,9,commute_minutes,25.26423163788457,25.327251070805985,25.3902705037274,25.327251070805985,0.07877429115177037
control,9,organization_vitality,0.7972820915072485,0.7973360176810271,0.7973899438548059,0.7973360176810271,6.74077172234111e-05
control,9,public_service_reliability,0.8332727754847166,0.8333989921475438,0.8335252088103708,0.8333989921475438,0.00015777082853390967
control,9,policy_cost_100m_cny,0.0,0.0,0.0,0.0,0.0
control,10,life_satisfaction,0.22487132012151745,0.22513076744104338,0.22539021476056928,0.22513076744104338,0.0003243091494073841
control,10,government_trust,0.47508320473591326,0.47557246454595764,0.476061724356002,0.47557246454595764,0.0006115747625554668
control,10,economic_confidence,0.4115453190274445,0.41177169281140674,0.411998066595369,0.41177169281140674,0.0002829672299528019
control,10,consumption_index,0.23031851969931347,0.23034859533191923,0.230378670964525,0.23034859533191923,3.7594540757218686e-05
control,10,employment_rate,0.9202572743037767,0.9202669756192892,0.9202766769348018,0.9202669756192892,1.212664439059763e-05
control,10,congestion_index,0.7758971647725977,0.7787488899162407,0.7816006150598835,0.7787488899162407,0.00356465642955367
control,10,health_system_load,0.9195855926957236,0.9217621280199982,0.9239386633442729,0.9217621280199982,0.0027206691553433027
control,10,rumor_belief,0.027131565249113764,0.027297677474416665,0.027463789699719562,0.027297677474416665,0.00020764028162862345
control,10,stress,0.5274427781661728,0.5277821577992468,0.5281215374323208,0.5277821577992468,0.0004242245413424439
control,10,commute_minutes,25.118263206806834,25.17462140406907,25.23097960133131,25.17462140406907,0.0704477465777984
control,10,organization_vitality,0.7930421808582755,0.7931433427886634,0.7932445047190514,0.7931433427886634,0.00012645241298497867
control,10,public_service_reliability,0.8320279377519337,0.8320896982025119,0.83215145865309,0.8320896982025119,7.72005632226902e-05
control,10,policy_cost_100m_cny,0.0,0.0,0.0,0.0,0.0
control,11,life_satisfaction,0.19541142147423662,0.1957759963133547,0.1961405711524728,0.1957759963133547,0.00045571854889761565
control,11,government_trust,0.4535909002221044,0.45420938678284783,0.45482787334359126,0.45420938678284783,0.0007731082009292956
control,11,economic_confidence,0.39820397254393447,0.39844261052331187,0.3986812485026892,0.39844261052331187,0.0002982974742216926
control,11,consumption_index,0.20418203277052943,0.2041930928635006,0.20420415295647176,0.2041930928635006,1.3825116213950217e-05
control,11,employment_rate,0.9182444720182521,0.9182532428922325,0.9182620137662129,0.9182532428922325,1.096359247548806e-05
control,11,congestion_index,0.7852945356606026,0.7853352513424621,0.7853759670243216,0.7853352513424621,5.089460232432508e-05
control,11,health_system_load,1.030703734772361,1.036961763447375,1.0432197921223885,1.036961763447375,0.00782253584376702
control,11,rumor_belief,0.026642115975951196,0.02682775337425823,0.02701339077256527,0.02682775337425823,0.00023204674788379794
control,11,stress,0.5510973428464062,0.5521402395479311,0.5531831362494561,0.5521402395479311,0.0013036208769062196
control,11,commute_minutes,25.309928327423492,25.328932237023523,25.34793614662355,25.328932237023523,0.023754887000036362
control,11,organization_vitality,0.7894677412016198,0.7895999372186948,0.7897321332357697,0.7895999372186948,0.00016524502134368513
control,11,public_service_reliability,0.8305783120012384,0.8306693770651234,0.8307604421290086,0.8306693770651234,0.00011383132985637312
control,11,policy_cost_100m_cny,0.0,0.0,0.0,0.0,0.0
control,12,life_satisfaction,0.16559379122780346,0.16612194553725182,0.16665009984670018,0.16612194553725182,0.0006601928868104623
control,12,government_trust,0.43083667776336376,0.43166041872770533,0.43248415969204684,0.43166041872770533,0.0010296762054269049
control,12,economic_confidence,0.38544275116326676,0.38569769292387035,0.3859526346844739,0.38569769292387035,0.0003186772007544303
control,12,consumption_index,0.1795855201168438,0.17965760293671412,0.17972968575658446,0.17965760293671412,9.010352483791728e-05
control,12,employment_rate,0.9161608929912033,0.9161656619158538,0.9161704308405043,0.9161656619158538,5.961155813138941e-06
control,12,congestion_index,0.7832349469678402,0.7832740334252809,0.7833131198827216,0.7832740334252809,4.885807180088353e-05
control,12,health_system_load,1.1211275114893071,1.1307401165611655,1.1403527216330236,1.1307401165611655,0.01201575633982277
control,12,rumor_belief,0.02613505788109564,0.026324842227900457,0.026514626574705272,0.026324842227900457,0.00023723043350602074
control,12,stress,0.5700326934743354,0.5716186179511547,0.573204542427974,0.5716186179511547,0.001982405596024084
control,12,commute_minutes,25.24584702528253,25.26310142737264,25.280355829462753,25.26310142737264,0.021568002612641024
control,12,organization_vitality,0.7859647822919361,0.786132732006417,0.7863006817208978,0.786132732006417,0.0002099371431010244
control,12,public_service_reliability,0.829275649286887,0.8293916856814514,0.8295077220760159,0.8293916856814514,0.00014504549320554228
control,12,policy_cost_100m_cny,0.0,0.0,0.0,0.0,0.0
control,13,life_satisfaction,0.13555421645807458,0.1362478456733758,0.13694147488867703,0.1362478456733758,0.000867036519126535
control,13,government_trust,0.40640462828591395,0.4074532463638162,0.40850186444171843,0.4074532463638162,0.0013107725973778017
control,13,economic_confidence,0.3729535771635332,0.37302332123437965,0.373093065305226,0.37302332123437965,8.718008855798653e-05
control,13,consumption_index,0.1563818577133368,0.15654027471637905,0.1566986917194213,0.15654027471637905,0.00019802125380280478
control,13,employment_rate,0.9136867323209776,0.9137743429940295,0.9138619536670815,0.9137743429940295,0.00010951334131487078
control,13,congestion_index,0.7836554002833395,0.7841640188019234,0.7846726373205075,0.7841640188019234,0.00063577314822999
control,13,health_system_load,1.2193242995960292,1.2306515734427808,1.2419788472895323,1.2306515734427808,0.01415909230843948
control,13,rumor_belief,0.041082391438265066,0.04141897452288847,0.04175555760751188,0.04141897452288847,0.0004207288557792552
control,13,stress,0.5901436060152254,0.5919338085123007,0.5937240110093759,0.5919338085123007,0.002237753121344055
control,13,commute_minutes,25.276934549861995,25.280947106417628,25.28495966297326,25.280947106417628,0.005015695694542188
control,13,organization_vitality,0.7819623256079862,0.782049489089069,0.7821366525701519,0.782049489089069,0.00010895435135349629
control,13,public_service_reliability,0.8279459338740829,0.828075891979497,0.8282058500849113,0.828075891979497,0.00016244763176781474
control,13,policy_cost_100m_cny,0.0,0.0,0.0,0.0,0.0
control,14,life_satisfaction,0.10690278044919038,0.10733713112315554,0.10777148179712069,0.10733713112315554,0.000542938342456438
control,14,government_trust,0.3811160425089358,0.3818994424281101,0.38268284234728434,0.3818994424281101,0.0009792498989678045
control,14,economic_confidence,0.3608405914077112,0.36097051006202974,0.3611004287163483,0.36097051006202974,0.0001623983178982158
control,14,consumption_index,0.13583122128300076,0.13586917724761588,0.135907133212231,0.13586917724761588,4.74449557688883e-05
control,14,employment_rate,0.9111407450480742,0.9113209393646733,0.9115011336812725,0.9113209393646733,0.00022524289574893386
control,14,congestion_index,0.7791024412182613,0.7844137739882154,0.7897251067581695,0.7844137739882154,0.006639165962442628
control,14,health_system_load,1.3159483927176425,1.3237980958076312,1.3316477988976196,1.3237980958076312,0.009812128862485614
control,14,rumor_belief,0.054732031612438815,0.055051967034475846,0.05537190245651288,0.055051967034475846,0.0003999192775462901
control,14,stress,0.6093945385344596,0.6108338138973839,0.6122730892603083,0.6108338138973839,0.0017990942036554824
control,14,commute_minutes,25.170285590384673,25.284470002453503,25.398654414522333,25.284470002453503,0.14273051508603807
control,14,organization_vitality,0.7778370168478919,0.7781956855792254,0.778554354310559,0.7781956855792254,0.00044833591416687524
control,14,public_service_reliability,0.8268020602846775,0.8268085845156177,0.8268151087465578,0.8268085845156177,8.15528867514903e-06
control,14,policy_cost_100m_cny,0.0,0.0,0.0,0.0,0.0
control,15,life_satisfaction,0.08207344279555942,0.08228691142216782,0.0825003800487762,0.08228691142216782,0.00026683578326048424
control,15,government_trust,0.3546629691743982,0.3552139504247597,0.3557649316751211,0.3552139504247597,0.0006887265629517969
control,15,economic_confidence,0.3495804972201419,0.3495914345380256,0.3496023718559093,0.3495914345380256,1.3671647354662753e-05
control,15,consumption_index,0.12099320589762914,0.1210404404729545,0.12108767504827984,0.1210404404729545,5.904321915668753e-05
control,15,employment_rate,0.9088053653490545,0.9089042650375023,0.9090031647259501,0.9089042650375023,0.00012362461055970275
control,15,congestion_index,0.7851038147201352,0.7862635113218239,0.7874232079235125,0.7862635113218239,0.0014496207521108029
control,15,health_system_load,1.4088888637014207,1.4162229978008718,1.4235571319003228,1.4162229978008718,0.009167667624313758
control,15,rumor_belief,0.06422093822372528,0.06432425359391096,0.06442756896409664,0.06432425359391096,0.0001291442127321074
control,15,stress,0.6278128924886561,0.6291200940362741,0.6304272955838921,0.6291200940362741,0.0016340019345224555
control,15,commute_minutes,25.322170977681314,25.328581322026487,25.334991666371664,25.328581322026487,0.00801293043146778
control,15,organization_vitality,0.7745118121808867,0.7746808582268285,0.7748499042727703,0.7746808582268285,0.00021130755742726492
control,15,public_service_reliability,0.8255480889394352,0.8255540426524443,0.8255599963654533,0.8255540426524443,7.442141261249091e-06
control,15,policy_cost_100m_cny,0.0,0.0,0.0,0.0,0.0
control,16,life_satisfaction,0.06323770506492661,0.06341323941172794,0.06358877375852927,0.06341323941172794,0.00021941793350166439
control,16,government_trust,0.3273251759114849,0.3279107147478406,0.3284962535841963,0.3279107147478406,0.0007319235454446016
control,16,economic_confidence,0.3388639324983556,0.33895781004139935,0.33905168758444315,0.33895781004139935,0.00011734692880469022
control,16,consumption_index,0.11138160275339185,0.11140947164381179,0.11143734053423175,0.11140947164381179,3.4836113024939996e-05
control,16,employment_rate,0.9064367143405095,0.9065803207165263,0.906723927092543,0.9065803207165263,0.0001795079700208646
control,16,congestion_index,0.7841433516539773,0.7847942187820572,0.7854450859101372,0.7847942187820572,0.000813583910099891
control,16,health_system_load,1.4898458133016526,1.492625798878525,1.4954057844553974,1.492625798878525,0.0034749819710906404
control,16,rumor_belief,0.07195987828464671,0.07209628964559672,0.07223270100654672,0.07209628964559672,0.00017051420118750077
control,16,stress,0.6440143331213833,0.6443306072569801,0.6446468813925768,0.6443306072569801,0.0003953426694958684
control,16,commute_minutes,25.2486393515016,25.287795839714313,25.326952327927028,25.287795839714313,0.048945610265892725
control,16,organization_vitality,0.7713649194550305,0.7716379801248416,0.7719110407946528,0.7716379801248416,0.0003413258372639283
control,16,public_service_reliability,0.8243443191882464,0.8244101372905647,0.824475955392883,0.8244101372905647,8.227262789783918e-05
control,16,policy_cost_100m_cny,0.0,0.0,0.0,0.0,0.0
control,17,life_satisfaction,0.048458278728775096,0.04861848630379661,0.04877869387881812,0.04861848630379661,0.0002002594687768866
control,17,government_trust,0.299686669274523,0.30021354625355223,0.30074042323258154,0.30021354625355223,0.0006585962237865839
control,17,economic_confidence,0.32854585829678645,0.32886880510830785,0.3291917519198293,0.32886880510830785,0.0004036835144017592
control,17,consumption_index,0.1032031974273222,0.10322279463498062,0.10324239184263903,0.10322279463498062,2.449650957302152e-05
control,17,employment_rate,0.9039770687972442,0.904227090358863,0.9044771119204819,0.904227090358863,0.00031252695202349523
control,17,congestion_index,0.7835843279749302,0.7854517252437658,0.7873191225126015,0.7854517252437658,0.0023342465860445305
control,17,health_system_load,1.565001801384047,1.5651625741370672,1.5653233468900871,1.5651625741370672,0.0002009659412750553
control,17,rumor_belief,0.07521541203536013,0.07648895079128555,0.07776248954721098,0.07648895079128555,0.001591923444906787
control,17,stress,0.6582137007208562,0.6583665478683849,0.6585193950159137,0.6583665478683849,0.0001910589344110147
control,17,commute_minutes,25.2800165621885,25.304462928380225,25.328909294571947,25.304462928380225,0.03055795773965464
control,17,organization_vitality,0.76821946808376,0.7688061521745466,0.7693928362653333,0.7688061521745466,0.0007333551134832694
control,17,public_service_reliability,0.823255143790195,0.8233046408841109,0.8233541379780269,0.8233046408841109,6.187136739493893e-05
control,17,policy_cost_100m_cny,0.0,0.0,0.0,0.0,0.0
control,18,life_satisfaction,0.03525797807128833,0.03538958539906446,0.0355211927268406,0.03538958539906446,0.0001645091597201713
control,18,government_trust,0.2719408828155707,0.2723942406803592,0.2728475985451477,0.2723942406803592,0.0005666973309856049
control,18,economic_confidence,0.3188876002889095,0.3190251308338824,0.3191626613788553,0.3190251308338824,0.0001719131812161212
control,18,consumption_index,0.09554644796625666,0.09556746086080184,0.09558847375534703,0.09556746086080184,2.6266118181482445e-05
control,18,employment_rate,0.901611700447142,0.9017733871272988,0.9019350738074556,0.9017733871272988,0.00020210835019607298
control,18,congestion_index,0.7827613591650393,0.7837482237698059,0.7847350883745724,0.7837482237698059,0.0012335807559581968
control,18,health_system_load,1.6267820410850935,1.6271961113239226,1.627610181562752,1.6271961113239226,0.0005175877985365007
control,18,rumor_belief,0.08019526072416565,0.08154060255093018,0.0828859443776947,0.08154060255093018,0.0016816772834556612
control,18,stress,0.6700329659772086,0.6703160644201183,0.6705991628630279,0.6703160644201183,0.0003538730536370993
control,18,commute_minutes,25.261281295806544,25.26533396616783,25.269386636529116,25.26533396616783,0.005065837951608643
control,18,organization_vitality,0.7654832747186896,0.7657835133808973,0.7660837520431051,0.7657835133808973,0.00037529832775962113
control,18,public_service_reliability,0.8222339373373835,0.8222789568538855,0.8223239763703876,0.8222789568538855,5.627439562755354e-05
control,18,policy_cost_100m_cny,0.0,0.0,0.0,0.0,0.0
control,19,life_satisfaction,0.02514682912262602,0.025240390163548773,0.02533395120447153,0.025240390163548773,0.00011695130115344475
control,19,government_trust,0.24815884486359782,0.24854293737283928,0.24892702988208076,0.24854293737283928,0.0004801156365518283
control,19,economic_confidence,0.3101929427761023,0.31034058639921636,0.3104882300223304,0.31034058639921636,0.0001845545288925443
control,19,consumption_index,0.08921866562018367,0.08924161259562735,0.08926455957107103,0.08924161259562735,2.868371930460356e-05
control,19,employment_rate,0.8994527562350833,0.8996235235910615,0.8997942909470396,0.8996235235910615,0.00021345919497267607
control,19,congestion_index,0.7564634491718973,0.7575467109032556,0.7586299726346141,0.7575467109032556,0.001354077164197942
control,19,health_system_load,1.5296131041298844,1.5301377048250955,1.5306623055203068,1.5301377048250955,0.0006557508690140379
control,19,rumor_belief,0.08164774022285679,0.0828942849562332,0.08414082968960962,0.0828942849562332,0.0015581809167205252
control,19,stress,0.6575236887471623,0.6578543002982344,0.6581849118493066,0.6578543002982344,0.0004132644388402662
control,19,commute_minutes,24.527469813955804,24.535170273558236,24.54287073316067,24.535170273558236,0.009625574503040468
control,19,organization_vitality,0.7636156321521714,0.7639165067636564,0.7642173813751414,0.7639165067636564,0.00037609326435616985
control,19,public_service_reliability,0.8221847646178156,0.8222280063033606,0.8222712479889055,0.8222280063033606,5.405210693121276e-05
control,19,policy_cost_100m_cny,0.0,0.0,0.0,0.0,0.0
control,20,life_satisfaction,0.017719918029978167,0.017785390976871943,0.017850863923765718,0.017785390976871943,8.184118361722129e-05
control,20,government_trust,0.2278457759960492,0.2282051939365899,0.22856461187713056,0.2282051939365899,0.0004492724256758701
control,20,economic_confidence,0.30234136953555485,0.30244398309917075,0.3025465966627866,0.30244398309917075,0.0001282669545198678
control,20,consumption_index,0.08399109803190984,0.08401385150514146,0.08403660497837308,0.08401385150514146,2.8441841539522672e-05
control,20,employment_rate,0.8975006390228281,0.8976549886199422,0.8978093382170563,0.8976549886199422,0.00019293699639266748
control,20,congestion_index,0.7544135230661256,0.7554631557480715,0.7565127884300175,0.7554631557480715,0.0013120408524324167
control,20,health_system_load,1.443778449712268,1.443880741469072,1.4439830332258758,1.443880741469072,0.0001278646960047869
control,20,rumor_belief,0.08221223691945384,0.0824472338488267,0.08268223077819956,0.0824472338488267,0.0002937461617160686
control,20,stress,0.6466167247120239,0.6468299925280359,0.6470432603440478,0.6468299925280359,0.00026658477001495484
control,20,commute_minutes,24.52374145150119,24.529206059967684,24.534670668434178,24.529206059967684,0.006830760583117268
control,20,organization_vitality,0.7624587585541355,0.7626814354092168,0.7629041122642983,0.7626814354092168,0.0002783460688517425
control,20,public_service_reliability,0.8221468456776263,0.8221927050630691,0.8222385644485117,0.8221927050630691,5.7324231803435044e-05
control,20,policy_cost_100m_cny,0.0,0.0,0.0,0.0,0.0
control,21,life_satisfaction,0.012597616630085873,0.0126350762985321,0.01267253596697833,0.0126350762985321,4.682458555778454e-05
control,21,government_trust,0.21120255639567734,0.21154087158444912,0.2118791867732209,0.21154087158444912,0.00042289398596473404
control,21,economic_confidence,0.29511832545463745,0.2952686493978339,0.2954189733410304,0.2952686493978339,0.00018790492899556366
control,21,consumption_index,0.07975305899517598,0.0797728938378108,0.07979272868044564,0.0797728938378108,2.479355329352423e-05
control,21,employment_rate,0.8957230287098497,0.8958845693830932,0.8960461100563368,0.8958845693830932,0.00020192584155442894
control,21,congestion_index,0.7525187941414483,0.7535495007471273,0.7545802073528064,0.7535495007471273,0.0012883832570987908
control,21,health_system_load,1.3575192684249497,1.3575949774858347,1.3576706865467199,1.3575949774858347,9.463632610640094e-05
control,21,rumor_belief,0.0673699268136271,0.06751816273768158,0.06766639866173604,0.06751816273768158,0.0001852949050680855
control,21,stress,0.634695367368687,0.6348899362905313,0.6350845052123755,0.6348899362905313,0.00024321115230530044
control,21,commute_minutes,24.507082124655234,24.51520605576721,24.523329986879187,24.51520605576721,0.010154913889971695
control,21,organization_vitality,0.7617179894237536,0.7619984046819896,0.7622788199402257,0.7619984046819896,0.00035051907279504135
control,21,public_service_reliability,0.8221862637888873,0.8222310111830664,0.8222757585772456,0.8222310111830664,5.593424272387626e-05
control,21,policy_cost_100m_cny,0.0,0.0,0.0,0.0,0.0
control,22,life_satisfaction,0.009093178819717938,0.009127149011179852,0.009161119202641765,0.009127149011179852,4.246273932739103e-05
control,22,government_trust,0.1976690735500638,0.19799288837508774,0.1983167032001117,0.19799288837508774,0.0004047685312799365
control,22,economic_confidence,0.2881022591602693,0.2884113107464502,0.28872036233263115,0.2884113107464502,0.0003863144827261078
control,22,consumption_index,0.07632704647946613,0.07633066325077381,0.07633428002208148,0.07633066325077381,4.52096413459252e-06
control,22,employment_rate,0.8938293480556971,0.8940685477712316,0.894307747486766,0.8940685477712316,0.00029899964441804094
control,22,congestion_index,0.7505484848952307,0.7516113748737815,0.7526742648523322,0.7516113748737815,0.0013286124731883842
control,22,health_system_load,1.2817249820419843,1.2817801574347274,1.2818353328274705,1.2817801574347274,6.896924092902879e-05
control,22,rumor_belief,0.05570074285644571,0.055709643920709144,0.05571854498497258,0.055709643920709144,1.1126330329291889e-05
control,22,stress,0.6237043554388884,0.6238739486252419,0.6240435418115955,0.6238739486252419,0.00021199148294193115
control,22,commute_minutes,24.49004432108835,24.501209951571894,24.51237558205544,24.501209951571894,0.013957038104431163
control,22,organization_vitality,0.760806127121067,0.7613049341615551,0.7618037412020432,0.7613049341615551,0.0006235088006101286
control,22,public_service_reliability,0.822231223082358,0.8222748268304372,0.8223184305785165,0.8222748268304372,5.450468509909934e-05
control,22,policy_cost_100m_cny,0.0,0.0,0.0,0.0,0.0
control,23,life_satisfaction,0.006744129071330019,0.006776931362056008,0.006809733652781997,0.006776931362056008,4.100286340748662e-05
control,23,government_trust,0.18678422704828998,0.18708703164321086,0.18738983623813174,0.18708703164321086,0.0003785057436511141
control,23,economic_confidence,0.2818064069679398,0.2818854349157297,0.2819644628635196,0.2818854349157297,9.87849347373615e-05
control,23,consumption_index,0.07352864674111287,0.07353240727528226,0.07353616780945164,0.07353240727528226,4.700667711736439e-06
control,23,employment_rate,0.8921532662954438,0.8922910064789719,0.8924287466624999,0.8922910064789719,0.00017217522941004315
control,23,congestion_index,0.748741894573402,0.7496980985412879,0.7506543025091738,0.7496980985412879,0.0011952549598573947
control,23,health_system_load,1.2150901745174436,1.2151294946817943,1.2151688148461453,1.2151294946817943,4.9150205438608374e-05
control,23,rumor_belief,0.046198245745342176,0.04635887960452327,0.04651951346370436,0.04635887960452327,0.00020079232397636135
control,23,stress,0.613641238378033,0.6137923881528562,0.6139435379276794,0.6137923881528562,0.00018893721852897283
control,23,commute_minutes,24.48690203428088,24.48790170822072,24.488901382160556,24.48790170822072,0.0012495924247986068
control,23,organization_vitality,0.7604726931454395,0.7606306757838518,0.7607886584222641,0.7606306757838518,0.0001974782980153078
control,23,public_service_reliability,0.8222809167109719,0.8223233529598644,0.8223657892087568,0.8223233529598644,5.304531111560706e-05
control,23,policy_cost_100m_cny,0.0,0.0,0.0,0.0,0.0
control,24,life_satisfaction,0.005186024964936447,0.005212597228404852,0.005239169491873257,0.005212597228404852,3.3215329335506416e-05
control,24,government_trust,0.1781398350934015,0.17842213092196335,0.1787044267505252,0.17842213092196335,0.0003528697857023144
control,24,economic_confidence,0.275795633213021,0.2758326263062167,0.2758696193994124,0.2758326263062167,4.6241366494614855e-05
control,24,consumption_index,0.07124720931278597,0.07125181510088546,0.07125642088898494,0.07125181510088546,5.757235124352611e-06
control,24,employment_rate,0.8904193982212957,0.890528571690993,0.8906377451606904,0.890528571690993,0.00013646683712170704
control,24,congestion_index,0.7469207039309461,0.7478163798959228,0.7487120558608995,0.7478163798959228,0.0011195949562208818
control,24,health_system_load,1.1564745278187945,1.1565016048428007,1.1565286818668072,1.1565016048428007,3.384628000790979e-05
control,24,rumor_belief,0.038734201239744394,0.038893315616404786,0.03905242999306517,0.038893315616404786,0.0001988929708254851
control,24,stress,0.6044868036370187,0.604627302704893,0.6047678017727671,0.604627302704893,0.00017562383484276411
control,24,commute_minutes,24.471845930579917,24.476812633008286,24.48177933543666,24.476812633008286,0.0062083780354615925
control,24,organization_vitality,0.7600009623490032,0.760090859774267,0.7601807571995309,0.760090859774267,0.00011237178157985639
control,24,public_service_reliability,0.8223346147010555,0.8223758665771708,0.8224171184532859,0.8223758665771708,5.156484514395876e-05
control,24,policy_cost_100m_cny,0.0,0.0,0.0,0.0,0.0
control,25,life_satisfaction,0.004159225014893804,0.004179373896391936,0.004199522777890067,0.004179373896391936,2.5186101872664776e-05
control,25,government_trust,0.17147454349652141,0.1717381214154081,0.17200169933429477,0.1717381214154081,0.0003294723986083381
control,25,economic_confidence,0.2728012640888407,0.2728353819256265,0.27286949976241237,0.2728353819256265,4.264729598227324e-05
control,25,consumption_index,0.06954297910635394,0.06954810277347506,0.06955322644059617,0.06954810277347506,6.404583901394034e-06
control,25,employment_rate,0.8900954191475322,0.890185998279972,0.890276577412412,0.890185998279972,0.00011322391554985378
control,25,congestion_index,0.7462602956858628,0.7471195811759153,0.7479788666659678,0.7471195811759153,0.0010741068625655381
control,25,health_system_load,1.1048818496520005,1.1048994676451027,1.1049170856382051,1.1048994676451027,2.2022491377726716e-05
control,25,rumor_belief,0.03074480381123348,0.030871132158389,0.03099746050554452,0.030871132158389,0.0001579104339444002
control,25,stress,0.5961096281671615,0.5962406173477158,0.5963716065282701,0.5962406173477158,0.0001637364756928994
control,25,commute_minutes,24.533822455194596,24.539566129362463,24.545309803530326,24.539566129362463,0.0071795927098303736
control,25,organization_vitality,0.763400904608063,0.7634854081878111,0.7635699117675591,0.7634854081878111,0.0001056294746850095
control,25,public_service_reliability,0.8223916576321698,0.8224317144897447,0.8224717713473196,0.8224317144897447,5.007107196863814e-05
control,25,policy_cost_100m_cny,0.0,0.0,0.0,0.0,0.0
control,26,life_satisfaction,0.0034956586416061055,0.0035145779220183875,0.00353349720243067,0.0035145779220183875,2.3649100515352487e-05
control,26,government_trust,0.16647671758033766,0.1667231629062891,0.16696960823224055,0.1667231629062891,0.00030805665743929844
control,26,economic_confidence,0.27004372595036086,0.27007658984614424,0.2701094537419276,0.27007658984614424,4.107986972920474e-05
control,26,consumption_index,0.06829858164906326,0.0683035997000136,0.06830861775096392,0.0683035997000136,6.27256368791046e-06
control,26,employment_rate,0.8897756668368966,0.8898590012902379,0.8899423357435793,0.8898590012902379,0.00010416806667662426
control,26,congestion_index,0.745603276376557,0.7464326744225264,0.7472620724684957,0.7464326744225264,0.001036747557461748
control,26,health_system_load,1.059441747251135,1.0594520488137595,1.0594623503763843,1.0594520488137595,1.2876953280671621e-05
control,26,rumor_belief,0.024408667525818956,0.02450898968223408,0.024609311838649204,0.02450898968223408,0.0001254026955189065
control,26,stress,0.5884263991602654,0.588548079699047,0.5886697602378285,0.588548079699047,0.00015210067347687373
control,26,commute_minutes,24.52921715733985,24.534753753290545,24.540290349241243,24.534753753290545,0.006920744938367918
control,26,organization_vitality,0.7665968503315792,0.7666762836965424,0.7667557170615056,0.7666762836965424,9.929170620404104e-05
control,26,public_service_reliability,0.8224514507986265,0.822490307533132,0.8225291642676377,0.822490307533132,4.8570918131984886e-05
control,26,policy_cost_100m_cny,0.0,0.0,0.0,0.0,0.0
control,27,life_satisfaction,0.0030711350310236806,0.0030849445786083033,0.003098754126192926,0.0030849445786083033,1.72619344807781e-05
control,27,government_trust,0.1628808376882956,0.16311154232505398,0.16334224696181238,0.16311154232505398,0.00028838079594797894
control,27,economic_confidence,0.2675015640282383,0.26753287405723214,0.26756418408622595,0.26753287405723214,3.91375362422397e-05
control,27,consumption_index,0.06741529724318397,0.06742096327217634,0.06742662930116869,0.06742096327217634,7.082536240453352e-06
control,27,employment_rate,0.8894800187520286,0.8895819429391019,0.8896838671261751,0.8895819429391019,0.00012740523384147107
control,27,congestion_index,0.7449896644462559,0.745808267201048,0.7466268699558402,0.745808267201048,0.0010232534434901353
control,27,health_system_load,1.0193936221611077,1.0193982540018167,1.0194028858425255,1.0193982540018167,5.789800886168983e-06
control,27,rumor_belief,0.019382787687458276,0.019462477055290892,0.019542166423123508,0.019462477055290892,9.961170979077075e-05
control,27,stress,0.5814189660379111,0.5815306810054517,0.5816423959729924,0.5815306810054517,0.0001396437094258185
control,27,commute_minutes,24.524908328446514,24.53037344892958,24.535838569412643,24.53037344892958,0.006831400603831028
control,27,organization_vitality,0.7696010393116843,0.7696757066747498,0.7697503740378153,0.7696757066747498,9.333420383184077e-05
control,27,public_service_reliability,0.8225134588176326,0.8225511152391498,0.822588771660667,0.8225511152391498,4.7070526896564324e-05
control,27,policy_cost_100m_cny,0.0,0.0,0.0,0.0,0.0
control,28,life_satisfaction,0.0027985244203885917,0.0028095009548289676,0.0028204774892693434,0.0028095009548289676,1.3720668050469596e-05
control,28,government_trust,0.1604602939403219,0.16067653849966707,0.16089278305901222,0.16067653849966707,0.0002703056991814473
control,28,economic_confidence,0.2651325577339852,0.26516635907119146,0.2652001604083978,0.26516635907119146,4.2251671507870237e-05
control,28,consumption_index,0.06681407467275079,0.0668197584470193,0.06682544222128782,0.0668197584470193,7.104717835645924e-06
control,28,employment_rate,0.8892322643470687,0.8893507536853917,0.8894692430237147,0.8893507536853917,0.00014811167290368354
control,28,congestion_index,0.7443922719380937,0.7452152718030535,0.7460382716680133,0.7452152718030535,0.0010287498311998267
control,28,health_system_load,0.9840726981952617,0.9840729246344819,0.9840731510737023,0.9840729246344819,2.83049025384674e-07
control,28,rumor_belief,0.01539541942003733,0.015458735370136223,0.015522051320235116,0.015458735370136223,7.914493762361564e-05
control,28,stress,0.575055490546496,0.5751562558076242,0.5752570210687524,0.5751562558076242,0.0001259565764102355
control,28,commute_minutes,24.520734681662535,24.52623629594949,24.531737910236448,24.52623629594949,0.006877017858695211
control,28,organization_vitality,0.7724249769529834,0.7724951642742648,0.7725653515955463,0.7724951642742648,8.773415160184816e-05
control,28,public_service_reliability,0.8225772006514831,0.8226136609133263,0.8226501211751696,0.8226136609133263,4.557532730403713e-05
control,28,policy_cost_100m_cny,0.0,0.0,0.0,0.0,0.0
control,29,life_satisfaction,0.0026324319936532926,0.0026431889560654736,0.0026539459184776546,0.0026431889560654736,1.3446203015226449e-05
control,29,government_trust,0.15902181677933538,0.1592247324091981,0.1594276480390608,0.1592247324091981,0.00025364453732838743
control,29,economic_confidence,0.2629176393672678,0.262953007182936,0.2629883749986043,0.262953007182936,4.4209769585273895e-05
control,29,consumption_index,0.06643017519374785,0.06643532139890791,0.06644046760406798,0.06643532139890791,6.4327564500837875e-06
control,29,employment_rate,0.8889908820740275,0.889077619198843,0.8891643563236584,0.889077619198843,0.00010842140601929895
control,29,congestion_index,0.7438287773883827,0.7446073280350747,0.7453858786817668,0.7446073280350747,0.0009731883083650694
control,29,health_system_load,0.9528914110002247,0.952894619736486,0.9528978284727474,0.952894619736486,4.010920326646961e-06
control,29,rumor_belief,0.012231286860266219,0.012281606319625188,0.012331925778984155,0.012281606319625188,6.289932419871035e-05
control,29,stress,0.5693019865663141,0.5693940964599109,0.5694862063535078,0.5693940964599109,0.00011513736699603205
control,29,commute_minutes,24.51675140583849,24.521969207072758,24.527187008307028,24.521969207072758,0.006522251542834923
control,29,organization_vitality,0.7750794783358044,0.775145454417809,0.7752114304998137,0.775145454417809,8.24701025058383e-05
control,29,public_service_reliability,0.8226422450135278,0.8226775170917404,0.8227127891699532,0.8226775170917404,4.4090097765903113e-05
control,29,policy_cost_100m_cny,0.0,0.0,0.0,0.0,0.0
control,30,life_satisfaction,0.0025435995783205166,0.0025544932616050463,0.0025653869448895765,0.0025544932616050463,1.3617104105662298e-05
control,30,government_trust,0.1584005987338477,0.15859117771315506,0.15878175669246242,0.15859117771315506,0.00023822372413420667
control,30,economic_confidence,0.2608439090718773,0.2608790610244619,0.2609142129770465,0.2608790610244619,4.393994073070839e-05
control,30,consumption_index,0.06621046541381294,0.06621471858651792,0.06621897175922291,0.06621471858651792,5.316465881227694e-06
control,30,employment_rate,0.8887601637293546,0.8888451555945707,0.8889301474597866,0.8888451555945707,0.00010623983151997196
control,30,congestion_index,0.7433035526521123,0.7440515361278792,0.7447995196036462,0.7440515361278792,0.0009349793447087085
control,30,health_system_load,0.9253490592642224,0.9253549585130003,0.9253608577617783,0.9253549585130003,7.374060972453744e-06
control,30,rumor_belief,0.009719847434705504,0.00975984826942903,0.009799849104152556,0.00975984826942903,5.000104340440684e-05
control,30,stress,0.5641171990528311,0.5642018523776711,0.5642865057025109,0.5642018523776711,0.0001058166560498619
control,30,commute_minutes,24.51303895028118,24.518068176606597,24.52309740293201,24.518068176606597,0.006286532906768727
control,30,organization_vitality,0.7775747096356562,0.7776367271527405,0.7776987446698248,0.7776367271527405,7.752189635540363e-05
control,30,public_service_reliability,0.8227082061297817,0.822742301349457,0.8227763965691325,0.822742301349457,4.261902459418154e-05
control,30,policy_cost_100m_cny,0.0,0.0,0.0,0.0,0.0
mobility_support,0,life_satisfaction,0.512771605915856,0.512771605915856,0.512771605915856,0.512771605915856,0.0
mobility_support,0,government_trust,0.667750666160951,0.667750666160951,0.667750666160951,0.667750666160951,0.0
mobility_support,0,economic_confidence,0.5766229604929898,0.5769166925020115,0.5772104245110332,0.5769166925020115,0.0003671650112771485
mobility_support,0,consumption_index,0.6666851520494701,0.6667839813680596,0.6668828106866492,0.6667839813680596,0.00012353664823688826
mobility_support,0,employment_rate,0.9319559301481805,0.9319559301481805,0.9319559301481805,0.9319559301481805,0.0
mobility_support,0,congestion_index,0.8,0.8,0.8,0.8,0.0
mobility_support,0,health_system_load,0.65,0.65,0.65,0.65,0.0
mobility_support,0,rumor_belief,0.13766604025310025,0.13924299994261163,0.14081995963212302,0.13924299994261163,0.0019711996118892405
mobility_support,0,stress,0.3827986362740605,0.3829679450496214,0.38313725382518227,0.3829679450496214,0.00021163596945106278
mobility_support,0,commute_minutes,23.489245404099368,23.489245404099368,23.489245404099368,23.489245404099368,0.0
mobility_support,0,organization_vitality,0.8201110789333432,0.8201343211629898,0.8201575633926363,0.8201343211629898,2.9052787058225782e-05
mobility_support,0,public_service_reliability,0.8403058798820079,0.8403278057236474,0.840349731565287,0.8403278057236474,2.7407302049475835e-05
mobility_support,0,policy_cost_100m_cny,0.0,0.0,0.0,0.0,0.0
mobility_support,1,life_satisfaction,0.4819242832597969,0.4819297475418516,0.4819352118239062,0.4819297475418516,6.830352568293341e-06
mobility_support,1,government_trust,0.6432940965163495,0.6433428077871959,0.6433915190580424,0.6433428077871959,6.088908855800268e-05
mobility_support,1,economic_confidence,0.5580029722246735,0.5582790918130653,0.5585552114014571,0.5582790918130653,0.00034514948548980406
mobility_support,1,consumption_index,0.5972233602286835,0.5973422869158641,0.5974612136030447,0.5973422869158641,0.00014865835897570623
mobility_support,1,employment_rate,0.9319675903800216,0.9319680052494631,0.9319684201189046,0.9319680052494631,5.185868018342532e-07
mobility_support,1,congestion_index,0.7571546123959786,0.757973582874184,0.7587925533523894,0.757973582874184,0.0010237130977567843
mobility_support,1,health_system_load,0.6803958598816252,0.6811975977875098,0.6819993356933944,0.6811975977875098,0.001002172382355726
mobility_support,1,rumor_belief,0.10912538653536819,0.11040232301197764,0.11167925948858709,0.11040232301197764,0.0015961705957618158
mobility_support,1,stress,0.4026903437983491,0.4027826255457191,0.40287490729308906,0.4027826255457191,0.00011535218421246385
mobility_support,1,commute_minutes,24.5975578343892,24.603301951074783,24.609046067760367,24.603301951074783,0.0071801458569797924
mobility_support,1,organization_vitality,0.8199044141973426,0.8199262618932104,0.8199481095890783,0.8199262618932104,2.730961983471447e-05
mobility_support,1,public_service_reliability,0.8394997031909821,0.8395257461755858,0.8395517891601896,0.8395257461755858,3.255373075472523e-05
mobility_support,1,policy_cost_100m_cny,0.0,0.0,0.0,0.0,0.0
mobility_support,2,life_satisfaction,0.4511044275993659,0.4511113472350955,0.45111826687082507,0.4511113472350955,8.64954466195389e-06
mobility_support,2,government_trust,0.6206884357915706,0.6207752522266909,0.6208620686618112,0.6207752522266909,0.00010852054390037003
mobility_support,2,economic_confidence,0.540407719082912,0.5406665392961123,0.5409253595093125,0.5406665392961123,0.000323525266500313
mobility_support,2,consumption_index,0.5359654481762617,0.536095933913151,0.5362264196500405,0.536095933913151,0.00016310717111173156
mobility_support,2,employment_rate,0.9319567900505503,0.9319674338693817,0.9319780776882132,0.9319674338693817,1.3304773539335457e-05
mobility_support,2,congestion_index,0.757733470361184,0.7586162512147419,0.7594990320682998,0.7586162512147419,0.0011034760669474397
mobility_support,2,health_system_load,0.6810210673760544,0.6817509865667084,0.6824809057573623,0.6817509865667084,0.0009123989883174644
mobility_support,2,rumor_belief,0.0865123255744772,0.08754335085277909,0.08857437613108098,0.08754335085277909,0.0012887815978773615
mobility_support,2,stress,0.41904648870902383,0.41908177364578514,0.4191170585825464,0.41908177364578514,4.4106170951602186e-05
mobility_support,2,commute_minutes,24.601630963207082,24.60777950502605,24.613928046845015,24.60777950502605,0.007685677273705949
mobility_support,2,organization_vitality,0.819710149345502,0.8197306861796178,0.8197512230137335,0.8197306861796178,2.567104264461495e-05
mobility_support,2,public_service_reliability,0.8387351665353041,0.8387647536726865,0.838794340810069,0.8387647536726865,3.698392172801768e-05
mobility_support,2,policy_cost_100m_cny,0.0,0.0,0.0,0.0,0.0
mobility_support,3,life_satisfaction,0.4207064074856391,0.42071216364136504,0.420717919797091,0.42071216364136504,7.1951946574166925e-06
mobility_support,3,government_trust,0.5997136949155042,0.5998299055346246,0.5999461161537449,0.5998299055346246,0.00014526327390051996
mobility_support,3,economic_confidence,0.5237798293369822,0.5240225548109247,0.5242652802848674,0.5240225548109247,0.00030340684242818883
mobility_support,3,consumption_index,0.48187554607592104,0.48201159160126655,0.48214763712661207,0.48201159160126655,0.00017005690668187023
mobility_support,3,employment_rate,0.9319612089419044,0.9319731194705345,0.9319850299991648,0.9319731194705345,1.4888160787707161e-05
mobility_support,3,congestion_index,0.7583248942495261,0.759251098768151,0.7601773032867759,0.759251098768151,0.0011577556482811335
mobility_support,3,health_system_load,0.6816147359559355,0.6822785326173533,0.6829423292787711,0.6822785326173533,0.0008297458267722546
mobility_support,3,rumor_belief,0.06859590296913064,0.06942645779763298,0.07025701262613535,0.06942645779763298,0.0010381935356279445
mobility_support,3,stress,0.4325201936534475,0.4325245652497015,0.4325289368459555,0.4325245652497015,5.464495317519802e-06
mobility_support,3,commute_minutes,24.605783144375522,24.6122043592109,24.618625574046273,24.6122043592109,0.00802651854421832
mobility_support,3,organization_vitality,0.8195275403847719,0.8195468450088407,0.8195661496329094,0.8195468450088407,2.4130780085895864e-05
mobility_support,3,public_service_reliability,0.8380101753468201,0.838042787583903,0.838075399820986,0.838042787583903,4.0765296353661995e-05
mobility_support,3,policy_cost_100m_cny,0.0,0.0,0.0,0.0,0.0
mobility_support,4,life_satisfaction,0.3909045463682853,0.39091691791608446,0.3909292894638836,0.39091691791608446,1.5464434748924116e-05
mobility_support,4,government_trust,0.580110882869591,0.580242143183068,0.5803734034965451,0.580242143183068,0.00016407539184631892
mobility_support,4,economic_confidence,0.5051664482782787,0.505624364231416,0.5060822801845534,0.505624364231416,0.0005723949414216389
mobility_support,4,consumption_index,0.4337199732067305,0.43388332198618984,0.4340466707656491,0.43388332198618984,0.000204185974324117
mobility_support,4,employment_rate,0.9304441057435904,0.9305486380733066,0.9306531704030229,0.9305486380733066,0.00013066541214529215
mobility_support,4,congestion_index,0.7578259608424192,0.7586895292919431,0.7595530977414671,0.7586895292919431,0.001079460561904999
mobility_support,4,health_system_load,0.6821783546353257,0.6827813024359313,0.6833842502365368,0.6827813024359313,0.0007536847507569333
mobility_support,4,rumor_belief,0.056639697947450184,0.057129590408736275,0.05761948287002236,0.057129590408736275,0.000612365576607609
mobility_support,4,stress,0.44372991346089574,0.44375158373882995,0.44377325401676415,0.44375158373882995,2.708784741775605e-05
mobility_support,4,commute_minutes,24.542095492179012,24.542352628593722,24.542609765008432,24.542352628593722,0.00032142051838590646
mobility_support,4,organization_vitality,0.8151967781293017,0.8155453317828811,0.8158938854364607,0.8155453317828811,0.0004356920669743025
mobility_support,4,public_service_reliability,0.837322736501427,0.8373579043125519,0.8373930721236769,0.8373579043125519,4.395976390619838e-05
mobility_support,4,policy_cost_100m_cny,0.0,0.0,0.0,0.0,0.0
mobility_support,5,life_satisfaction,0.36224971615478585,0.36225927693870863,0.3622688377226314,0.36225927693870863,1.195097990347449e-05
mobility_support,5,government_trust,0.5617255464908064,0.5618739950317589,0.5620224435727115,0.5618739950317589,0.00018556067619068806
mobility_support,5,economic_confidence,0.48785375321507035,0.4880809165252056,0.48830807983534075,0.4880809165252056,0.00028395413766899025
mobility_support,5,consumption_index,0.3912156470367404,0.3913758190001283,0.39153599096351616,0.3913758190001283,0.0002002149542348619
mobility_support,5,employment_rate,0.9290202997442691,0.9290354779483532,0.9290506561524371,0.9290354779483532,1.8972755104929018e-05
mobility_support,5,congestion_index,0.7475626040421924,0.7485341354276538,0.749505666813115,0.7485341354276538,0.0012144142318266105
mobility_support,5,health_system_load,0.682713352488995,0.6832603327008206,0.6838073129126463,0.6832603327008206,0.0006837252647820535
mobility_support,5,rumor_belief,0.046918894725563494,0.047474256247903905,0.048029617770244316,0.047474256247903905,0.0006942019029255175
mobility_support,5,stress,0.4462173885095169,0.44625120476739677,0.4462850210252767,0.44625120476739677,4.2270322349852174e-05
mobility_support,5,commute_minutes,24.456717073652634,24.46855906217356,24.480401050694493,24.46855906217356,0.01480248565116149
mobility_support,5,organization_vitality,0.8115842357298251,0.8116143671857408,0.8116444986416566,0.8116143671857408,3.7664319894659126e-05
mobility_support,5,public_service_reliability,0.8366709536862323,0.8367082529984607,0.8367455523106891,0.8367082529984607,4.662414028544504e-05
mobility_support,5,policy_cost_100m_cny,0.2153846153846154,0.2153846153846154,0.2153846153846154,0.2153846153846154,0.0
mobility_support,6,life_satisfaction,0.3348194054084921,0.3348305958769048,0.33484178634531747,0.3348305958769048,1.3988085515836968e-05
mobility_support,6,government_trust,0.5444621217104978,0.5446190983628267,0.5447760750151558,0.5446190983628267,0.00019622081541120773
mobility_support,6,economic_confidence,0.47133324744573224,0.47166795020292807,0.47200265296012384,0.47166795020292807,0.00041837844649475486
mobility_support,6,consumption_index,0.35358107438964,0.3537501379165997,0.35391920144355943,0.3537501379165997,0.00021132940869966754
mobility_support,6,employment_rate,0.9275173293578262,0.927577520766177,0.927637712174528,0.927577520766177,7.523926043861984e-05
mobility_support,6,congestion_index,0.746939452335505,0.7478672850325546,0.7487951177296043,0.7478672850325546,0.0011597908713121274
mobility_support,6,health_system_load,0.6832210998668454,0.6837166293752235,0.6842121588836014,0.6837166293752235,0.0006194118854724873
mobility_support,6,rumor_belief,0.03930805003945446,0.03966015048160254,0.04001225092375062,0.03966015048160254,0.0004401255526851021
mobility_support,6,stress,0.4481121056708745,0.44815040943050144,0.44818871319012843,0.44815040943050144,4.787969953370941e-05
mobility_support,6,commute_minutes,24.466100588524966,24.469488733776103,24.472876879027236,24.469488733776103,0.004235181563918999
mobility_support,6,organization_vitality,0.8080158823900077,0.8082170035049872,0.8084181246199668,0.8082170035049872,0.0002514013937244264
mobility_support,6,public_service_reliability,0.8360530229574561,0.8360920713865354,0.8361311198156147,0.8360920713865354,4.881053634919752e-05
mobility_support,6,policy_cost_100m_cny,0.4307692307692308,0.4307692307692308,0.4307692307692308,0.4307692307692308,0.0
mobility_support,7,life_satisfaction,0.3086645318518687,0.3086742177139431,0.30868390357601755,0.3086742177139431,1.2107327593019468e-05
mobility_support,7,government_trust,0.5282144329807101,0.528378990631198,0.5285435482816859,0.528378990631198,0.00020569706310985536
mobility_support,7,economic_confidence,0.45584564867005595,0.45609113938534807,0.4563366301006402,0.45609113938534807,0.00030686339411514774
mobility_support,7,consumption_index,0.32017756257659774,0.32034420475314684,0.3205108469296959,0.32034420475314684,0.00020830272068636524
mobility_support,7,employment_rate,0.9260768861054292,0.9260897697162368,0.9261026533270444,0.9260897697162368,1.610451350952946e-05
mobility_support,7,congestion_index,0.7461974287167715,0.7471573389413391,0.7481172491659067,0.7471573389413391,0.0011998877807095076
mobility_support,7,health_system_load,0.6837029097521453,0.6841511671043287,0.684599424456512,0.6841511671043287,0.0005603216902292374
mobility_support,7,rumor_belief,0.03314771949682612,0.03348583617898321,0.033823952861140295,0.03348583617898321,0.00042264585269635724
mobility_support,7,stress,0.4495593544067663,0.4495989404864197,0.44963852656607306,0.4495989404864197,4.948259956671919e-05
mobility_support,7,commute_minutes,24.455906377919895,24.464284574658198,24.4726627713965,24.464284574658198,0.010472745922879056
mobility_support,7,organization_vitality,0.8048986958228485,0.8049848991626116,0.8050711025023747,0.8049848991626116,0.00010775417470393345
mobility_support,7,public_service_reliability,0.8354672284828625,0.8355076818572467,0.8355481352316309,0.8355076818572467,5.0566717980204956e-05
mobility_support,7,policy_cost_100m_cny,0.6461538461538462,0.6461538461538462,0.6461538461538462,0.6461538461538462,0.0
mobility_support,8,life_satisfaction,0.2837813518787875,0.28378929858059576,0.2837972452824041,0.28378929858059576,9.93337726037935e-06
mobility_support,8,government_trust,0.5128885263149044,0.5130577862543807,0.513227046193857,0.5130577862543807,0.00021157492434531466
mobility_support,8,economic_confidence,0.4407161147696652,0.4409427734617347,0.4411694321538042,0.4409427734617347,0.0002833233650868794
mobility_support,8,consumption_index,0.29038634526190155,0.2905488695144729,0.29071139376704425,0.2905488695144729,0.00020315531571418743
mobility_support,8,employment_rate,0.9243609500553095,0.9243724267774389,0.9243839034995682,0.9243724267774389,1.4345902661749843e-05
mobility_support,8,congestion_index,0.7452762076687884,0.7462506456216509,0.7472250835745134,0.7462506456216509,0.0012180474410781739
mobility_support,8,health_system_load,0.6841600392333379,0.6845648888649267,0.6849697384965157,0.6845648888649267,0.0005060620394860549
mobility_support,8,rumor_belief,0.02861463253179557,0.02888929012759968,0.029163947723403784,0.02888929012759968,0.00034332199475513477
mobility_support,8,stress,0.4506929987850614,0.45073279264935384,0.4507725865136463,0.45073279264935384,4.974233036555975e-05
mobility_support,8,commute_minutes,24.441992128510456,24.4487974761665,24.455602823822545,24.4487974761665,0.008506684570054546
mobility_support,8,organization_vitality,0.8013171537042435,0.8013908316140923,0.8014645095239412,0.8013908316140923,9.209738731102979e-05
mobility_support,8,public_service_reliability,0.8349119384625734,0.8349534876144811,0.8349950367663888,0.8349534876144811,5.193643988460339e-05
mobility_support,8,policy_cost_100m_cny,0.8615384615384616,0.8615384615384616,0.8615384615384616,0.8615384615384616,0.0
mobility_support,9,life_satisfaction,0.25695229099263994,0.25719051521977154,0.2574287394469032,0.25719051521977154,0.0002977802839145005
mobility_support,9,government_trust,0.49463635470583306,0.49509706524409747,0.49555777578236193,0.49509706524409747,0.0005758881728305243
mobility_support,9,economic_confidence,0.42590548480583335,0.42610869496973924,0.4263119051336451,0.42610869496973924,0.0002540127048823171
mobility_support,9,consumption_index,0.2622534381092333,0.26228380153582775,0.2623141649624222,0.26228380153582775,3.795428324310235e-05
mobility_support,9,employment_rate,0.9223785915011485,0.9223872146657093,0.9223958378302699,0.9223872146657093,1.0778955700840864e-05
mobility_support,9,congestion_index,0.7725936392039562,0.7743564124709391,0.776119185737922,0.7743564124709391,0.0022034665837287193
mobility_support,9,health_system_load,0.8096565708494332,0.821371683315175,0.8330867957809168,0.821371683315175,0.014643890582177244
mobility_support,9,rumor_belief,0.027700880349282298,0.028134485348929237,0.028568090348576176,0.028134485348929237,0.0005420062495586735
mobility_support,9,stress,0.4753449206567617,0.47748675505001337,0.4796285894432651,0.47748675505001337,0.0026772929915645782
mobility_support,9,commute_minutes,25.195318502612956,25.258169510521768,25.32102051843058,25.258169510521768,0.0785637598860145
mobility_support,9,organization_vitality,0.7972820915072485,0.7973360176810271,0.7973899438548059,0.7973360176810271,6.74077172234111e-05
mobility_support,9,public_service_reliability,0.8332727754847166,0.8333989921475438,0.8335252088103708,0.8333989921475438,0.00015777082853390967
mobility_support,9,policy_cost_100m_cny,1.076923076923077,1.076923076923077,1.076923076923077,1.076923076923077,0.0
mobility_support,10,life_satisfaction,0.22961191316051038,0.2298714061768774,0.2301308991932444,0.2298714061768774,0.0003243662704587452
mobility_support,10,government_trust,0.47508320473591326,0.47557246454595764,0.476061724356002,0.47557246454595764,0.0006115747625554668
mobility_support,10,economic_confidence,0.4115453190274445,0.41177169281140674,0.411998066595369,0.41177169281140674,0.0002829672299528019
mobility_support,10,consumption_index,0.2357865082612629,0.23581653217641696,0.235846556091571,0.23581653217641696,3.752989394256723e-05
mobility_support,10,employment_rate,0.9202572743037767,0.9202669756192892,0.9202766769348018,0.9202669756192892,1.212664439059763e-05
mobility_support,10,congestion_index,0.7661723525936398,0.7689896710804907,0.7718069895673416,0.7689896710804907,0.0035216481085636464
mobility_support,10,health_system_load,0.9195855926957236,0.9217621280199982,0.9239386633442729,0.9217621280199982,0.0027206691553433027
mobility_support,10,rumor_belief,0.027131565249113764,0.027297677474416665,0.027463789699719562,0.027297677474416665,0.00020764028162862345
mobility_support,10,stress,0.49627274739186616,0.4966124553822184,0.4969521633725706,0.4966124553822184,0.00042463498794026444
mobility_support,10,commute_minutes,25.04989468346801,25.106014383570077,25.162134083672143,25.106014383570077,0.07014962512758416
mobility_support,10,organization_vitality,0.7930421808582755,0.7931433427886634,0.7932445047190514,0.7931433427886634,0.00012645241298497867
mobility_support,10,public_service_reliability,0.8320279377519337,0.8320896982025119,0.83215145865309,0.8320896982025119,7.72005632226902e-05
mobility_support,10,policy_cost_100m_cny,1.2923076923076926,1.2923076923076926,1.2923076923076926,1.2923076923076926,0.0
mobility_support,11,life_satisfaction,0.20129823149995696,0.20166286017981866,0.2020274888596804,0.20166286017981866,0.00045578584982712556
mobility_support,11,government_trust,0.4535909002221044,0.45420938678284783,0.45482787334359126,0.45420938678284783,0.0007731082009292956
mobility_support,11,economic_confidence,0.39820397254393447,0.39844261052331187,0.3986812485026892,0.39844261052331187,0.0002982974742216926
mobility_support,11,consumption_index,0.21083992159784573,0.21085104135133745,0.21086216110482917,0.21085104135133745,1.3899691864660557e-05
mobility_support,11,employment_rate,0.9182444720182521,0.9182532428922325,0.9182620137662129,0.9182532428922325,1.096359247548806e-05
mobility_support,11,congestion_index,0.7754553612526511,0.7754940536936473,0.7755327461346435,0.7754940536936473,4.83655512452108e-05
mobility_support,11,health_system_load,1.030703734772361,1.036961763447375,1.0432197921223885,1.036961763447375,0.00782253584376702
mobility_support,11,rumor_belief,0.026642115975951196,0.02682775337425823,0.02701339077256527,0.02682775337425823,0.00023204674788379794
mobility_support,11,stress,0.5166823802410736,0.5177255472402849,0.5187687142394962,0.5177255472402849,0.001303958749014067
mobility_support,11,commute_minutes,25.240756420924477,25.259743539477768,25.27873065803106,25.259743539477768,0.02373389819161531
mobility_support,11,organization_vitality,0.7894677412016198,0.7895999372186948,0.7897321332357697,0.7895999372186948,0.00016524502134368513
mobility_support,11,public_service_reliability,0.8305783120012384,0.8306693770651234,0.8307604421290086,0.8306693770651234,0.00011383132985637312
mobility_support,11,policy_cost_100m_cny,1.507692307692308,1.507692307692308,1.507692307692308,1.507692307692308,0.0
mobility_support,12,life_satisfaction,0.17263295428123382,0.1731611297846256,0.1736893052880174,0.1731611297846256,0.0006602193792397404
mobility_support,12,government_trust,0.43083667776336376,0.43166041872770533,0.43248415969204684,0.43166041872770533,0.0010296762054269049
mobility_support,12,economic_confidence,0.38544275116326676,0.38569769292387035,0.3859526346844739,0.38569769292387035,0.0003186772007544303
mobility_support,12,consumption_index,0.1874127312018266,0.1874854244313673,0.187558117660908,0.1874854244313673,9.086653692584601e-05
mobility_support,12,employment_rate,0.9161608929912033,0.9161656619158538,0.9161704308405043,0.9161656619158538,5.961155813138941e-06
mobility_support,12,congestion_index,0.7734227213050632,0.773459764298048,0.7734968072910328,0.773459764298048,4.63037412310463e-05
mobility_support,12,health_system_load,1.1211275114893071,1.1307401165611655,1.1403527216330236,1.1307401165611655,0.01201575633982277
mobility_support,12,rumor_belief,0.02613505788109564,0.026324842227900457,0.026514626574705272,0.026324842227900457,0.00023723043350602074
mobility_support,12,stress,0.5327623898014106,0.534348533171092,0.5359346765407733,0.534348533171092,0.001982679212101768
mobility_support,12,commute_minutes,25.176854168122738,25.194091498021297,25.211328827919857,25.194091498021297,0.021546662373200576
mobility_support,12,organization_vitality,0.7859647822919361,0.786132732006417,0.7863006817208978,0.786132732006417,0.0002099371431010244
mobility_support,12,public_service_reliability,0.829275649286887,0.8293916856814514,0.8295077220760159,0.8293916856814514,0.00014504549320554228
mobility_support,12,policy_cost_100m_cny,1.7230769230769236,1.7230769230769236,1.7230769230769236,1.7230769230769236,0.0
mobility_support,13,life_satisfaction,0.14367929045214886,0.14438289201522558,0.14508649357830233,0.14438289201522558,0.0008795019538459098
mobility_support,13,government_trust,0.40640462828591395,0.4074532463638162,0.40850186444171843,0.4074532463638162,0.0013107725973778017
mobility_support,13,economic_confidence,0.3729535771635332,0.37302332123437965,0.373093065305226,0.37302332123437965,8.718008855798653e-05
mobility_support,13,consumption_index,0.16529335159366662,0.16545550150514443,0.1656176514166222,0.16545550150514443,0.00020268738934724195
mobility_support,13,employment_rate,0.9136867323209776,0.9137743429940295,0.9138619536670815,0.9137743429940295,0.00010951334131487078
mobility_support,13,congestion_index,0.7738361271196725,0.7743398177163875,0.7748435083131024,0.7743398177163875,0.0006296132458937231
mobility_support,13,health_system_load,1.2193242995960292,1.2306515734427808,1.2419788472895323,1.2306515734427808,0.01415909230843948
mobility_support,13,rumor_belief,0.041082391438265066,0.04141897452288847,0.04175555760751188,0.04141897452288847,0.0004207288557792552
mobility_support,13,stress,0.5503604606953187,0.5521508886815429,0.5539413166677671,0.5521508886815429,0.0022380349827803014
mobility_support,13,commute_minutes,25.20781433595174,25.211856469594647,25.215898603237555,25.211856469594647,0.005052667053636384
mobility_support,13,organization_vitality,0.7819623256079862,0.782049489089069,0.7821366525701519,0.782049489089069,0.00010895435135349629
mobility_support,13,public_service_reliability,0.8279459338740829,0.828075891979497,0.8282058500849113,0.828075891979497,0.00016244763176781474
mobility_support,13,policy_cost_100m_cny,1.9384615384615391,1.9384615384615391,1.9384615384615391,1.9384615384615391,0.0
mobility_support,14,life_satisfaction,0.1157693671578619,0.1162323477049474,0.11669532825203291,0.1162323477049474,0.0005787256838568761
mobility_support,14,government_trust,0.3811160425089358,0.3818994424281101,0.38268284234728434,0.3818994424281101,0.0009792498989678045
mobility_support,14,economic_confidence,0.3608405914077112,0.36097051006202974,0.3611004287163483,0.36097051006202974,0.0001623983178982158
mobility_support,14,consumption_index,0.1452887535476807,0.14535734248442972,0.1454259314211787,0.14535734248442972,8.573617093625419e-05
mobility_support,14,employment_rate,0.9111407450480742,0.9113209393646733,0.9115011336812725,0.9113209393646733,0.00022524289574893386
mobility_support,14,congestion_index,0.7693404235551282,0.7745867394718663,0.7798330553886044,0.7745867394718663,0.006557894895922622
mobility_support,14,health_system_load,1.3159483927176425,1.3237980958076312,1.3316477988976196,1.3237980958076312,0.009812128862485614
mobility_support,14,rumor_belief,0.054732031612438815,0.055051967034475846,0.05537190245651288,0.055051967034475846,0.0003999192775462901
mobility_support,14,stress,0.5674014245282728,0.5688400012515675,0.5702785779748621,0.5688400012515675,0.0017982209041183528
mobility_support,14,commute_minutes,25.101615210651183,25.215349470260517,25.32908372986985,25.215349470260517,0.14216782451166665
mobility_support,14,organization_vitality,0.7778370168478919,0.7781956855792254,0.778554354310559,0.7781956855792254,0.00044833591416687524
mobility_support,14,public_service_reliability,0.8268020602846775,0.8268085845156177,0.8268151087465578,0.8268085845156177,8.15528867514903e-06
mobility_support,14,policy_cost_100m_cny,2.1538461538461546,2.1538461538461546,2.1538461538461546,2.1538461538461546,0.0
mobility_support,15,life_satisfaction,0.09085276710011991,0.09108571957881262,0.09131867205750532,0.09108571957881262,0.00029119059836588135
mobility_support,15,government_trust,0.3546629691743982,0.3552139504247597,0.3557649316751211,0.3552139504247597,0.0006887265629517969
mobility_support,15,economic_confidence,0.3495804972201419,0.3495914345380256,0.3496023718559093,0.3495914345380256,1.3671647354662753e-05
mobility_support,15,consumption_index,0.12970373603845023,0.12975532235124398,0.12980690866403777,0.12975532235124398,6.448289099221516e-05
mobility_support,15,employment_rate,0.9088053653490545,0.9089042650375023,0.9090031647259501,0.9089042650375023,0.00012362461055970275
mobility_support,15,congestion_index,0.7752675112259149,0.7764145112693412,0.7775615113127676,0.7764145112693412,0.001433750054282923
mobility_support,15,health_system_load,1.4088888637014207,1.4162229978008718,1.4235571319003228,1.4162229978008718,0.009167667624313758
mobility_support,15,rumor_belief,0.06422093822372528,0.06432425359391096,0.06442756896409664,0.06432425359391096,0.0001291442127321074
mobility_support,15,stress,0.5838764152479903,0.5851830361147757,0.5864896569815612,0.5851830361147757,0.0016332760834818494
mobility_support,15,commute_minutes,25.252973106593522,25.25929809612429,25.265623085655054,25.25929809612429,0.007906236913457931
mobility_support,15,organization_vitality,0.7745118121808867,0.7746808582268285,0.7748499042727703,0.7746808582268285,0.00021130755742726492
mobility_support,15,public_service_reliability,0.8255480889394352,0.8255540426524443,0.8255599963654533,0.8255540426524443,7.442141261249091e-06
mobility_support,15,policy_cost_100m_cny,2.36923076923077,2.36923076923077,2.36923076923077,2.36923076923077,0.0
mobility_support,16,life_satisfaction,0.07132146835158663,0.07150435129406513,0.07168723423654362,0.07150435129406513,0.00022860367809811322
mobility_support,16,government_trust,0.3273251759114849,0.3279107147478406,0.3284962535841963,0.3279107147478406,0.0007319235454446016
mobility_support,16,economic_confidence,0.3388639324983556,0.33895781004139935,0.33905168758444315,0.33895781004139935,0.00011734692880469022
mobility_support,16,consumption_index,0.11953813182593007,0.11957136138460622,0.1196045909432824,0.11957136138460622,4.153694834520966e-05
mobility_support,16,employment_rate,0.9064367143405095,0.9065803207165263,0.906723927092543,0.9065803207165263,0.0001795079700208646
mobility_support,16,congestion_index,0.7743227987104273,0.7749639384084477,0.7756050781064681,0.7749639384084477,0.0008014246225254706
mobility_support,16,health_system_load,1.4898458133016526,1.492625798878525,1.4954057844553974,1.492625798878525,0.0034749819710906404
mobility_support,16,rumor_belief,0.07195987828464671,0.07209628964559672,0.07223270100654672,0.07209628964559672,0.00017051420118750077
mobility_support,16,stress,0.5983678819671936,0.5986854920874092,0.5990031022076249,0.5986854920874092,0.0003970126502695348
mobility_support,16,commute_minutes,25.179553317517808,25.21863602736027,25.257718737202733,25.21863602736027,0.048853387303077866
mobility_support,16,organization_vitality,0.7713649194550305,0.7716379801248416,0.7719110407946528,0.7716379801248416,0.0003413258372639283
mobility_support,16,public_service_reliability,0.8243443191882464,0.8244101372905647,0.824475955392883,0.8244101372905647,8.227262789783918e-05
mobility_support,16,policy_cost_100m_cny,2.5846153846153856,2.5846153846153856,2.5846153846153856,2.5846153846153856,0.0
mobility_support,17,life_satisfaction,0.05638777340017473,0.05654447441412859,0.05670117542808245,0.05654447441412859,0.00019587626744232978
mobility_support,17,government_trust,0.299686669274523,0.30021354625355223,0.30074042323258154,0.30021354625355223,0.0006585962237865839
mobility_support,17,economic_confidence,0.32854585829678645,0.32886880510830785,0.3291917519198293,0.32886880510830785,0.0004036835144017592
mobility_support,17,consumption_index,0.11171282887505364,0.11172890801028387,0.1117449871455141,0.11172890801028387,2.009891903778649e-05
mobility_support,17,employment_rate,0.9039770687972442,0.904227090358863,0.9044771119204819,0.904227090358863,0.00031252695202349523
mobility_support,17,congestion_index,0.7737689824036784,0.7756135927607495,0.7774582031178207,0.7756135927607495,0.0023057629463389406
mobility_support,17,health_system_load,1.565001801384047,1.5651625741370672,1.5653233468900871,1.5651625741370672,0.0002009659412750553
mobility_support,17,rumor_belief,0.07521541203536013,0.07648895079128555,0.07776248954721098,0.07648895079128555,0.001591923444906787
mobility_support,17,stress,0.6110699499011958,0.6112212420677376,0.6113725342342796,0.6112212420677376,0.0001891152081773817
mobility_support,17,commute_minutes,25.210943836268395,25.23523799454761,25.25953215282682,25.23523799454761,0.030367697849017716
mobility_support,17,organization_vitality,0.76821946808376,0.7688061521745466,0.7693928362653333,0.7688061521745466,0.0007333551134832694
mobility_support,17,public_service_reliability,0.823255143790195,0.8233046408841109,0.8233541379780269,0.8233046408841109,6.187136739493893e-05
mobility_support,17,policy_cost_100m_cny,2.800000000000001,2.800000000000001,2.800000000000001,2.800000000000001,0.0
mobility_support,18,life_satisfaction,0.043290734336901775,0.04342565585447242,0.04356057737204305,0.04342565585447242,0.0001686518969632976
mobility_support,18,government_trust,0.2719408828155707,0.2723942406803592,0.2728475985451477,0.2723942406803592,0.0005666973309856049
mobility_support,18,economic_confidence,0.3188876002889095,0.3190251308338824,0.3191626613788553,0.3190251308338824,0.0001719131812161212
mobility_support,18,consumption_index,0.10458621366745773,0.10460695274888439,0.10462769183031105,0.10460695274888439,2.5923851783321572e-05
mobility_support,18,employment_rate,0.901611700447142,0.9017733871272988,0.9019350738074556,0.9017733871272988,0.00020210835019607298
mobility_support,18,congestion_index,0.7729575101490419,0.7739331534892939,0.7749087968295459,0.7739331534892939,0.0012195541753150518
mobility_support,18,health_system_load,1.6267820410850935,1.6271961113239226,1.627610181562752,1.6271961113239226,0.0005175877985365007
mobility_support,18,rumor_belief,0.08019526072416565,0.08154060255093018,0.0828859443776947,0.08154060255093018,0.0016816772834556612
mobility_support,18,stress,0.6215747863406533,0.6218554396050422,0.6221360928694312,0.6218554396050422,0.0003508165804861352
mobility_support,18,commute_minutes,25.192281435539453,25.19625939749812,25.20023735945679,25.19625939749812,0.004972452448335218
mobility_support,18,organization_vitality,0.7654832747186896,0.7657835133808973,0.7660837520431051,0.7657835133808973,0.00037529832775962113
mobility_support,18,public_service_reliability,0.8222339373373835,0.8222789568538855,0.8223239763703876,0.8222789568538855,5.627439562755354e-05
mobility_support,18,policy_cost_100m_cny,3.0153846153846167,3.0153846153846167,3.0153846153846167,3.0153846153846167,0.0
mobility_support,19,life_satisfaction,0.03294557040859055,0.03305239329350605,0.03315921617842155,0.03305239329350605,0.0001335286061443751
mobility_support,19,government_trust,0.24815884486359782,0.24854293737283928,0.24892702988208076,0.24854293737283928,0.0004801156365518283
mobility_support,19,economic_confidence,0.3101929427761023,0.31034058639921636,0.3104882300223304,0.31034058639921636,0.0001845545288925443
mobility_support,19,consumption_index,0.09876454450502632,0.09878705648630681,0.09880956846758729,0.09878705648630681,2.813997660060935e-05
mobility_support,19,employment_rate,0.8994527562350833,0.8996235235910615,0.8997942909470396,0.8996235235910615,0.00021345919497267607
mobility_support,19,congestion_index,0.7469884624325406,0.7480591411071835,0.7491298197818266,0.7480591411071835,0.0013383483433037635
mobility_support,19,health_system_load,1.5296131041298844,1.5301377048250955,1.5306623055203068,1.5301377048250955,0.0006557508690140379
mobility_support,19,rumor_belief,0.08164774022285679,0.0828942849562332,0.08414082968960962,0.0828942849562332,0.0015581809167205252
mobility_support,19,stress,0.6078979944037624,0.6082263335947492,0.608554672785736,0.6082263335947492,0.0004104239887335881
mobility_support,19,commute_minutes,24.46079524248046,24.46841293700183,24.476030631523194,24.46841293700183,0.009522118151709336
mobility_support,19,organization_vitality,0.7636156321521714,0.7639165067636564,0.7642173813751414,0.7639165067636564,0.00037609326435616985
mobility_support,19,public_service_reliability,0.8221847646178156,0.8222280063033606,0.8222712479889055,0.8222280063033606,5.405210693121276e-05
mobility_support,19,policy_cost_100m_cny,3.230769230769232,3.230769230769232,3.230769230769232,3.230769230769232,0.0
mobility_support,20,life_satisfaction,0.025029820222787436,0.02511360046598866,0.025197380709189886,0.02511360046598866,0.00010472530400153224
mobility_support,20,government_trust,0.2278457759960492,0.2282051939365899,0.22856461187713056,0.2282051939365899,0.0004492724256758701
mobility_support,20,economic_confidence,0.30234136953555485,0.30244398309917075,0.3025465966627866,0.30244398309917075,0.0001282669545198678
mobility_support,20,consumption_index,0.09399752671388598,0.09401990342012005,0.09404228012635413,0.09401990342012005,2.797088279259119e-05
mobility_support,20,employment_rate,0.8975006390228281,0.8976549886199422,0.8978093382170563,0.8976549886199422,0.00019293699639266748
mobility_support,20,congestion_index,0.7449647925346088,0.7460021019042562,0.7470394112739037,0.7460021019042562,0.001296636712059318
mobility_support,20,health_system_load,1.443778449712268,1.443880741469072,1.4439830332258758,1.443880741469072,0.0001278646960047869
mobility_support,20,rumor_belief,0.08221223691945384,0.0824472338488267,0.08268223077819956,0.0824472338488267,0.0002937461617160686
mobility_support,20,stress,0.5959638149338656,0.5961749644266374,0.5963861139194093,0.5961749644266374,0.0002639368659647645
mobility_support,20,commute_minutes,24.45724470391717,24.46262827832784,24.468011852738517,24.46262827832784,0.006729468013341844
mobility_support,20,organization_vitality,0.7624587585541355,0.7626814354092168,0.7629041122642983,0.7626814354092168,0.0002783460688517425
mobility_support,20,public_service_reliability,0.8221468456776263,0.8221927050630691,0.8222385644485117,0.8221927050630691,5.7324231803435044e-05
mobility_support,20,policy_cost_100m_cny,3.4461538461538477,3.4461538461538477,3.4461538461538477,3.4461538461538477,0.0
mobility_support,21,life_satisfaction,0.01924340117611424,0.019303809470275914,0.019364217764437582,0.019303809470275914,7.551036770208665e-05
mobility_support,21,government_trust,0.21120255639567734,0.21154087158444912,0.2118791867732209,0.21154087158444912,0.00042289398596473404
mobility_support,21,economic_confidence,0.29511832545463745,0.2952686493978339,0.2954189733410304,0.2952686493978339,0.00018790492899556366
mobility_support,21,consumption_index,0.09017545264038326,0.09019407596598639,0.0902126992915895,0.09019407596598639,2.3279157003890105e-05
mobility_support,21,employment_rate,0.8957230287098497,0.8958845693830932,0.8960461100563368,0.8958845693830932,0.00020192584155442894
mobility_support,21,congestion_index,0.7430942915521191,0.7441125232425011,0.745130754932883,0.7441125232425011,0.0012727896129774985
mobility_support,21,health_system_load,1.3575192684249497,1.3575949774858347,1.3576706865467199,1.3575949774858347,9.463632610640094e-05
mobility_support,21,rumor_belief,0.0673699268136271,0.06751816273768158,0.06766639866173604,0.06751816273768158,0.0001852949050680855
mobility_support,21,stress,0.583138624984339,0.583331238558935,0.583523852133531,0.583331238558935,0.00024076696824504307
mobility_support,21,commute_minutes,24.440748588092596,24.448790418687338,24.45683224928208,24.448790418687338,0.010052288243425522
mobility_support,21,organization_vitality,0.7617179894237536,0.7619984046819896,0.7622788199402257,0.7619984046819896,0.00035051907279504135
mobility_support,21,public_service_reliability,0.8221862637888873,0.8222310111830664,0.8222757585772456,0.8222310111830664,5.593424272387626e-05
mobility_support,21,policy_cost_100m_cny,3.661538461538463,3.661538461538463,3.661538461538463,3.661538461538463,0.0
mobility_support,22,life_satisfaction,0.01510462869305583,0.015154133394142271,0.015203638095228714,0.015154133394142271,6.188087635805323e-05
mobility_support,22,government_trust,0.1976690735500638,0.19799288837508774,0.1983167032001117,0.19799288837508774,0.0004047685312799365
mobility_support,22,economic_confidence,0.2881022591602693,0.2884113107464502,0.28872036233263115,0.2884113107464502,0.0003863144827261078
mobility_support,22,consumption_index,0.08712146550329235,0.0871247206208919,0.08712797573849144,0.0871247206208919,4.068896999442906e-06
mobility_support,22,employment_rate,0.8938293480556971,0.8940685477712316,0.894307747486766,0.8940685477712316,0.00029899964441804094
mobility_support,22,congestion_index,0.741149513412035,0.7421995590208695,0.743249604629704,0.7421995590208695,0.0013125570110431584
mobility_support,22,health_system_load,1.2817249820419843,1.2817801574347274,1.2818353328274705,1.2817801574347274,6.896924092902879e-05
mobility_support,22,rumor_belief,0.05570074285644571,0.055709643920709144,0.05571854498497258,0.055709643920709144,1.1126330329291889e-05
mobility_support,22,stress,0.5713524317466723,0.571520210927078,0.5716879901074837,0.571520210927078,0.00020972397550717004
mobility_support,22,commute_minutes,24.423883031546843,24.434964691697964,24.446046351849084,24.434964691697964,0.013852075188900415
mobility_support,22,organization_vitality,0.760806127121067,0.7613049341615551,0.7618037412020432,0.7613049341615551,0.0006235088006101286
mobility_support,22,public_service_reliability,0.822231223082358,0.8222748268304372,0.8223184305785165,0.8222748268304372,5.450468509909934e-05
mobility_support,22,policy_cost_100m_cny,3.8769230769230787,3.8769230769230787,3.8769230769230787,3.8769230769230787,0.0
mobility_support,23,life_satisfaction,0.012170641288742366,0.012211420821986386,0.012252200355230407,0.012211420821986386,5.097441655502622e-05
mobility_support,23,government_trust,0.18678422704828998,0.18708703164321086,0.18738983623813174,0.18708703164321086,0.0003785057436511141
mobility_support,23,economic_confidence,0.2818064069679398,0.2818854349157297,0.2819644628635196,0.2818854349157297,9.87849347373615e-05
mobility_support,23,consumption_index,0.0846575372831815,0.08466144186787,0.0846653464525585,0.08466144186787,4.8807308606277355e-06
mobility_support,23,employment_rate,0.8921532662954438,0.8922910064789719,0.8924287466624999,0.8922910064789719,0.00017217522941004315
mobility_support,23,congestion_index,0.7393678795245237,0.7403118896170383,0.741255899709553,0.7403118896170383,0.0011800126156433777
mobility_support,23,health_system_load,1.2150901745174436,1.2151294946817943,1.2151688148461453,1.2151294946817943,4.9150205438608374e-05
mobility_support,23,rumor_belief,0.046198245745342176,0.04635887960452327,0.04651951346370436,0.04635887960452327,0.00020079232397636135
mobility_support,23,stress,0.5605897430473259,0.5607392074503004,0.560888671853275,0.5607392074503004,0.00018683050371820498
mobility_support,23,commute_minutes,24.420909865928895,24.421829397915637,24.42274892990238,24.421829397915637,0.0011494149834270218
mobility_support,23,organization_vitality,0.7604726931454395,0.7606306757838518,0.7607886584222641,0.7606306757838518,0.0001974782980153078
mobility_support,23,public_service_reliability,0.8222809167109719,0.8223233529598644,0.8223657892087568,0.8223233529598644,5.304531111560706e-05
mobility_support,23,policy_cost_100m_cny,4.092307692307694,4.092307692307694,4.092307692307694,4.092307692307694,0.0
mobility_support,24,life_satisfaction,0.010112397108177764,0.010145299837509987,0.01017820256684221,0.010145299837509987,4.1128411665277906e-05
mobility_support,24,government_trust,0.1781398350934015,0.17842213092196335,0.1787044267505252,0.17842213092196335,0.0003528697857023144
mobility_support,24,economic_confidence,0.275795633213021,0.2758326263062167,0.2758696193994124,0.2758326263062167,4.6241366494614855e-05
mobility_support,24,consumption_index,0.08267580370021503,0.08268093974821518,0.08268607579621533,0.08268093974821518,6.420060000192351e-06
mobility_support,24,employment_rate,0.8904193982212957,0.890528571690993,0.8906377451606904,0.890528571690993,0.00013646683712170704
mobility_support,24,congestion_index,0.7375700994663925,0.7384541412477807,0.7393381830291689,0.7384541412477807,0.001105052226735237
mobility_support,24,health_system_load,1.1564745278187945,1.1565016048428007,1.1565286818668072,1.1565016048428007,3.384628000790979e-05
mobility_support,24,rumor_belief,0.038734201239744394,0.038893315616404786,0.03905242999306517,0.038893315616404786,0.0001988929708254851
mobility_support,24,stress,0.550819860547573,0.5509587917123331,0.5510977228770931,0.5509587917123331,0.00017366395595008743
mobility_support,24,commute_minutes,24.40601151704811,24.410901921177874,24.41579232530764,24.410901921177874,0.006113005162205809
mobility_support,24,organization_vitality,0.7600009623490032,0.760090859774267,0.7601807571995309,0.760090859774267,0.00011237178157985639
mobility_support,24,public_service_reliability,0.8223346147010555,0.8223758665771708,0.8224171184532859,0.8223758665771708,5.156484514395876e-05
mobility_support,24,policy_cost_100m_cny,4.307692307692309,4.307692307692309,4.307692307692309,4.307692307692309,0.0
mobility_support,25,life_satisfaction,0.008688920061609366,0.008720353310038533,0.008751786558467698,0.008720353310038533,3.9291560536456986e-05
mobility_support,25,government_trust,0.17147454349652141,0.1717381214154081,0.17200169933429477,0.1717381214154081,0.0003294723986083381
mobility_support,25,economic_confidence,0.2728012640888407,0.2728353819256265,0.27286949976241237,0.2728353819256265,4.264729598227324e-05
mobility_support,25,consumption_index,0.08124300597591616,0.08124922923056596,0.08125545248521578,0.08124922923056596,7.779068312264992e-06
mobility_support,25,employment_rate,0.8900954191475322,0.890185998279972,0.890276577412412,0.890185998279972,0.00011322391554985378
mobility_support,25,congestion_index,0.7369177966407936,0.7377663246738653,0.7386148527069369,0.7377663246738653,0.0010606600413395895
mobility_support,25,health_system_load,1.1048818496520005,1.1048994676451027,1.1049170856382051,1.1048994676451027,2.2022491377726716e-05
mobility_support,25,rumor_belief,0.03074480381123348,0.030871132158389,0.03099746050554452,0.030871132158389,0.0001579104339444002
mobility_support,25,stress,0.5419011536829544,0.5420306850472734,0.5421602164115924,0.5420306850472734,0.0001619142053987388
mobility_support,25,commute_minutes,24.46804441129858,24.473717830121025,24.479391248943468,24.473717830121025,0.007091773528053125
mobility_support,25,organization_vitality,0.763400904608063,0.7634854081878111,0.7635699117675591,0.7634854081878111,0.0001056294746850095
mobility_support,25,public_service_reliability,0.8223916576321698,0.8224317144897447,0.8224717713473196,0.8224317144897447,5.007107196863814e-05
mobility_support,25,policy_cost_100m_cny,4.523076923076925,4.523076923076925,4.523076923076925,4.523076923076925,0.0
mobility_support,26,life_satisfaction,0.0077265161738502034,0.007759022374605172,0.007791528575360141,0.007759022374605172,4.0632750943711375e-05
mobility_support,26,government_trust,0.16647671758033766,0.1667231629062891,0.16696960823224055,0.1667231629062891,0.00030805665743929844
mobility_support,26,economic_confidence,0.27004372595036086,0.27007658984614424,0.2701094537419276,0.27007658984614424,4.107986972920474e-05
mobility_support,26,consumption_index,0.08024331682069193,0.08025021168471685,0.0802571065487418,0.08025021168471685,8.61858003117083e-06
mobility_support,26,employment_rate,0.8897756668368966,0.8898590012902379,0.8899423357435793,0.8898590012902379,0.00010416806667662426
mobility_support,26,congestion_index,0.7362692269137788,0.7370884176512055,0.7379076083886321,0.7370884176512055,0.0010239884217833062
mobility_support,26,health_system_load,1.059441747251135,1.0594520488137595,1.0594623503763843,1.0594520488137595,1.2876953280671621e-05
mobility_support,26,rumor_belief,0.024408667525818956,0.02450898968223408,0.024609311838649204,0.02450898968223408,0.0001254026955189065
mobility_support,26,stress,0.5337414419646321,0.5338617661814098,0.5339820903981873,0.5338617661814098,0.0001504052709720427
mobility_support,26,commute_minutes,24.46349753781114,24.468968034416747,24.474438531022358,24.468968034416747,0.006838120757011623
mobility_support,26,organization_vitality,0.7665968503315792,0.7666762836965424,0.7667557170615056,0.7666762836965424,9.929170620404104e-05
mobility_support,26,public_service_reliability,0.8224514507986265,0.822490307533132,0.8225291642676377,0.822490307533132,4.8570918131984886e-05
mobility_support,26,policy_cost_100m_cny,4.73846153846154,4.73846153846154,4.73846153846154,4.73846153846154,0.0
mobility_support,27,life_satisfaction,0.0070925777927748415,0.0071203232459601164,0.0071480686991453905,0.0071203232459601164,3.468181648159279e-05
mobility_support,27,government_trust,0.1628808376882956,0.16311154232505398,0.16334224696181238,0.16311154232505398,0.00028838079594797894
mobility_support,27,economic_confidence,0.2675015640282383,0.26753287405723214,0.26756418408622595,0.26753287405723214,3.91375362422397e-05
mobility_support,27,consumption_index,0.07958216581729273,0.07958976639206787,0.07959736696684301,0.07958976639206787,9.500718468932745e-06
mobility_support,27,employment_rate,0.8894800187520286,0.8895819429391019,0.8896838671261751,0.8895819429391019,0.00012740523384147107
mobility_support,27,congestion_index,0.735663390302468,0.7364717392875505,0.737280088272633,0.7364717392875505,0.0010104362313532178
mobility_support,27,health_system_load,1.0193936221611077,1.0193982540018167,1.0194028858425255,1.0193982540018167,5.789800886168983e-06
mobility_support,27,rumor_belief,0.019382787687458276,0.019462477055290892,0.019542166423123508,0.019462477055290892,9.961170979077075e-05
mobility_support,27,stress,0.5263147645827272,0.5264252121913959,0.5265356598000646,0.5264252121913959,0.00013805951083584178
mobility_support,27,commute_minutes,24.459243182771832,24.464641887297176,24.470040591822517,24.464641887297176,0.006748380656679487
mobility_support,27,organization_vitality,0.7696010393116843,0.7696757066747498,0.7697503740378153,0.7696757066747498,9.333420383184077e-05
mobility_support,27,public_service_reliability,0.8225134588176326,0.8225511152391498,0.822588771660667,0.8225511152391498,4.7070526896564324e-05
mobility_support,27,policy_cost_100m_cny,4.953846153846156,4.953846153846156,4.953846153846156,4.953846153846156,0.0
mobility_support,28,life_satisfaction,0.006686962762767357,0.006710913697314296,0.006734864631861235,0.006710913697314296,2.993866818367351e-05
mobility_support,28,government_trust,0.1604602939403219,0.16067653849966707,0.16089278305901222,0.16067653849966707,0.0002703056991814473
mobility_support,28,economic_confidence,0.2651325577339852,0.26516635907119146,0.2652001604083978,0.26516635907119146,4.2251671507870237e-05
mobility_support,28,consumption_index,0.07918280169917405,0.07919049505688219,0.07919818841459034,0.07919049505688219,9.61669713517993e-06
mobility_support,28,employment_rate,0.8892322643470687,0.8893507536853917,0.8894692430237147,0.8893507536853917,0.00014811167290368354
mobility_support,28,congestion_index,0.7350735983952853,0.7358859373709519,0.7366982763466186,0.7358859373709519,0.0010154237195832416
mobility_support,28,health_system_load,0.9840726981952617,0.9840729246344819,0.9840731510737023,0.9840729246344819,2.83049025384674e-07
mobility_support,28,rumor_belief,0.01539541942003733,0.015458735370136223,0.015522051320235116,0.015458735370136223,7.914493762361564e-05
mobility_support,28,stress,0.519582412555471,0.5196819858143754,0.5197815590732798,0.5196819858143754,0.00012446657363052172
mobility_support,28,commute_minutes,24.455122107294958,24.460554667807166,24.46598722831937,24.460554667807166,0.006790700640257441
mobility_support,28,organization_vitality,0.7724249769529834,0.7724951642742648,0.7725653515955463,0.7724951642742648,8.773415160184816e-05
mobility_support,28,public_service_reliability,0.8225772006514831,0.8226136609133263,0.8226501211751696,0.8226136609133263,4.557532730403713e-05
mobility_support,28,policy_cost_100m_cny,5.169230769230771,5.169230769230771,5.169230769230771,5.169230769230771,0.0
mobility_support,29,life_satisfaction,0.006456767262511071,0.00647720998505087,0.0064976527075906705,0.00647720998505087,2.5553403174749436e-05
mobility_support,29,government_trust,0.15902181677933538,0.1592247324091981,0.1594276480390608,0.1592247324091981,0.00025364453732838743
mobility_support,29,economic_confidence,0.2629176393672678,0.262953007182936,0.2629883749986043,0.262953007182936,4.4209769585273895e-05
mobility_support,29,consumption_index,0.07898082372255069,0.0789881479656574,0.07899547220876411,0.0789881479656574,9.155303883380539e-06
mobility_support,29,employment_rate,0.8889908820740275,0.889077619198843,0.8891643563236584,0.889077619198843,0.00010842140601929895
mobility_support,29,congestion_index,0.7345178243170697,0.7352862216350518,0.7360546189530338,0.7352862216350518,0.0009604966474775489
mobility_support,29,health_system_load,0.9528914110002247,0.952894619736486,0.9528978284727474,0.952894619736486,4.010920326646961e-06
mobility_support,29,rumor_belief,0.012231286860266219,0.012281606319625188,0.012331925778984155,0.012281606319625188,6.289932419871035e-05
mobility_support,29,stress,0.513505396736447,0.5135961693882246,0.5136869420400022,0.5135961693882246,0.00011346581472204686
mobility_support,29,commute_minutes,24.45119295306151,24.456344859910697,24.461496766759883,24.456344859910697,0.006439883561483839
mobility_support,29,organization_vitality,0.7750794783358044,0.775145454417809,0.7752114304998137,0.775145454417809,8.24701025058383e-05
mobility_support,29,public_service_reliability,0.8226422450135278,0.8226775170917404,0.8227127891699532,0.8226775170917404,4.4090097765903113e-05
mobility_support,29,policy_cost_100m_cny,5.384615384615387,5.384615384615387,5.384615384615387,5.384615384615387,0.0
mobility_support,30,life_satisfaction,0.006360790097374276,0.006379545104650043,0.006398300111925811,0.006379545104650043,2.344375909470956e-05
mobility_support,30,government_trust,0.1584005987338477,0.15859117771315506,0.15878175669246242,0.15859117771315506,0.00023822372413420667
mobility_support,30,economic_confidence,0.2608439090718773,0.2608790610244619,0.2609142129770465,0.2608790610244619,4.393994073070839e-05
mobility_support,30,consumption_index,0.07892537379678696,0.07893166574032853,0.0789379576838701,0.07893166574032853,7.864929426962264e-06
mobility_support,30,employment_rate,0.8887601637293546,0.8888451555945707,0.8889301474597866,0.8888451555945707,0.00010623983151997196
mobility_support,30,congestion_index,0.7339992844863926,0.7347376844227669,0.7354760843591412,0.7347376844227669,0.000922999920467904
mobility_support,30,health_system_load,0.9253490592642224,0.9253549585130003,0.9253608577617783,0.9253549585130003,7.374060972453744e-06
mobility_support,30,rumor_belief,0.009719847434705504,0.00975984826942903,0.009799849104152556,0.00975984826942903,5.000104340440684e-05
mobility_support,30,stress,0.5080373546005756,0.5081203733874682,0.5082033921743606,0.5081203733874682,0.00010377348361562122
mobility_support,30,commute_minutes,24.447526940662712,24.4524940622174,24.45746118377209,24.4524940622174,0.00620890194335999
mobility_support,30,organization_vitality,0.7775747096356562,0.7776367271527405,0.7776987446698248,0.7776367271527405,7.752189635540363e-05
mobility_support,30,public_service_reliability,0.8227082061297817,0.822742301349457,0.8227763965691325,0.822742301349457,4.261902459418154e-05
mobility_support,30,policy_cost_100m_cny,5.600000000000002,5.600000000000002,5.600000000000002,5.600000000000002,0.0
integrated_response,0,life_satisfaction,0.512771605915856,0.512771605915856,0.512771605915856,0.512771605915856,0.0
integrated_response,0,government_trust,0.667750666160951,0.667750666160951,0.667750666160951,0.667750666160951,0.0
integrated_response,0,economic_confidence,0.5766229604929898,0.5769166925020115,0.5772104245110332,0.5769166925020115,0.0003671650112771485
integrated_response,0,consumption_index,0.6666851520494701,0.6667839813680596,0.6668828106866492,0.6667839813680596,0.00012353664823688826
integrated_response,0,employment_rate,0.9319559301481805,0.9319559301481805,0.9319559301481805,0.9319559301481805,0.0
integrated_response,0,congestion_index,0.8,0.8,0.8,0.8,0.0
integrated_response,0,health_system_load,0.65,0.65,0.65,0.65,0.0
integrated_response,0,rumor_belief,0.13766604025310025,0.13924299994261163,0.14081995963212302,0.13924299994261163,0.0019711996118892405
integrated_response,0,stress,0.3827986362740605,0.3829679450496214,0.38313725382518227,0.3829679450496214,0.00021163596945106278
integrated_response,0,commute_minutes,23.489245404099368,23.489245404099368,23.489245404099368,23.489245404099368,0.0
integrated_response,0,organization_vitality,0.8201110789333432,0.8201343211629898,0.8201575633926363,0.8201343211629898,2.9052787058225782e-05
integrated_response,0,public_service_reliability,0.8403058798820079,0.8403278057236474,0.840349731565287,0.8403278057236474,2.7407302049475835e-05
integrated_response,0,policy_cost_100m_cny,0.0,0.0,0.0,0.0,0.0
integrated_response,1,life_satisfaction,0.4819242832597969,0.4819297475418516,0.4819352118239062,0.4819297475418516,6.830352568293341e-06
integrated_response,1,government_trust,0.6432940965163495,0.6433428077871959,0.6433915190580424,0.6433428077871959,6.088908855800268e-05
integrated_response,1,economic_confidence,0.5580029722246735,0.5582790918130653,0.5585552114014571,0.5582790918130653,0.00034514948548980406
integrated_response,1,consumption_index,0.5972233602286835,0.5973422869158641,0.5974612136030447,0.5973422869158641,0.00014865835897570623
integrated_response,1,employment_rate,0.9319675903800216,0.9319680052494631,0.9319684201189046,0.9319680052494631,5.185868018342532e-07
integrated_response,1,congestion_index,0.7571546123959786,0.757973582874184,0.7587925533523894,0.757973582874184,0.0010237130977567843
integrated_response,1,health_system_load,0.6803958598816252,0.6811975977875098,0.6819993356933944,0.6811975977875098,0.001002172382355726
integrated_response,1,rumor_belief,0.10912538653536819,0.11040232301197764,0.11167925948858709,0.11040232301197764,0.0015961705957618158
integrated_response,1,stress,0.4026903437983491,0.4027826255457191,0.40287490729308906,0.4027826255457191,0.00011535218421246385
integrated_response,1,commute_minutes,24.5975578343892,24.603301951074783,24.609046067760367,24.603301951074783,0.0071801458569797924
integrated_response,1,organization_vitality,0.8199044141973426,0.8199262618932104,0.8199481095890783,0.8199262618932104,2.730961983471447e-05
integrated_response,1,public_service_reliability,0.8394997031909821,0.8395257461755858,0.8395517891601896,0.8395257461755858,3.255373075472523e-05
integrated_response,1,policy_cost_100m_cny,0.0,0.0,0.0,0.0,0.0
integrated_response,2,life_satisfaction,0.4511044275993659,0.4511113472350955,0.45111826687082507,0.4511113472350955,8.64954466195389e-06
integrated_response,2,government_trust,0.6206884357915706,0.6207752522266909,0.6208620686618112,0.6207752522266909,0.00010852054390037003
integrated_response,2,economic_confidence,0.540407719082912,0.5406665392961123,0.5409253595093125,0.5406665392961123,0.000323525266500313
integrated_response,2,consumption_index,0.5359654481762617,0.536095933913151,0.5362264196500405,0.536095933913151,0.00016310717111173156
integrated_response,2,employment_rate,0.9319567900505503,0.9319674338693817,0.9319780776882132,0.9319674338693817,1.3304773539335457e-05
integrated_response,2,congestion_index,0.757733470361184,0.7586162512147419,0.7594990320682998,0.7586162512147419,0.0011034760669474397
integrated_response,2,health_system_load,0.6810210673760544,0.6817509865667084,0.6824809057573623,0.6817509865667084,0.0009123989883174644
integrated_response,2,rumor_belief,0.0865123255744772,0.08754335085277909,0.08857437613108098,0.08754335085277909,0.0012887815978773615
integrated_response,2,stress,0.41904648870902383,0.41908177364578514,0.4191170585825464,0.41908177364578514,4.4106170951602186e-05
integrated_response,2,commute_minutes,24.601630963207082,24.60777950502605,24.613928046845015,24.60777950502605,0.007685677273705949
integrated_response,2,organization_vitality,0.819710149345502,0.8197306861796178,0.8197512230137335,0.8197306861796178,2.567104264461495e-05
integrated_response,2,public_service_reliability,0.8387351665353041,0.8387647536726865,0.838794340810069,0.8387647536726865,3.698392172801768e-05
integrated_response,2,policy_cost_100m_cny,0.0,0.0,0.0,0.0,0.0
integrated_response,3,life_satisfaction,0.4207064074856391,0.42071216364136504,0.420717919797091,0.42071216364136504,7.1951946574166925e-06
integrated_response,3,government_trust,0.5997136949155042,0.5998299055346246,0.5999461161537449,0.5998299055346246,0.00014526327390051996
integrated_response,3,economic_confidence,0.5237798293369822,0.5240225548109247,0.5242652802848674,0.5240225548109247,0.00030340684242818883
integrated_response,3,consumption_index,0.48187554607592104,0.48201159160126655,0.48214763712661207,0.48201159160126655,0.00017005690668187023
integrated_response,3,employment_rate,0.9319612089419044,0.9319731194705345,0.9319850299991648,0.9319731194705345,1.4888160787707161e-05
integrated_response,3,congestion_index,0.7583248942495261,0.759251098768151,0.7601773032867759,0.759251098768151,0.0011577556482811335
integrated_response,3,health_system_load,0.6816147359559355,0.6822785326173533,0.6829423292787711,0.6822785326173533,0.0008297458267722546
integrated_response,3,rumor_belief,0.06859590296913064,0.06942645779763298,0.07025701262613535,0.06942645779763298,0.0010381935356279445
integrated_response,3,stress,0.4325201936534475,0.4325245652497015,0.4325289368459555,0.4325245652497015,5.464495317519802e-06
integrated_response,3,commute_minutes,24.605783144375522,24.6122043592109,24.618625574046273,24.6122043592109,0.00802651854421832
integrated_response,3,organization_vitality,0.8195275403847719,0.8195468450088407,0.8195661496329094,0.8195468450088407,2.4130780085895864e-05
integrated_response,3,public_service_reliability,0.8380101753468201,0.838042787583903,0.838075399820986,0.838042787583903,4.0765296353661995e-05
integrated_response,3,policy_cost_100m_cny,0.0,0.0,0.0,0.0,0.0
integrated_response,4,life_satisfaction,0.39100342023657925,0.3910157931151899,0.3910281659938006,0.3910157931151899,1.5466098263305916e-05
integrated_response,4,government_trust,0.5801408160258227,0.5802720763392999,0.580403336652777,0.5802720763392999,0.00016407539184642994
integrated_response,4,economic_confidence,0.5076532361777781,0.5081111521309154,0.5085690680840528,0.5081111521309154,0.0005723949414216389
integrated_response,4,consumption_index,0.433998616604217,0.4341619671008525,0.43432531759748794,0.4341619671008525,0.00020418812079431303
integrated_response,4,employment_rate,0.9323775135788183,0.9324820459085346,0.9325865782382508,0.9324820459085346,0.00013066541214529215
integrated_response,4,congestion_index,0.7594189739790203,0.7602864301401404,0.7611538863012607,0.7602864301401404,0.0010843202014003128
integrated_response,4,health_system_load,0.6821783546353257,0.6827813024359313,0.6833842502365368,0.6827813024359313,0.0007536847507569333
integrated_response,4,rumor_belief,0.056639697947450184,0.057129590408736275,0.05761948287002236,0.057129590408736275,0.000612365576607609
integrated_response,4,stress,0.4436449679852029,0.4436666096435346,0.4436882513018663,0.4436666096435346,2.7052072914590664e-05
integrated_response,4,commute_minutes,24.552645449072884,24.552928343129867,24.55321123718685,24.552928343129867,0.0003536175712284262
integrated_response,4,organization_vitality,0.8254061531293018,0.8257547067828812,0.8261032604364607,0.8257547067828812,0.0004356920669743025
integrated_response,4,public_service_reliability,0.837322736501427,0.8373579043125519,0.8373930721236769,0.8373579043125519,4.395976390619838e-05
integrated_response,4,policy_cost_100m_cny,1.1851851851851851,1.1851851851851851,1.1851851851851851,1.1851851851851851,0.0
integrated_response,5,life_satisfaction,0.3625922505012836,0.3626018162132339,0.3626113819251842,0.3626018162132339,1.1957139937901484e-05
integrated_response,5,government_trust,0.5618125891365462,0.5619610376774988,0.5621094862184514,0.5619610376774988,0.00018556067619074357
integrated_response,5,economic_confidence,0.4927331986618186,0.4929603619719538,0.493187525282089,0.4929603619719538,0.00028395413766899025
integrated_response,5,consumption_index,0.39206699909988263,0.3922271773067987,0.3923873555137148,0.3922271773067987,0.0002002227586450911
integrated_response,5,employment_rate,0.9329412101471417,0.9329563883512256,0.9329715665553096,0.9329563883512256,1.8972755104873507e-05
integrated_response,5,congestion_index,0.7502941297488527,0.7512730173689471,0.7522519049890416,0.7512730173689471,0.00122360952511813
integrated_response,5,health_system_load,0.682713352488995,0.6832603327008206,0.6838073129126463,0.6832603327008206,0.0006837252647820535
integrated_response,5,rumor_belief,0.046918894725563494,0.047474256247903905,0.048029617770244316,0.047474256247903905,0.0006942019029255175
integrated_response,5,stress,0.44487484500766145,0.4449085812472046,0.4449423174867478,0.4449085812472046,4.217029942893413e-05
integrated_response,5,commute_minutes,24.474497976101237,24.486389314400043,24.498280652698845,24.486389314400043,0.014864172873506831
integrated_response,5,organization_vitality,0.831390423229825,0.8314205546857408,0.8314506861416566,0.8314205546857408,3.766431989471464e-05
integrated_response,5,public_service_reliability,0.8366709536862323,0.8367082529984607,0.8367455523106891,0.8367082529984607,4.662414028544504e-05
integrated_response,5,policy_cost_100m_cny,2.581908831908832,2.581908831908832,2.581908831908832,2.581908831908832,0.0
integrated_response,6,life_satisfaction,0.33614305498490404,0.33615425707639046,0.3361654591678768,0.33615425707639046,1.4002614357994103e-05
integrated_response,6,government_trust,0.5446309987201086,0.5447879753724376,0.5449449520247666,0.5447879753724376,0.00019622081541120773
integrated_response,6,economic_confidence,0.4785175551226801,0.47885225787987595,0.4791869606370717,0.47885225787987595,0.00041837844649475486
integrated_response,6,consumption_index,0.3671687708384865,0.36733784884264914,0.3675069268468118,0.36733784884264914,0.00021134750520329648
integrated_response,6,employment_rate,0.9334765913768153,0.9335367827851662,0.9335969741935172,0.9335367827851662,7.523926043867535e-05
integrated_response,6,congestion_index,0.7513324973409342,0.7522716167189739,0.7532107360970136,0.7522716167189739,0.0011738992225496236
integrated_response,6,health_system_load,0.6832210998668454,0.6837166293752235,0.6842121588836014,0.6837166293752235,0.0006194118854724873
integrated_response,6,rumor_belief,0.03930805003945446,0.03966015048160254,0.04001225092375062,0.03966015048160254,0.0004401255526851021
integrated_response,6,stress,0.43866398397658035,0.43870213385888673,0.4387402837411931,0.43870213385888673,4.768735288296355e-05
integrated_response,6,commute_minutes,24.494884762515365,24.49834802283234,24.50181128314931,24.49834802283234,0.0043290753962157424
integrated_response,6,organization_vitality,0.8368430736400075,0.8370441947549871,0.8372453158699668,0.8370441947549871,0.0002514013937244819
integrated_response,6,public_service_reliability,0.8360530229574561,0.8360920713865354,0.8361311198156147,0.8360920713865354,4.881053634919752e-05
integrated_response,6,policy_cost_100m_cny,4.878632478632479,4.878632478632479,4.878632478632479,4.878632478632479,0.0
integrated_response,7,life_satisfaction,0.3115425315853035,0.3115522381391558,0.3115619446930081,0.3115522381391558,1.213319231535559e-05
integrated_response,7,government_trust,0.5284876869108285,0.5286522447109053,0.5288168025109822,0.5286522447109053,0.00020569725009611517
integrated_response,7,economic_confidence,0.465252863144217,0.46549834139375834,0.46574381964329964,0.46549834139375834,0.00030684781192666377
integrated_response,7,consumption_index,0.3451417759130192,0.34530844260211446,0.3454751092912098,0.34530844260211446,0.00020833336136913405
integrated_response,7,employment_rate,0.9341187258071987,0.934131067650472,0.9341434094937454,0.934131067650472,1.542730409176407e-05
integrated_response,7,congestion_index,0.752289540658959,0.7532659300652431,0.7542423194715272,0.7532659300652431,0.0012204867578551326
integrated_response,7,health_system_load,0.6837029097521453,0.6841511671043287,0.684599424456512,0.6841511671043287,0.0005603216902292374
integrated_response,7,rumor_belief,0.03314771949682612,0.03348583617898321,0.033823952861140295,0.03348583617898321,0.00042264585269635724
integrated_response,7,stress,0.43288676844764085,0.43292612581182155,0.43296548317600225,0.43292612581182155,4.91967052259068e-05
integrated_response,7,commute_minutes,24.495942594907405,24.504430408563415,24.512918222219426,24.504430408563415,0.0106097670700116
integrated_response,7,organization_vitality,0.8422056305978483,0.8422918339376115,0.8423780372773747,0.8422918339376115,0.00010775417470404447
integrated_response,7,public_service_reliability,0.8354672284828625,0.8355076818572467,0.8355481352316309,0.8355076818572467,5.0566717980204956e-05
integrated_response,7,policy_cost_100m_cny,7.175356125356126,7.175356125356126,7.175356125356126,7.175356125356126,0.0
integrated_response,8,life_satisfaction,0.29023977845496274,0.2902486740031949,0.290257569551427,0.2902486740031949,1.1119435290196655e-05
integrated_response,8,government_trust,0.5163747203960993,0.516542157916651,0.5167095954372027,0.516542157916651,0.00020929690068960394
integrated_response,8,economic_confidence,0.45226895325828725,0.4524953967633963,0.4527218402685053,0.4524953967633963,0.0002830543813863162
integrated_response,8,consumption_index,0.3255298085299104,0.3256923276295336,0.32585484672915677,0.3256923276295336,0.0002031488745289911
integrated_response,8,employment_rate,0.9344908887070088,0.9344941383973765,0.9344973880877442,0.9344941383973765,4.062112959668518e-06
integrated_response,8,congestion_index,0.7530585329309182,0.7540640634457053,0.7550695939604924,0.7540640634457053,0.001256913143483862
integrated_response,8,health_system_load,0.5607869174043753,0.5611187613646941,0.5614506053250129,0.5611187613646941,0.000414804950398473
integrated_response,8,rumor_belief,0.02861463253179557,0.02888929012759968,0.029163947723403784,0.02888929012759968,0.00034332199475513477
integrated_response,8,stress,0.4275711277520397,0.4276109561650201,0.42765078457800043,0.4276109561650201,4.978551622544791e-05
integrated_response,8,commute_minutes,24.493221224722912,24.500233020802,24.50724481688109,24.500233020802,0.00876474509886016
integrated_response,8,organization_vitality,0.8465950473927433,0.8466687253025922,0.8467424032124411,0.8466687253025922,9.20973873110853e-05
integrated_response,8,public_service_reliability,0.8349119384625734,0.8349534876144811,0.8349950367663888,0.8349534876144811,5.193643988460339e-05
integrated_response,8,policy_cost_100m_cny,10.043508343508345,10.043508343508345,10.043508343508345,10.043508343508345,0.0
integrated_response,9,life_satisfaction,0.26757511538227335,0.26778530431382924,0.26799549324538513,0.26778530431382924,0.0002627361644448878
integrated_response,9,government_trust,0.5018367446673739,0.5022429347948885,0.502649124922403,0.5022429347948885,0.0005077376593931593
integrated_response,9,economic_confidence,0.4395279093690382,0.4397305616456926,0.439933213922347,0.4397305616456926,0.0002533153458180448
integrated_response,9,consumption_index,0.3065206563896512,0.3065509057713075,0.30658115515296386,0.3065509057713075,3.7811727070374834e-05
integrated_response,9,employment_rate,0.9344478773289245,0.9344521220999119,0.9344563668708993,0.9344521220999119,5.305963734159036e-06
integrated_response,9,congestion_index,0.7823390937026776,0.7840970099702249,0.7858549262377723,0.7840970099702249,0.002197395334434138
integrated_response,9,health_system_load,0.6636529269257649,0.6732554781271927,0.6828580293286204,0.6732554781271927,0.012003189001784653
integrated_response,9,rumor_belief,0.027700880349282298,0.028134485348929237,0.028568090348576176,0.028134485348929237,0.0005420062495586735
integrated_response,9,stress,0.44646420626254596,0.4486068464701992,0.4507494866778524,0.4486068464701992,0.0026783002595665295
integrated_response,9,commute_minutes,25.2595343947007,25.322352336346952,25.385170277993208,25.322352336346952,0.07852242705781798
integrated_response,9,organization_vitality,0.8500526865744384,0.8501066127482171,0.8501605389219958,0.8501066127482171,6.740771722330008e-05
integrated_response,9,public_service_reliability,0.8332727754847166,0.8333989921475438,0.8335252088103708,0.8333989921475438,0.00015777082853390967
integrated_response,9,policy_cost_100m_cny,12.911660561660563,12.911660561660563,12.911660561660563,12.911660561660563,0.0
integrated_response,10,life_satisfaction,0.24473774772020107,0.2449657869885717,0.24519382625694233,0.2449657869885717,0.00028504908546329866
integrated_response,10,government_trust,0.48621027578957937,0.48663848302186585,0.4870666902541523,0.48663848302186585,0.0005352590403580881
integrated_response,10,economic_confidence,0.4271606141489079,0.4273862497862203,0.4276118854235327,0.4273862497862203,0.0002820445466405197
integrated_response,10,consumption_index,0.28824548981596776,0.2882752931603776,0.28830509650478736,0.2882752931603776,3.725418051223062e-05
integrated_response,10,employment_rate,0.9340603157816545,0.9340636949148697,0.934067074048085,0.9340636949148697,4.2239165190527395e-06
integrated_response,10,congestion_index,0.7772583312709187,0.7801399111042229,0.7830214909375272,0.7801399111042229,0.0036019747916303246
integrated_response,10,health_system_load,0.7537586825374784,0.7555427278852445,0.7573267732330107,0.7555427278852445,0.0022300566847077152
integrated_response,10,rumor_belief,0.027131565249113764,0.027297677474416665,0.027463789699719562,0.027297677474416665,0.00020764028162862345
integrated_response,10,stress,0.4622488112900703,0.46258924556150127,0.4629296798329323,0.46258924556150127,0.00042554283928877834
integrated_response,10,commute_minutes,25.122991530472795,25.179534946150774,25.236078361828756,25.179534946150774,0.07067926959747517
integrated_response,10,organization_vitality,0.8528559152214339,0.8529570771518218,0.8530582390822098,0.8529570771518218,0.00012645241298497867
integrated_response,10,public_service_reliability,0.8320279377519337,0.8320896982025119,0.83215145865309,0.8320896982025119,7.72005632226902e-05
integrated_response,10,policy_cost_100m_cny,15.779812779812781,15.779812779812781,15.779812779812781,15.779812779812781,0.0
integrated_response,11,life_satisfaction,0.221248822439304,0.2215687299887012,0.22188863753809843,0.2215687299887012,0.0003998844367465032
integrated_response,11,government_trust,0.4689720059850156,0.4695049084626504,0.47003781094028524,0.4695049084626504,0.0006661280970435279
integrated_response,11,economic_confidence,0.415734181745773,0.41597133936362735,0.4162084969814817,0.41597133936362735,0.0002964470223179583
integrated_response,11,consumption_index,0.27066506658209394,0.27067666133341983,0.2706882560847457,0.27067666133341983,1.4493439157381438e-05
integrated_response,11,employment_rate,0.9334597313495829,0.9334993115876116,0.9335388918256403,0.9334993115876116,4.947529753590585e-05
integrated_response,11,congestion_index,0.7879965542725305,0.7880032145079106,0.7880098747432908,0.7880032145079106,8.325294225175472e-06
integrated_response,11,health_system_load,0.8448391268625912,0.8499686585634221,0.8550981902642529,0.8499686585634221,0.006411914626038628
integrated_response,11,rumor_belief,0.026642115975951196,0.02682775337425823,0.02701339077256527,0.02682775337425823,0.00023204674788379794
integrated_response,11,stress,0.4780685820397873,0.47911386368302256,0.48015914532625786,0.47911386368302256,0.0013066020540440648
integrated_response,11,commute_minutes,25.323572550071436,25.34226330768666,25.360954065301886,25.34226330768666,0.023363447019029593
integrated_response,11,organization_vitality,0.8559020265029886,0.8560342225200637,0.8561664185371386,0.8560342225200637,0.00016524502134368513
integrated_response,11,public_service_reliability,0.8305783120012384,0.8306693770651234,0.8307604421290086,0.8306693770651234,0.00011383132985637312
integrated_response,11,policy_cost_100m_cny,18.647964997964998,18.647964997964998,18.647964997964998,18.647964997964998,0.0
integrated_response,12,life_satisfaction,0.19802733756411944,0.19849248476735026,0.19895763197058108,0.19849248476735026,0.0005814340040385252
integrated_response,12,government_trust,0.461402460729136,0.4621024933944281,0.4628025260597203,0.4621024933944281,0.000875040831615187
integrated_response,12,economic_confidence,0.404811376544326,0.4050641071857871,0.4053168378272483,0.4050641071857871,0.00031591330182642596
integrated_response,12,consumption_index,0.25394046815943766,0.2540172106688305,0.2540939531782233,0.2540172106688305,9.592813674103029e-05
integrated_response,12,employment_rate,0.9327296350091618,0.9327577963899258,0.9327859577706897,0.9327577963899258,3.5201725954892016e-05
integrated_response,12,congestion_index,0.787093362714028,0.78710745109997,0.787121539485912,0.78710745109997,1.7610482427488083e-05
integrated_response,12,health_system_load,0.9189569766305797,0.9268361611157094,0.934715345600839,0.9268361611157094,0.009848980606412094
integrated_response,12,rumor_belief,0.001396947344656305,0.0013973199081271411,0.0013976924715979773,0.0013973199081271411,4.657043385452274e-07
integrated_response,12,stress,0.4888138820420676,0.4903939368560638,0.49197399167005995,0.4903939368560638,0.00197506851749521
integrated_response,12,commute_minutes,25.267245093910176,25.284150208809294,25.301055323708407,25.284150208809294,0.021131393623894823
integrated_response,12,organization_vitality,0.8586223854752228,0.8587903351897037,0.8589582849041847,0.8587903351897037,0.00020993714310107991
integrated_response,12,public_service_reliability,0.829275649286887,0.8293916856814514,0.8295077220760159,0.8293916856814514,0.00014504549320554228
integrated_response,12,policy_cost_100m_cny,21.582783882783882,21.582783882783882,21.582783882783882,21.582783882783882,0.0
integrated_response,13,life_satisfaction,0.17490284368730497,0.1755343148932862,0.17616578609926742,0.1755343148932862,0.0007893390074765333
integrated_response,13,government_trust,0.45113863152949635,0.4519927317874828,0.45284683204546927,0.4519927317874828,0.0010676253224830845
integrated_response,13,economic_confidence,0.39408932543808184,0.3941571587436854,0.3942249920492889,0.3941571587436854,8.479163200439399e-05
integrated_response,13,consumption_index,0.2379296909470061,0.23809164045353376,0.2382535899600614,0.23809164045353376,0.00020243688315955966
integrated_response,13,employment_rate,0.9317216362701771,0.9317996620812472,0.9318776878923174,0.9317996620812472,9.75322638376297e-05
integrated_response,13,congestion_index,0.7887290179002123,0.7892537038588567,0.789778389817501,0.7892537038588567,0.0006558574483054858
integrated_response,13,health_system_load,0.9994461472098597,1.0087307979039184,1.018015448597977,1.0087307979039184,0.011605813367573381
integrated_response,13,rumor_belief,0.0015818880273747351,0.0016879750071448277,0.0017940619869149205,0.0016879750071448277,0.00013260872471261575
integrated_response,13,stress,0.5008959987916308,0.5026920899145189,0.5044881810374068,0.5026920899145189,0.0022451139036099854
integrated_response,13,commute_minutes,25.306388835763208,25.310299326137606,25.314209816512005,25.310299326137606,0.00488811296799696
integrated_response,13,organization_vitality,0.8604698476002757,0.8605570110813585,0.8606441745624414,0.8605570110813585,0.00010895435135349629
integrated_response,13,public_service_reliability,0.8279459338740829,0.828075891979497,0.8282058500849113,0.828075891979497,0.00016244763176781474
integrated_response,13,policy_cost_100m_cny,24.517602767602767,24.517602767602767,24.517602767602767,24.517602767602767,0.0
integrated_response,14,life_satisfaction,0.15242669620744664,0.1528602237864005,0.15329375136535434,0.1528602237864005,0.0005419094736923147
integrated_response,14,government_trust,0.4396891355521215,0.4404181296814659,0.4411471238108103,0.4404181296814659,0.0009112426616804947
integrated_response,14,economic_confidence,0.3836756909163868,0.3838058235275479,0.38393595613870896,0.3838058235275479,0.0001626657639513529
integrated_response,14,consumption_index,0.2229420830559838,0.2229934769222428,0.2230448707885018,0.2229934769222428,6.42423328237468e-05
integrated_response,14,employment_rate,0.9306911480585711,0.930797769658327,0.9309043912580829,0.930797769658327,0.0001332769996948424
integrated_response,14,congestion_index,0.7854801948472577,0.7907926270162906,0.7961050591853234,0.7907926270162906,0.006640540211291068
integrated_response,14,health_system_load,1.0786462235390515,1.0850804063996977,1.091514589260344,1.0850804063996977,0.00804272857580779
integrated_response,14,rumor_belief,0.002409985224603798,0.00244575566279797,0.002481526100992142,0.00244575566279797,4.4713047742714774e-05
integrated_response,14,stress,0.5124086728145427,0.5138314911335959,0.5152543094526493,0.5138314911335959,0.0017785228988165813
integrated_response,14,commute_minutes,25.20818892717107,25.32235093431297,25.43651294145487,25.32235093431297,0.1427025089273748
integrated_response,14,organization_vitality,0.861843462520644,0.8622021312519775,0.862560799983311,0.8622021312519775,0.00044833591416693075
integrated_response,14,public_service_reliability,0.8268020602846775,0.8268085845156177,0.8268151087465578,0.8268085845156177,8.15528867514903e-06
integrated_response,14,policy_cost_100m_cny,27.452421652421652,27.452421652421652,27.452421652421652,27.452421652421652,0.0
integrated_response,15,life_satisfaction,0.13058201123409174,0.13083231937096476,0.13108262750783778,0.13083231937096476,0.000312885171091265
integrated_response,15,government_trust,0.4270727318834194,0.4276367817211718,0.42820083155892424,0.4276367817211718,0.0007050622971905285
integrated_response,15,economic_confidence,0.3740551275281459,0.37406542675673704,0.3740757259853281,0.37406542675673704,1.287403573888013e-05
integrated_response,15,consumption_index,0.2093728803039222,0.20943342585113844,0.20949397139835466,0.20943342585113844,7.568193402028578e-05
integrated_response,15,employment_rate,0.929752672383341,0.9298124868467134,0.9298723013100857,0.9298124868467134,7.476807921535933e-05
integrated_response,15,congestion_index,0.7927845517619657,0.7939320739837016,0.7950795962054374,0.7939320739837016,0.0014344027771697743
integrated_response,15,health_system_load,1.1548269374601807,1.1608385227875997,1.1668501081150187,1.1608385227875997,0.0075144816592735975
integrated_response,15,rumor_belief,0.0026558531022464254,0.002671806953986766,0.002687760805727107,0.002671806953986766,1.9942314675425914e-05
integrated_response,15,stress,0.5234924380659114,0.5247810345300261,0.526069630994141,0.5247810345300261,0.0016107455801434578
integrated_response,15,commute_minutes,25.368663501485123,25.374983653642815,25.381303805800503,25.374983653642815,0.007900190197110746
integrated_response,15,organization_vitality,0.8636872461132735,0.8638562921592154,0.8640253382051574,0.8638562921592154,0.00021130755742737595
integrated_response,15,public_service_reliability,0.8255480889394352,0.8255540426524443,0.8255599963654533,0.8255540426524443,7.442141261249091e-06
integrated_response,15,policy_cost_100m_cny,30.387240537240537,30.387240537240537,30.387240537240537,30.387240537240537,0.0
integrated_response,16,life_satisfaction,0.11033521844149931,0.1105797716410512,0.1108243248406031,0.1105797716410512,0.00030569149943987517
integrated_response,16,government_trust,0.41330363894882,0.41385501630912264,0.4144063936694253,0.41385501630912264,0.0006892217003783285
integrated_response,16,economic_confidence,0.36491880539895594,0.36501061033953697,0.365102415280118,0.36501061033953697,0.00011475617572626051
integrated_response,16,consumption_index,0.19864564276566762,0.19866921135243548,0.19869277993920337,0.19866921135243548,2.9460733459843458e-05
integrated_response,16,employment_rate,0.9288178720841693,0.9288942317051934,0.9289705913262175,0.9288942317051934,9.544952628010028e-05
integrated_response,16,congestion_index,0.7930046173854457,0.7937120204503934,0.794419423515341,0.7937120204503934,0.0008842538311846226
integrated_response,16,health_system_load,1.2211850928702068,1.2234637695725614,1.225742446274916,1.2234637695725614,0.002848345877943359
integrated_response,16,rumor_belief,0.0030433631387447855,0.0030614277849976435,0.003079492431250501,0.0030614277849976435,2.2580807816072407e-05
integrated_response,16,stress,0.5327699054365026,0.5331068938585777,0.5334438822806528,0.5331068938585777,0.0004212355275938773
integrated_response,16,commute_minutes,25.302940128600728,25.342469534576118,25.381998940551508,25.342469534576118,0.04941175746923676
integrated_response,16,organization_vitality,0.8653992023514742,0.8656722630212853,0.8659453236910964,0.8656722630212853,0.0003413258372638728
integrated_response,16,public_service_reliability,0.8243443191882464,0.8244101372905647,0.824475955392883,0.8244101372905647,8.227262789783918e-05
integrated_response,16,policy_cost_100m_cny,33.322059422059425,33.322059422059425,33.322059422059425,33.322059422059425,0.0
integrated_response,17,life_satisfaction,0.09299467898077456,0.09319334044404246,0.09339200190731035,0.09319334044404246,0.00024832682908487724
integrated_response,17,government_trust,0.39888683438129524,0.39935933870117923,0.3998318430210633,0.39935933870117923,0.0005906303998550466
integrated_response,17,economic_confidence,0.3561268122561105,0.3564447224747394,0.35676263269336833,0.3564447224747394,0.0003973877732861286
integrated_response,17,consumption_index,0.1896728828853255,0.1896798991789227,0.1896869154725199,0.1896798991789227,8.770366996507795e-06
integrated_response,17,employment_rate,0.927871888542061,0.9279812119535356,0.92809053536501,0.9279812119535356,0.00013665426434311678
integrated_response,17,congestion_index,0.7938927786752438,0.7956752290519329,0.7974576794286219,0.7956752290519329,0.0022280629708613664
integrated_response,17,health_system_load,1.2827883617902025,1.2829201427353008,1.2830519236803992,1.2829201427353008,0.00016472618137297612
integrated_response,17,rumor_belief,0.0027447696113598596,0.0030266415472231826,0.0033085134830865056,0.0030266415472231826,0.00035233991982915394
integrated_response,17,stress,0.5407128130891844,0.5408038409774201,0.5408948688656557,0.5408038409774201,0.00011378486029456347
integrated_response,17,commute_minutes,25.34389759322231,25.367771251960242,25.391644910698172,25.367771251960242,0.029842073422413407
integrated_response,17,organization_vitality,0.8668210690064169,0.8674077530972035,0.8679944371879902,0.8674077530972035,0.0007333551134832694
integrated_response,17,public_service_reliability,0.823255143790195,0.8233046408841109,0.8233541379780269,0.8233046408841109,6.187136739493893e-05
integrated_response,17,policy_cost_100m_cny,36.25687830687831,36.25687830687831,36.25687830687831,36.25687830687831,0.0
integrated_response,18,life_satisfaction,0.07880750587902702,0.0789643976973747,0.07912128951572238,0.0789643976973747,0.0001961147729345955
integrated_response,18,government_trust,0.38377222686568035,0.38420929726771835,0.3846463676697564,0.38420929726771835,0.0005463380025475251
integrated_response,18,economic_confidence,0.3479418255166023,0.34807263766618596,0.3482034498157696,0.34807263766618596,0.00016351518697954592
integrated_response,18,consumption_index,0.1813976480241563,0.181399828083334,0.18140200814251167,0.181399828083334,2.725073972087433e-06
integrated_response,18,employment_rate,0.9269477313522133,0.9270192421834369,0.9270907530146604,0.9270192421834369,8.938853902945576e-05
integrated_response,18,congestion_index,0.7943621826940883,0.7952920307940958,0.7962218788941035,0.7952920307940958,0.0011623101250093915
integrated_response,18,health_system_load,1.3334279025287654,1.3337673043638714,1.3341067061989773,1.3337673043638714,0.00042425229388243224
integrated_response,18,rumor_belief,0.003248239552412489,0.0035437811326593646,0.00383932271290624,0.0035437811326593646,0.0003694269753085945
integrated_response,18,stress,0.546709050870982,0.5468881099799454,0.547067169088909,0.5468881099799454,0.0002238238862042885
integrated_response,18,commute_minutes,25.33371552574651,25.337382012400603,25.341048499054693,25.337382012400603,0.0045831083176164356
integrated_response,18,organization_vitality,0.8683781545859872,0.868678393248195,0.8689786319104027,0.868678393248195,0.00037529832775962113
integrated_response,18,public_service_reliability,0.8222339373373835,0.8222789568538855,0.8223239763703876,0.8222789568538855,5.627439562755354e-05
integrated_response,18,policy_cost_100m_cny,39.1916971916972,39.1916971916972,39.1916971916972,39.1916971916972,0.0
integrated_response,19,life_satisfaction,0.06859017990390169,0.06871985782770239,0.06884953575150309,0.06871985782770239,0.00016209740475087164
integrated_response,19,government_trust,0.3704459606022088,0.3708432510786249,0.37124054155504105,0.3708432510786249,0.0004966130955201264
integrated_response,19,economic_confidence,0.34067048406341494,0.3408096901718086,0.34094889628020236,0.3408096901718086,0.0001740076354921627
integrated_response,19,consumption_index,0.17482440815822695,0.17482667091596302,0.1748289336736991,0.17482667091596302,2.82844717008901e-06
integrated_response,19,employment_rate,0.9262264212726995,0.9263020515513569,0.9263776818300143,0.9263020515513569,9.453784832180734e-05
integrated_response,19,congestion_index,0.7690020883353587,0.7700315374409934,0.7710609865466282,0.7700315374409934,0.0012868113820435068
integrated_response,19,health_system_load,1.253781232893348,1.2542112334631932,1.2546412340330384,1.2542112334631932,0.0005375007123065156
integrated_response,19,rumor_belief,0.003612291006566429,0.0038784922979676097,0.00414469358936879,0.0038784922979676097,0.0003327516142514759
integrated_response,19,stress,0.5289404242772293,0.5291348274176575,0.5293292305580857,0.5291348274176575,0.00024300392553522343
integrated_response,19,commute_minutes,24.60627405577915,24.613610262217495,24.62094646865584,24.613610262217495,0.009170258047934254
integrated_response,19,organization_vitality,0.8705461942274313,0.8708470688389163,0.8711479434504013,0.8708470688389163,0.00037609326435622537
integrated_response,19,public_service_reliability,0.8221847646178156,0.8222280063033606,0.8222712479889055,0.8222280063033606,5.405210693121276e-05
integrated_response,19,policy_cost_100m_cny,42.12651607651609,42.12651607651609,42.12651607651609,42.12651607651609,0.0
integrated_response,20,life_satisfaction,0.06102179503055735,0.061125694527216036,0.06122959402387472,0.061125694527216036,0.00012987437082335324
integrated_response,20,government_trust,0.3595299125810539,0.3599369672726992,0.36034402196434456,0.3599369672726992,0.0005088183645566569
integrated_response,20,economic_confidence,0.3341925819438102,0.33428539594229145,0.3343782099407727,0.33428539594229145,0.0001160174981015838
integrated_response,20,consumption_index,0.16963009139793703,0.16963522598537137,0.1696403605728057,0.16963522598537137,6.418234292926428e-06
integrated_response,20,employment_rate,0.9256043844673528,0.9256741158496744,0.9257438472319961,0.9256741158496744,8.716422790205902e-05
integrated_response,20,congestion_index,0.768096582463265,0.7690977760957771,0.7700989697282892,0.7690977760957771,0.0012514920406401786
integrated_response,20,health_system_load,1.1834249587805479,1.183508804482846,1.1835926501851441,1.183508804482846,0.00010480712787253044
integrated_response,20,rumor_belief,0.003772853952610479,0.0038161138485238396,0.0038593737444372004,0.0038161138485238396,5.407486989170108e-05
integrated_response,20,stress,0.5133334451794688,0.513416618030786,0.5134997908821033,0.513416618030786,0.00010396606414658782
integrated_response,20,commute_minutes,24.610125451478936,24.61526224099707,24.6203990305152,24.61526224099707,0.006420986897664349
integrated_response,20,organization_vitality,0.8731828619048795,0.873405538759961,0.8736282156150424,0.873405538759961,0.000278346068851798
integrated_response,20,public_service_reliability,0.8221468456776263,0.8221927050630691,0.8222385644485117,0.8221927050630691,5.7324231803435044e-05
integrated_response,20,policy_cost_100m_cny,45.06133496133498,45.06133496133498,45.06133496133498,45.06133496133498,0.0
integrated_response,21,life_satisfaction,0.055491918559425694,0.05558257900120836,0.05567323944299103,0.05558257900120836,0.00011332555222833343
integrated_response,21,government_trust,0.3518854087702538,0.35227949625602795,0.3526735837418021,0.35227949625602795,0.0004926093572176771
integrated_response,21,economic_confidence,0.3282952586403185,0.3284346518942488,0.3285740451481791,0.3284346518942488,0.00017424156741285834
integrated_response,21,consumption_index,0.16564586556309235,0.16565528919199884,0.16566471282090534,0.16565528919199884,1.1779536133113555e-05
integrated_response,21,employment_rate,0.9251080138042724,0.9251923484936468,0.9252766831830213,0.9251923484936468,0.00010541836171801267
integrated_response,21,congestion_index,0.7672909026977075,0.7682773381240833,0.769263773550459,0.7682773381240833,0.0012330442829697752
integrated_response,21,health_system_load,1.112720711823729,1.1127827684310119,1.1128448250382947,1.1127827684310119,7.757075910364009e-05
integrated_response,21,rumor_belief,0.0009281729549753697,0.0009341628792747807,0.0009401528035741915,0.0009341628792747807,7.487405374263648e-06
integrated_response,21,stress,0.4978177257779618,0.49789373738650633,0.4979697489950508,0.49789373738650633,9.501451068064104e-05
integrated_response,21,commute_minutes,24.60067950853766,24.60850236019133,24.616325211844998,24.60850236019133,0.009778564567087145
integrated_response,21,organization_vitality,0.8760080215734531,0.8762884368316892,0.8765688520899253,0.8762884368316892,0.00035051907279504135
integrated_response,21,public_service_reliability,0.8221862637888873,0.8222310111830664,0.8222757585772456,0.8222310111830664,5.593424272387626e-05
integrated_response,21,policy_cost_100m_cny,47.99615384615387,47.99615384615387,47.99615384615387,47.99615384615387,0.0
integrated_response,22,life_satisfaction,0.04978660491959876,0.049872461292055865,0.04995831766451297,0.049872461292055865,0.00010732046557137415
integrated_response,22,government_trust,0.3404609004868567,0.3408443169437939,0.34122773340073115,0.3408443169437939,0.0004792705711715306
integrated_response,22,economic_confidence,0.32256119420398355,0.3228572532990843,0.3231533123941851,0.3228572532990843,0.00037007386887594196
integrated_response,22,consumption_index,0.16260990406623935,0.16263456255315986,0.16265922104008038,0.16263456255315986,3.082310865065718e-05
integrated_response,22,employment_rate,0.9245710987382828,0.924685127347552,0.9247991559568214,0.924685127347552,0.00014253576158657077
integrated_response,22,congestion_index,0.7664752633944433,0.7674510412616973,0.7684268191289512,0.7674510412616973,0.0012197223340674745
integrated_response,22,health_system_load,1.2817249820419843,1.2817801574347274,1.2818353328274705,1.2817801574347274,6.896924092902879e-05
integrated_response,22,rumor_belief,0.00019885807715448858,0.00020545732249677238,0.00021205656783905618,0.00020545732249677238,8.249056677854747e-06
integrated_response,22,stress,0.4841584864071522,0.48422998641403747,0.48430148642092274,0.48422998641403747,8.937500860656256e-05
integrated_response,22,commute_minutes,24.591291758310987,24.601871709445252,24.612451660579516,24.601871709445252,0.013224938917829832
integrated_response,22,organization_vitality,0.8784481323417844,0.8789469393822726,0.8794457464227607,0.8789469393822726,0.0006235088006101841
integrated_response,22,public_service_reliability,0.822231223082358,0.8222748268304372,0.8223184305785165,0.8222748268304372,5.450468509909934e-05
integrated_response,22,policy_cost_100m_cny,50.35954415954418,50.35954415954418,50.35954415954418,50.35954415954418,0.0
integrated_response,23,life_satisfaction,0.045562604379337436,0.04564474697235254,0.04572688956536764,0.04564474697235254,0.00010267824126887481
integrated_response,23,government_trust,0.33129234600618873,0.33166220537791113,0.33203206474963354,0.33166220537791113,0.0004623242146530038
integrated_response,23,economic_confidence,0.31750129219503304,0.317566981711162,0.31763267122729094,0.317566981711162,8.211189516116324e-05
integrated_response,23,consumption_index,0.16033389674792828,0.16035619621684327,0.16037849568575824,0.16035619621684327,2.7874336143721146e-05
integrated_response,23,employment_rate,0.9241668372036556,0.9242364386636868,0.924306040123718,0.9242364386636868,8.700182503906806e-05
integrated_response,23,congestion_index,0.7657598256362074,0.7666737923091415,0.7675877589820755,0.7666737923091415,0.0011424583411676625
integrated_response,23,health_system_load,1.2150901745174436,1.2151294946817943,1.2151688148461453,1.2151294946817943,4.9150205438608374e-05
integrated_response,23,rumor_belief,3.656979701712196e-05,3.818767224278815e-05,3.9805547468454335e-05,3.818767224278815e-05,2.022344032082731e-06
integrated_response,23,stress,0.4721621330539198,0.47222201873907566,0.47228190442423146,0.47222201873907566,7.485710644480892e-05
integrated_response,23,commute_minutes,24.595376053413638,24.596087330035033,24.596798606656428,24.596087330035033,0.0008890957767455632
integrated_response,23,organization_vitality,0.881265553052914,0.8814235356913263,0.8815815183297384,0.8814235356913263,0.0001974782980152523
integrated_response,23,public_service_reliability,0.8222809167109719,0.8223233529598644,0.8223657892087568,0.8223233529598644,5.304531111560706e-05
integrated_response,23,policy_cost_100m_cny,52.72293447293449,52.72293447293449,52.72293447293449,52.72293447293449,0.0
integrated_response,24,life_satisfaction,0.042347279555345535,0.04242542430145653,0.04250356904756753,0.04242542430145653,9.768093263875025e-05
integrated_response,24,government_trust,0.3176750813051662,0.31802340787783084,0.3183717344504955,0.31802340787783084,0.0004354082158308237
integrated_response,24,economic_confidence,0.3126651487890865,0.3126889935757909,0.31271283836249525,0.3126889935757909,2.9805983380426504e-05
integrated_response,24,consumption_index,0.1586387010066475,0.158654010859603,0.1586693207125585,0.158654010859603,1.9137316194364762e-05
integrated_response,24,employment_rate,0.9237183691156319,0.9237825733883915,0.9238467776611513,0.9237825733883915,8.025534094963094e-05
integrated_response,24,congestion_index,0.7650212403601597,0.7658986564124256,0.7667760724646915,0.7658986564124256,0.0010967700653323753
integrated_response,24,health_system_load,1.1564745278187945,1.1565016048428007,1.1565286818668072,1.1565016048428007,3.384628000790979e-05
integrated_response,24,rumor_belief,0.002098924589897999,0.002131757623065349,0.0021645906562326993,0.002131757623065349,4.104129145918764e-05
integrated_response,24,stress,0.46173275296536004,0.46178796055343563,0.4618431681415113,0.46178796055343563,6.900948509450111e-05
integrated_response,24,commute_minutes,24.58748948895835,24.59232815459046,24.597166820222572,24.59232815459046,0.0060483320401374385
integrated_response,24,organization_vitality,0.8837556256620289,0.8838455230872928,0.8839354205125568,0.8838455230872928,0.0001123717815799119
integrated_response,24,public_service_reliability,0.8223346147010555,0.8223758665771708,0.8224171184532859,0.8223758665771708,5.156484514395876e-05
integrated_response,24,policy_cost_100m_cny,55.01965811965814,55.01965811965814,55.01965811965814,55.01965811965814,0.0
integrated_response,25,life_satisfaction,0.03998833504422139,0.04005666687298022,0.04012499870173905,0.04005666687298022,8.541478594853436e-05
integrated_response,25,government_trust,0.30607654742313767,0.3064045645785548,0.306732581733972,0.3064045645785548,0.00041002144427146336
integrated_response,25,economic_confidence,0.31078428312787026,0.3108069461181128,0.3108296091083554,0.3108069461181128,2.8328737803173798e-05
integrated_response,25,consumption_index,0.15759646151885015,0.15760588761994324,0.15761531372103632,0.15760588761994324,1.1782626366363402e-05
integrated_response,25,employment_rate,0.9239094889394701,0.9239748254585067,0.9240401619775434,0.9239748254585067,8.167064879577302e-05
integrated_response,25,congestion_index,0.7647995691160049,0.7656525792499822,0.7665055893839596,0.7656525792499822,0.001066262667471729
integrated_response,25,health_system_load,1.1048818496520005,1.1048994676451027,1.1049170856382051,1.1048994676451027,2.2022491377726716e-05
integrated_response,25,rumor_belief,0.0016637659127850502,0.0016897824506444913,0.0017157989885039325,0.0016897824506444913,3.252067232430145e-05
integrated_response,25,stress,0.45259299490217375,0.4526455298761136,0.4526980648500535,0.4526455298761136,6.566871742480496e-05
integrated_response,25,commute_minutes,24.652371572407848,24.658068624033568,24.663765675659285,24.658068624033568,0.0071213145321475935
integrated_response,25,organization_vitality,0.8899396631223073,0.8900241667020554,0.8901086702818035,0.8900241667020554,0.00010562947468512052
integrated_response,25,public_service_reliability,0.8223916576321698,0.8224317144897447,0.8224717713473196,0.8224317144897447,5.007107196863814e-05
integrated_response,25,policy_cost_100m_cny,57.31638176638179,57.31638176638179,57.31638176638179,57.31638176638179,0.0
integrated_response,26,life_satisfaction,0.03814114335803128,0.03820271956422133,0.03826429577041139,0.03820271956422133,7.697025773756652e-05
integrated_response,26,government_trust,0.2962248864394039,0.29653373349375245,0.296842580548101,0.29653373349375245,0.0003860588179356861
integrated_response,26,economic_confidence,0.30907455729983874,0.3090937750965161,0.30911299289319344,0.3090937750965161,2.4022245846688772e-05
integrated_response,26,consumption_index,0.1460263430282352,0.14602836952331347,0.14603039601839174,0.14602836952331347,2.5331188478472377e-06
integrated_response,26,employment_rate,0.924098157997034,0.9241610365946087,0.9242239151921834,0.9241610365946087,7.859824696831996e-05
integrated_response,26,congestion_index,0.7645681441448188,0.7653946714555319,0.766221198766245,0.7653946714555319,0.0010331591383914152
integrated_response,26,health_system_load,1.059441747251135,1.0594520488137595,1.0594623503763843,1.0594520488137595,1.2876953280671621e-05
integrated_response,26,rumor_belief,0.001318976044693108,0.0013395942311990928,0.0013602124177050775,0.0013395942311990928,2.5772733132480908e-05
integrated_response,26,stress,0.4513991682888506,0.45144872262180136,0.45149827695475214,0.45144872262180136,6.194291618841219e-05
integrated_response,26,commute_minutes,24.65058894791662,24.656098448409434,24.661607948902248,24.656098448409434,0.006886875616014976
integrated_response,26,organization_vitality,0.8957526583349689,0.895832091699932,0.8959115250648952,0.895832091699932,9.929170620398553e-05
integrated_response,26,public_service_reliability,0.8224514507986265,0.822490307533132,0.8225291642676377,0.822490307533132,4.8570918131984886e-05
integrated_response,26,policy_cost_100m_cny,58.71310541310543,58.71310541310543,58.71310541310543,58.71310541310543,0.0
integrated_response,27,life_satisfaction,0.03675387577205778,0.036809686692665905,0.036865497613274026,0.036809686692665905,6.976365076015803e-05
integrated_response,27,government_trust,0.2878837502392366,0.28817457464482255,0.28846539905040847,0.28817457464482255,0.0003635305069824013
integrated_response,27,economic_confidence,0.3075189131059888,0.3075400965999625,0.30756128009393624,0.3075400965999625,2.6479367467163728e-05
integrated_response,27,consumption_index,0.1370404649385787,0.13704194559239669,0.1370434262462147,0.13704194559239669,1.8508172725112404e-06
integrated_response,27,employment_rate,0.9243021735943804,0.9243823290557991,0.9244624845172178,0.9243823290557991,0.00010019432677332851
integrated_response,27,congestion_index,0.7643581858393806,0.7651789569401952,0.7659997280410098,0.7651789569401952,0.0010259638760181655
integrated_response,27,health_system_load,1.0193936221611077,1.0193982540018167,1.0194028858425255,1.0193982540018167,5.789800886168983e-06
integrated_response,27,rumor_belief,0.0010457983920152665,0.0010621412576697397,0.0010784841233242126,0.0010621412576697397,2.0428582068091387e-05
integrated_response,27,stress,0.450318730645196,0.4503646175313847,0.45041050441757335,0.4503646175313847,5.735860773586898e-05
integrated_response,27,commute_minutes,24.648956055078543,24.65442746053593,24.65989886599332,24.65442746053593,0.006839256821734807
integrated_response,27,organization_vitality,0.9012168738348707,0.9012915411979361,0.9013662085610015,0.9012915411979361,9.333420383172975e-05
integrated_response,27,public_service_reliability,0.8225134588176326,0.8225511152391498,0.822588771660667,0.8225511152391498,4.7070526896564324e-05
integrated_response,27,policy_cost_100m_cny,60.109829059829075,60.109829059829075,60.109829059829075,60.109829059829075,0.0
integrated_response,28,life_satisfaction,0.03575898321946607,0.035809292694001585,0.035859602168537105,0.035809292694001585,6.2886843169397e-05
integrated_response,28,government_trust,0.28084767815120587,0.2811215460607441,0.2813954139702823,0.2811215460607441,0.00034233488692275715
integrated_response,28,economic_confidence,0.30610086555647353,0.306122315740218,0.3061437659239624,0.306122315740218,2.6812729680580905e-05
integrated_response,28,consumption_index,0.13028977897911267,0.1302950513770794,0.1303003237750461,0.1302950513770794,6.590497458408562e-06
integrated_response,28,employment_rate,0.9245771226101991,0.9246683460855647,0.9247595695609303,0.9246683460855647,0.00011402934420701172
integrated_response,28,congestion_index,0.7642098787383499,0.765023451873694,0.7658370250090383,0.765023451873694,0.0010169664191801986
integrated_response,28,health_system_load,0.9840726981952617,0.9840729246344819,0.9840731510737023,0.9840729246344819,2.83049025384674e-07
integrated_response,28,rumor_belief,0.0008293522232393836,0.0008423089198679428,0.000855265616496502,0.0008423089198679428,1.6195870785699017e-05
integrated_response,28,stress,0.449338132484962,0.4493795376466236,0.44942094280828515,0.4493795376466236,5.175645207694535e-05
integrated_response,28,commute_minutes,24.64775599130643,24.653189853586113,24.658623715865797,24.653189853586113,0.006792327849606039
integrated_response,28,organization_vitality,0.9063532364047784,0.9064234237260598,0.9064936110473413,0.9064234237260598,8.773415160184816e-05
integrated_response,28,public_service_reliability,0.8225772006514831,0.8226136609133263,0.8226501211751696,0.8226136609133263,4.557532730403713e-05
integrated_response,28,policy_cost_100m_cny,61.50655270655272,61.50655270655272,61.50655270655272,61.50655270655272,0.0
integrated_response,29,life_satisfaction,0.03509311886010576,0.03513703517087921,0.035180951481652664,0.03513703517087921,5.489538846682046e-05
integrated_response,29,government_trust,0.27493796891872097,0.27519589293846636,0.27545381695821175,0.27519589293846636,0.0003224050246817267
integrated_response,29,economic_confidence,0.30479538846928794,0.30481753254102056,0.3048396766127532,0.30481753254102056,2.7680089665804708e-05
integrated_response,29,consumption_index,0.12531182590427933,0.1253193955748071,0.12532696524533485,0.1253193955748071,9.46208815968963e-06
integrated_response,29,employment_rate,0.9248175063899644,0.9248892491885714,0.9249609919871784,0.9248892491885714,8.9678498258694e-05
integrated_response,29,congestion_index,0.7640455307415163,0.7648262973957927,0.7656070640500692,0.7648262973957927,0.0009759583178455267
integrated_response,29,health_system_load,0.9528914110002247,0.952894619736486,0.9528978284727474,0.952894619736486,4.010920326646961e-06
integrated_response,29,rumor_belief,0.0006578407487727293,0.000668115182995956,0.0006783896172191827,0.000668115182995956,1.2843042779033366e-05
integrated_response,29,stress,0.4484502905874205,0.4484888259069477,0.44852736122647496,0.4484888259069477,4.81691494090275e-05
integrated_response,29,commute_minutes,24.646417615164136,24.651643928465425,24.65687024176672,24.651643928465425,0.006532891626614301
integrated_response,29,organization_vitality,0.9111814172204917,0.9112473933024963,0.9113133693845008,0.9112473933024963,8.247010250572728e-05
integrated_response,29,public_service_reliability,0.8226422450135278,0.8226775170917404,0.8227127891699532,0.8226775170917404,4.4090097765903113e-05
integrated_response,29,policy_cost_100m_cny,62.90327635327636,62.90327635327636,62.90327635327636,62.90327635327636,0.0
integrated_response,30,life_satisfaction,0.03470134372430789,0.03474287099991584,0.0347843982755238,0.03474287099991584,5.190909450994777e-05
integrated_response,30,government_trust,0.26999929548946533,0.2702422347416279,0.27048517399379046,0.2702422347416279,0.0003036740652032077
integrated_response,30,economic_confidence,0.3035865755674925,0.3036097359222585,0.30363289627702444,0.3036097359222585,2.8950443457465003e-05
integrated_response,30,consumption_index,0.12179381644327669,0.12180725608047911,0.12182069571768153,0.12180725608047911,1.679954650302129e-05
integrated_response,30,employment_rate,0.9250682507814125,0.925157098772744,0.9252459467640755,0.925157098772744,0.00011105998916427495
integrated_response,30,congestion_index,0.7639137553639821,0.764686029232581,0.7654583031011798,0.764686029232581,0.0009653423357485758
integrated_response,30,health_system_load,0.9253490592642224,0.9253549585130003,0.9253608577617783,0.9253549585130003,7.374060972453744e-06
integrated_response,30,rumor_belief,0.0005219171849926813,0.0005300665981435898,0.0005382160112944984,0.0005300665981435898,1.0186766438635621e-05
integrated_response,30,stress,0.4476450806940923,0.44768098412862123,0.4477168875631501,0.44768098412862123,4.4879293161131935e-05
integrated_response,30,commute_minutes,24.645317389730295,24.650498286917355,24.655679184104418,24.650498286917355,0.006476121483826702
integrated_response,30,organization_vitality,0.9157199071872621,0.9157819247043464,0.9158439422214307,0.9157819247043464,7.752189635540363e-05
integrated_response,30,public_service_reliability,0.8227082061297817,0.822742301349457,0.8227763965691325,0.822742301349457,4.261902459418154e-05
integrated_response,30,policy_cost_100m_cny,64.30000000000001,64.30000000000001,64.30000000000001,64.30000000000001,0.0
